finding_row_id	study_version	measurement_row_id	source_finding_id	finding_id	finding_site	evidence_packet_id
agent-rust-3465556709:new-direct-dependency:1	2	agent-rust-3465556709:new-direct-dependency	natural:agent-rust-3465556709:new-direct-dependency:1	crates:odbc-sys	"{""end_byte"": null, ""end_line"": null, ""owner"": null, ""path"": ""Cargo.toml"", ""start_byte"": null, ""start_line"": null}"	P00495
agent-rust-3356723010:shipped-escapes:1	2	agent-rust-3356723010:shipped-escapes	natural:agent-rust-3356723010:shipped-escapes:1	ed02d24bca4a7c0b	"{""end_byte"": null, ""end_line"": 334, ""owner"": null, ""path"": ""crates/kernel_cmdline/src/lib.rs"", ""start_byte"": null, ""start_line"": 334}"	P00232
agent-rust-3356723010:shipped-test-skip:1	2	agent-rust-3356723010:shipped-test-skip	natural:agent-rust-3356723010:shipped-test-skip:1	ed02d24bca4a7c0b	"{""end_byte"": null, ""end_line"": 334, ""owner"": null, ""path"": ""crates/kernel_cmdline/src/lib.rs"", ""start_byte"": null, ""start_line"": 334}"	P00066
agent-rust-3356723010:design-wrapper-bypass:1	2	agent-rust-3356723010:design-wrapper-bypass	natural:agent-rust-3356723010:design-wrapper-bypass:1	wrapper-bypass:crates/kernel_cmdline/src/lib.rs:87:find_all_starting_with_str calls p.key.0.starts_with directly; the base calls it only inside Cmdline.find_all_starting_with_str (crates/lib/src/kernel_cmdline.rs:80), which 2 call site(s) use	"{""end_byte"": null, ""end_line"": 87, ""owner"": null, ""path"": ""crates/kernel_cmdline/src/lib.rs"", ""start_byte"": null, ""start_line"": 87}"	P01573
agent-rust-3220390592:shipped-stubs:1	2	agent-rust-3220390592:shipped-stubs	natural:agent-rust-3220390592:shipped-stubs:1	ff72e7d66722d5cc	"{""end_byte"": null, ""end_line"": 89, ""owner"": null, ""path"": ""src/appstate/processor.rs"", ""start_byte"": null, ""start_line"": 89}"	P02149
agent-rust-3220390592:shipped-public-api:1	2	agent-rust-3220390592:shipped-public-api	natural:agent-rust-3220390592:shipped-public-api:1	b410c021a5ea6f71	"{""end_byte"": null, ""end_line"": 40, ""owner"": null, ""path"": ""whatsapp_rust (Cargo.toml)"", ""start_byte"": null, ""start_line"": 40}"	P00008
agent-rust-3407480007:shipped-public-api:1	2	agent-rust-3407480007:shipped-public-api	natural:agent-rust-3407480007:shipped-public-api:1	1c55189aa72286c3	"{""end_byte"": null, ""end_line"": 264, ""owner"": null, ""path"": ""slatedb (slatedb/Cargo.toml)"", ""start_byte"": null, ""start_line"": 264}"	P01427
agent-rust-3541394251:shipped-escapes:1	2	agent-rust-3541394251:shipped-escapes	natural:agent-rust-3541394251:shipped-escapes:1	aa56f67890457978	"{""end_byte"": null, ""end_line"": 306, ""owner"": null, ""path"": ""src/cmd/mod.rs"", ""start_byte"": null, ""start_line"": 306}"	P01319
agent-rust-3541394251:shipped-escapes:2	2	agent-rust-3541394251:shipped-escapes	natural:agent-rust-3541394251:shipped-escapes:2	87fd5e83cba92fc0	"{""end_byte"": null, ""end_line"": 499, ""owner"": null, ""path"": ""src/cmd/server.rs"", ""start_byte"": null, ""start_line"": 499}"	P00580
agent-rust-3541394251:shipped-escapes:3	2	agent-rust-3541394251:shipped-escapes	natural:agent-rust-3541394251:shipped-escapes:3	6678a12a968a7a6d	"{""end_byte"": null, ""end_line"": 505, ""owner"": null, ""path"": ""src/cmd/server.rs"", ""start_byte"": null, ""start_line"": 505}"	P00388
agent-rust-3541394251:shipped-test-skip:1	2	agent-rust-3541394251:shipped-test-skip	natural:agent-rust-3541394251:shipped-test-skip:1	aa56f67890457978	"{""end_byte"": null, ""end_line"": 306, ""owner"": null, ""path"": ""src/cmd/mod.rs"", ""start_byte"": null, ""start_line"": 306}"	P01113
agent-rust-3541394251:shipped-test-skip:2	2	agent-rust-3541394251:shipped-test-skip	natural:agent-rust-3541394251:shipped-test-skip:2	87fd5e83cba92fc0	"{""end_byte"": null, ""end_line"": 499, ""owner"": null, ""path"": ""src/cmd/server.rs"", ""start_byte"": null, ""start_line"": 499}"	P01106
agent-rust-3541394251:shipped-test-skip:3	2	agent-rust-3541394251:shipped-test-skip	natural:agent-rust-3541394251:shipped-test-skip:3	6678a12a968a7a6d	"{""end_byte"": null, ""end_line"": 505, ""owner"": null, ""path"": ""src/cmd/server.rs"", ""start_byte"": null, ""start_line"": 505}"	P00309
agent-rust-3541394251:design-wrapper-bypass:1	2	agent-rust-3541394251:design-wrapper-bypass	natural:agent-rust-3541394251:design-wrapper-bypass:1	wrapper-bypass:src/cmd/mod.rs:306:execute calls tokio::runtime::Runtime::new directly; the base calls it only inside execute (src/cmd/mcp.rs:387), which 25 call site(s) use	"{""end_byte"": null, ""end_line"": 306, ""owner"": null, ""path"": ""src/cmd/mod.rs"", ""start_byte"": null, ""start_line"": 306}"	P02065
agent-rust-3541394251:new-direct-dependency:1	2	agent-rust-3541394251:new-direct-dependency	natural:agent-rust-3541394251:new-direct-dependency:1	crates:axum	"{""end_byte"": null, ""end_line"": null, ""owner"": null, ""path"": ""Cargo.toml"", ""start_byte"": null, ""start_line"": null}"	P01859
agent-rust-3541394251:new-direct-dependency:2	2	agent-rust-3541394251:new-direct-dependency	natural:agent-rust-3541394251:new-direct-dependency:2	crates:tower	"{""end_byte"": null, ""end_line"": null, ""owner"": null, ""path"": ""Cargo.toml"", ""start_byte"": null, ""start_line"": null}"	P00643
agent-rust-3541394251:new-direct-dependency:3	2	agent-rust-3541394251:new-direct-dependency	natural:agent-rust-3541394251:new-direct-dependency:3	crates:tower-http	"{""end_byte"": null, ""end_line"": null, ""owner"": null, ""path"": ""Cargo.toml"", ""start_byte"": null, ""start_line"": null}"	P01259
agent-rust-3355917270:shipped-escapes:1	2	agent-rust-3355917270:shipped-escapes	natural:agent-rust-3355917270:shipped-escapes:1	d56b812e5845a081	"{""end_byte"": null, ""end_line"": 1, ""owner"": null, ""path"": ""crates/chain-state/benches/canonical_hashes_range.rs"", ""start_byte"": null, ""start_line"": 1}"	P00658
agent-rust-3355917270:shipped-escapes:2	2	agent-rust-3355917270:shipped-escapes	natural:agent-rust-3355917270:shipped-escapes:2	25516ce0247b6aa3	"{""end_byte"": null, ""end_line"": 28, ""owner"": null, ""path"": ""crates/chain-state/benches/canonical_hashes_range.rs"", ""start_byte"": null, ""start_line"": 28}"	P00386
agent-rust-3355917270:shipped-test-skip:1	2	agent-rust-3355917270:shipped-test-skip	natural:agent-rust-3355917270:shipped-test-skip:1	d56b812e5845a081	"{""end_byte"": null, ""end_line"": 1, ""owner"": null, ""path"": ""crates/chain-state/benches/canonical_hashes_range.rs"", ""start_byte"": null, ""start_line"": 1}"	P00924
agent-rust-3355917270:shipped-test-skip:2	2	agent-rust-3355917270:shipped-test-skip	natural:agent-rust-3355917270:shipped-test-skip:2	25516ce0247b6aa3	"{""end_byte"": null, ""end_line"": 28, ""owner"": null, ""path"": ""crates/chain-state/benches/canonical_hashes_range.rs"", ""start_byte"": null, ""start_line"": 28}"	P01770
agent-rust-3128356528:shipped-escapes:1	2	agent-rust-3128356528:shipped-escapes	natural:agent-rust-3128356528:shipped-escapes:1	0b1e653095b7fbd3	"{""end_byte"": null, ""end_line"": 2904, ""owner"": null, ""path"": ""src/sk.rs"", ""start_byte"": null, ""start_line"": 2904}"	P00496
agent-rust-3128356528:shipped-test-skip:1	2	agent-rust-3128356528:shipped-test-skip	natural:agent-rust-3128356528:shipped-test-skip:1	0b1e653095b7fbd3	"{""end_byte"": null, ""end_line"": 2904, ""owner"": null, ""path"": ""src/sk.rs"", ""start_byte"": null, ""start_line"": 2904}"	P01444
agent-rust-3187718516:shipped-escapes:1	2	agent-rust-3187718516:shipped-escapes	natural:agent-rust-3187718516:shipped-escapes:1	dbe4941ead836c8d	"{""end_byte"": null, ""end_line"": 1, ""owner"": null, ""path"": ""crates/core/src/generic_tree_sitter_parser.rs"", ""start_byte"": null, ""start_line"": 1}"	P01549
agent-rust-3187718516:shipped-escapes:2	2	agent-rust-3187718516:shipped-escapes	natural:agent-rust-3187718516:shipped-escapes:2	206cc2ce40da31fd	"{""end_byte"": null, ""end_line"": 7, ""owner"": null, ""path"": ""crates/similarity-generic/build.rs"", ""start_byte"": null, ""start_line"": 7}"	P00876
agent-rust-3187718516:shipped-escapes:3	2	agent-rust-3187718516:shipped-escapes	natural:agent-rust-3187718516:shipped-escapes:3	0938cf16928d8687	"{""end_byte"": null, ""end_line"": 25, ""owner"": null, ""path"": ""crates/similarity-generic/build.rs"", ""start_byte"": null, ""start_line"": 25}"	P02062
agent-rust-3187718516:shipped-escapes:4	2	agent-rust-3187718516:shipped-escapes	natural:agent-rust-3187718516:shipped-escapes:4	e67eaf78db108bfa	"{""end_byte"": null, ""end_line"": 26, ""owner"": null, ""path"": ""crates/similarity-generic/build.rs"", ""start_byte"": null, ""start_line"": 26}"	P00909
agent-rust-3187718516:shipped-escapes:5	2	agent-rust-3187718516:shipped-escapes	natural:agent-rust-3187718516:shipped-escapes:5	2a76d287c26a2bf2	"{""end_byte"": null, ""end_line"": 30, ""owner"": null, ""path"": ""crates/similarity-generic/build.rs"", ""start_byte"": null, ""start_line"": 30}"	P01579
agent-rust-3187718516:shipped-escapes:6	2	agent-rust-3187718516:shipped-escapes	natural:agent-rust-3187718516:shipped-escapes:6	0aff0619977d4066	"{""end_byte"": null, ""end_line"": 31, ""owner"": null, ""path"": ""crates/similarity-generic/build.rs"", ""start_byte"": null, ""start_line"": 31}"	P01913
agent-rust-3187718516:shipped-escapes:7	2	agent-rust-3187718516:shipped-escapes	natural:agent-rust-3187718516:shipped-escapes:7	3744497b4f196c6e	"{""end_byte"": null, ""end_line"": 48, ""owner"": null, ""path"": ""crates/similarity-generic/build.rs"", ""start_byte"": null, ""start_line"": 48}"	P01828
agent-rust-3187718516:shipped-escapes:8	2	agent-rust-3187718516:shipped-escapes	natural:agent-rust-3187718516:shipped-escapes:8	711b43777de0115f	"{""end_byte"": null, ""end_line"": 1, ""owner"": null, ""path"": ""crates/similarity-py/src/python_parser.rs"", ""start_byte"": null, ""start_line"": 1}"	P00776
agent-rust-3187718516:shipped-stubs:1	2	agent-rust-3187718516:shipped-stubs	natural:agent-rust-3187718516:shipped-stubs:1	2415ff685e686dc6	"{""end_byte"": null, ""end_line"": 342, ""owner"": null, ""path"": ""crates/core/src/generic_tree_sitter_parser.rs"", ""start_byte"": null, ""start_line"": 342}"	P02054
agent-rust-3187718516:shipped-test-skip:1	2	agent-rust-3187718516:shipped-test-skip	natural:agent-rust-3187718516:shipped-test-skip:1	dbe4941ead836c8d	"{""end_byte"": null, ""end_line"": 1, ""owner"": null, ""path"": ""crates/core/src/generic_tree_sitter_parser.rs"", ""start_byte"": null, ""start_line"": 1}"	P01046
agent-rust-3187718516:shipped-test-skip:2	2	agent-rust-3187718516:shipped-test-skip	natural:agent-rust-3187718516:shipped-test-skip:2	206cc2ce40da31fd	"{""end_byte"": null, ""end_line"": 7, ""owner"": null, ""path"": ""crates/similarity-generic/build.rs"", ""start_byte"": null, ""start_line"": 7}"	P00200
agent-rust-3187718516:shipped-test-skip:3	2	agent-rust-3187718516:shipped-test-skip	natural:agent-rust-3187718516:shipped-test-skip:3	0938cf16928d8687	"{""end_byte"": null, ""end_line"": 25, ""owner"": null, ""path"": ""crates/similarity-generic/build.rs"", ""start_byte"": null, ""start_line"": 25}"	P00761
agent-rust-3187718516:shipped-test-skip:4	2	agent-rust-3187718516:shipped-test-skip	natural:agent-rust-3187718516:shipped-test-skip:4	e67eaf78db108bfa	"{""end_byte"": null, ""end_line"": 26, ""owner"": null, ""path"": ""crates/similarity-generic/build.rs"", ""start_byte"": null, ""start_line"": 26}"	P01650
agent-rust-3187718516:shipped-test-skip:5	2	agent-rust-3187718516:shipped-test-skip	natural:agent-rust-3187718516:shipped-test-skip:5	2a76d287c26a2bf2	"{""end_byte"": null, ""end_line"": 30, ""owner"": null, ""path"": ""crates/similarity-generic/build.rs"", ""start_byte"": null, ""start_line"": 30}"	P00158
agent-rust-3187718516:shipped-test-skip:6	2	agent-rust-3187718516:shipped-test-skip	natural:agent-rust-3187718516:shipped-test-skip:6	0aff0619977d4066	"{""end_byte"": null, ""end_line"": 31, ""owner"": null, ""path"": ""crates/similarity-generic/build.rs"", ""start_byte"": null, ""start_line"": 31}"	P00029
agent-rust-3187718516:shipped-test-skip:7	2	agent-rust-3187718516:shipped-test-skip	natural:agent-rust-3187718516:shipped-test-skip:7	3744497b4f196c6e	"{""end_byte"": null, ""end_line"": 48, ""owner"": null, ""path"": ""crates/similarity-generic/build.rs"", ""start_byte"": null, ""start_line"": 48}"	P01492
agent-rust-3187718516:shipped-test-skip:8	2	agent-rust-3187718516:shipped-test-skip	natural:agent-rust-3187718516:shipped-test-skip:8	711b43777de0115f	"{""end_byte"": null, ""end_line"": 1, ""owner"": null, ""path"": ""crates/similarity-py/src/python_parser.rs"", ""start_byte"": null, ""start_line"": 1}"	P00050
agent-rust-3187718516:shipped-lockfile:1	2	agent-rust-3187718516:shipped-lockfile	natural:agent-rust-3187718516:shipped-lockfile:1	d751f47dc7d692cb	"{""end_byte"": null, ""end_line"": 0, ""owner"": null, ""path"": ""Cargo.toml"", ""start_byte"": null, ""start_line"": 0}"	P00086
agent-rust-3187718516:shipped-public-api:1	2	agent-rust-3187718516:shipped-public-api	natural:agent-rust-3187718516:shipped-public-api:1	36d27a8cee0b41cf	"{""end_byte"": null, ""end_line"": 7, ""owner"": null, ""path"": ""similarity_core (crates/core/Cargo.toml)"", ""start_byte"": null, ""start_line"": 7}"	P02147
agent-rust-3187718516:shipped-public-api:2	2	agent-rust-3187718516:shipped-public-api	natural:agent-rust-3187718516:shipped-public-api:2	3d0ada983c95504e	"{""end_byte"": null, ""end_line"": 81, ""owner"": null, ""path"": ""similarity_core (crates/core/Cargo.toml)"", ""start_byte"": null, ""start_line"": 81}"	P00677
agent-rust-3187718516:shipped-public-api:3	2	agent-rust-3187718516:shipped-public-api	natural:agent-rust-3187718516:shipped-public-api:3	1a594123182c66fd	"{""end_byte"": null, ""end_line"": 16, ""owner"": null, ""path"": ""similarity_py (crates/similarity-py/Cargo.toml)"", ""start_byte"": null, ""start_line"": 16}"	P01613
agent-rust-3187718516:shipped-public-api:4	2	agent-rust-3187718516:shipped-public-api	natural:agent-rust-3187718516:shipped-public-api:4	9f2c765de9e9f2dd	"{""end_byte"": null, ""end_line"": 14, ""owner"": null, ""path"": ""similarity_rs (crates/similarity-rs/Cargo.toml)"", ""start_byte"": null, ""start_line"": 14}"	P01655
agent-rust-3187718516:shipped-public-api:5	2	agent-rust-3187718516:shipped-public-api	natural:agent-rust-3187718516:shipped-public-api:5	3ff82a89c53d9da4	"{""end_byte"": null, ""end_line"": 102, ""owner"": null, ""path"": ""similarity_rs (crates/similarity-rs/Cargo.toml)"", ""start_byte"": null, ""start_line"": 102}"	P01807
agent-rust-3187718516:test-new-unchecked:1	2	agent-rust-3187718516:test-new-unchecked	natural:agent-rust-3187718516:test-new-unchecked:1	new-test-unchecked:none:crates/similarity-generic/tests/multi_language_test.rs:13	"{""end_byte"": null, ""end_line"": 13, ""owner"": null, ""path"": ""crates/similarity-generic/tests/multi_language_test.rs"", ""start_byte"": null, ""start_line"": 13}"	P01825
agent-rust-3187718516:test-new-unchecked:2	2	agent-rust-3187718516:test-new-unchecked	natural:agent-rust-3187718516:test-new-unchecked:2	new-test-unchecked:none:crates/similarity-generic/tests/multi_language_test.rs:38	"{""end_byte"": null, ""end_line"": 38, ""owner"": null, ""path"": ""crates/similarity-generic/tests/multi_language_test.rs"", ""start_byte"": null, ""start_line"": 38}"	P01033
agent-rust-3187718516:test-new-unchecked:3	2	agent-rust-3187718516:test-new-unchecked	natural:agent-rust-3187718516:test-new-unchecked:3	new-test-unchecked:none:crates/similarity-generic/tests/multi_language_test.rs:63	"{""end_byte"": null, ""end_line"": 63, ""owner"": null, ""path"": ""crates/similarity-generic/tests/multi_language_test.rs"", ""start_byte"": null, ""start_line"": 63}"	P00899
agent-rust-3187718516:test-new-unchecked:4	2	agent-rust-3187718516:test-new-unchecked	natural:agent-rust-3187718516:test-new-unchecked:4	new-test-unchecked:none:crates/similarity-generic/tests/multi_language_test.rs:86	"{""end_byte"": null, ""end_line"": 86, ""owner"": null, ""path"": ""crates/similarity-generic/tests/multi_language_test.rs"", ""start_byte"": null, ""start_line"": 86}"	P00872
agent-rust-3187718516:test-new-unchecked:5	2	agent-rust-3187718516:test-new-unchecked	natural:agent-rust-3187718516:test-new-unchecked:5	new-test-unchecked:none:crates/similarity-generic/tests/multi_language_test.rs:112	"{""end_byte"": null, ""end_line"": 112, ""owner"": null, ""path"": ""crates/similarity-generic/tests/multi_language_test.rs"", ""start_byte"": null, ""start_line"": 112}"	P01544
agent-rust-3187718516:test-new-unchecked:6	2	agent-rust-3187718516:test-new-unchecked	natural:agent-rust-3187718516:test-new-unchecked:6	new-test-unchecked:none:crates/similarity-generic/tests/multi_language_test.rs:137	"{""end_byte"": null, ""end_line"": 137, ""owner"": null, ""path"": ""crates/similarity-generic/tests/multi_language_test.rs"", ""start_byte"": null, ""start_line"": 137}"	P00850
agent-rust-3187718516:test-new-unchecked:7	2	agent-rust-3187718516:test-new-unchecked	natural:agent-rust-3187718516:test-new-unchecked:7	new-test-unchecked:none:crates/similarity-generic/tests/multi_language_test.rs:164	"{""end_byte"": null, ""end_line"": 164, ""owner"": null, ""path"": ""crates/similarity-generic/tests/multi_language_test.rs"", ""start_byte"": null, ""start_line"": 164}"	P01759
agent-rust-3187718516:test-new-unchecked:8	2	agent-rust-3187718516:test-new-unchecked	natural:agent-rust-3187718516:test-new-unchecked:8	new-test-unchecked:none:crates/similarity-generic/tests/multi_language_test.rs:199	"{""end_byte"": null, ""end_line"": 199, ""owner"": null, ""path"": ""crates/similarity-generic/tests/multi_language_test.rs"", ""start_byte"": null, ""start_line"": 199}"	P00737
agent-rust-3187718516:test-new-unchecked:9	2	agent-rust-3187718516:test-new-unchecked	natural:agent-rust-3187718516:test-new-unchecked:9	new-test-unchecked:none:crates/similarity-generic/tests/multi_language_test.rs:225	"{""end_byte"": null, ""end_line"": 225, ""owner"": null, ""path"": ""crates/similarity-generic/tests/multi_language_test.rs"", ""start_byte"": null, ""start_line"": 225}"	P00919
agent-rust-3187718516:test-new-unchecked:10	2	agent-rust-3187718516:test-new-unchecked	natural:agent-rust-3187718516:test-new-unchecked:10	new-test-unchecked:none:crates/similarity-generic/tests/multi_language_test.rs:270	"{""end_byte"": null, ""end_line"": 270, ""owner"": null, ""path"": ""crates/similarity-generic/tests/multi_language_test.rs"", ""start_byte"": null, ""start_line"": 270}"	P02071
agent-rust-3187718516:test-new-unchecked:11	2	agent-rust-3187718516:test-new-unchecked	natural:agent-rust-3187718516:test-new-unchecked:11	new-test-unchecked:none:crates/similarity-generic/tests/multi_language_test.rs:302	"{""end_byte"": null, ""end_line"": 302, ""owner"": null, ""path"": ""crates/similarity-generic/tests/multi_language_test.rs"", ""start_byte"": null, ""start_line"": 302}"	P00322
agent-rust-3187718516:test-new-unchecked:12	2	agent-rust-3187718516:test-new-unchecked	natural:agent-rust-3187718516:test-new-unchecked:12	new-test-unchecked:none:crates/similarity-generic/tests/multi_language_test.rs:313	"{""end_byte"": null, ""end_line"": 313, ""owner"": null, ""path"": ""crates/similarity-generic/tests/multi_language_test.rs"", ""start_byte"": null, ""start_line"": 313}"	P02045
agent-rust-3187718516:test-new-unchecked:13	2	agent-rust-3187718516:test-new-unchecked	natural:agent-rust-3187718516:test-new-unchecked:13	new-test-unchecked:none:crates/similarity-generic/tests/multi_language_test.rs:331	"{""end_byte"": null, ""end_line"": 331, ""owner"": null, ""path"": ""crates/similarity-generic/tests/multi_language_test.rs"", ""start_byte"": null, ""start_line"": 331}"	P01346
agent-rust-3187718516:test-new-unchecked:14	2	agent-rust-3187718516:test-new-unchecked	natural:agent-rust-3187718516:test-new-unchecked:14	new-test-unchecked:none:crates/similarity-generic/tests/multi_language_test.rs:343	"{""end_byte"": null, ""end_line"": 343, ""owner"": null, ""path"": ""crates/similarity-generic/tests/multi_language_test.rs"", ""start_byte"": null, ""start_line"": 343}"	P01977
agent-rust-3187718516:new-direct-dependency:1	2	agent-rust-3187718516:new-direct-dependency	natural:agent-rust-3187718516:new-direct-dependency:1	crates:once_cell	"{""end_byte"": null, ""end_line"": null, ""owner"": null, ""path"": ""crates/similarity-generic/Cargo.toml"", ""start_byte"": null, ""start_line"": null}"	P00968
agent-rust-3187718516:new-direct-dependency:2	2	agent-rust-3187718516:new-direct-dependency	natural:agent-rust-3187718516:new-direct-dependency:2	crates:serde	"{""end_byte"": null, ""end_line"": null, ""owner"": null, ""path"": ""crates/core/Cargo.toml"", ""start_byte"": null, ""start_line"": null}"	P00864
agent-rust-3187718516:new-direct-dependency:3	2	agent-rust-3187718516:new-direct-dependency	natural:agent-rust-3187718516:new-direct-dependency:3	crates:serde_json	"{""end_byte"": null, ""end_line"": null, ""owner"": null, ""path"": ""crates/core/Cargo.toml"", ""start_byte"": null, ""start_line"": null}"	P00912
agent-rust-3187718516:new-direct-dependency:4	2	agent-rust-3187718516:new-direct-dependency	natural:agent-rust-3187718516:new-direct-dependency:4	crates:tree-sitter-c	"{""end_byte"": null, ""end_line"": null, ""owner"": null, ""path"": ""Cargo.toml"", ""start_byte"": null, ""start_line"": null}"	P01627
agent-rust-3187718516:new-direct-dependency:5	2	agent-rust-3187718516:new-direct-dependency	natural:agent-rust-3187718516:new-direct-dependency:5	crates:tree-sitter-c-sharp	"{""end_byte"": null, ""end_line"": null, ""owner"": null, ""path"": ""Cargo.toml"", ""start_byte"": null, ""start_line"": null}"	P00795
agent-rust-3187718516:new-direct-dependency:6	2	agent-rust-3187718516:new-direct-dependency	natural:agent-rust-3187718516:new-direct-dependency:6	crates:tree-sitter-cpp	"{""end_byte"": null, ""end_line"": null, ""owner"": null, ""path"": ""Cargo.toml"", ""start_byte"": null, ""start_line"": null}"	P01155
agent-rust-3187718516:new-direct-dependency:7	2	agent-rust-3187718516:new-direct-dependency	natural:agent-rust-3187718516:new-direct-dependency:7	crates:tree-sitter-go	"{""end_byte"": null, ""end_line"": null, ""owner"": null, ""path"": ""Cargo.toml"", ""start_byte"": null, ""start_line"": null}"	P00390
agent-rust-3187718516:new-direct-dependency:8	2	agent-rust-3187718516:new-direct-dependency	natural:agent-rust-3187718516:new-direct-dependency:8	crates:tree-sitter-java	"{""end_byte"": null, ""end_line"": null, ""owner"": null, ""path"": ""Cargo.toml"", ""start_byte"": null, ""start_line"": null}"	P02035
agent-rust-3187718516:new-direct-dependency:9	2	agent-rust-3187718516:new-direct-dependency	natural:agent-rust-3187718516:new-direct-dependency:9	crates:tree-sitter-php	"{""end_byte"": null, ""end_line"": null, ""owner"": null, ""path"": ""Cargo.toml"", ""start_byte"": null, ""start_line"": null}"	P00577
agent-rust-3187718516:new-direct-dependency:10	2	agent-rust-3187718516:new-direct-dependency	natural:agent-rust-3187718516:new-direct-dependency:10	crates:tree-sitter-ruby	"{""end_byte"": null, ""end_line"": null, ""owner"": null, ""path"": ""Cargo.toml"", ""start_byte"": null, ""start_line"": null}"	P01102
agent-rust-3465103781:shipped-module-cycle:1	2	agent-rust-3465103781:shipped-module-cycle	natural:agent-rust-3465103781:shipped-module-cycle:1	e1c2f28deac5de95	"{""end_byte"": null, ""end_line"": 6, ""owner"": null, ""path"": ""src/modules/command/cmd.rs"", ""start_byte"": null, ""start_line"": 6}"	P01916
agent-rust-3465103781:shipped-module-cycle:2	2	agent-rust-3465103781:shipped-module-cycle	natural:agent-rust-3465103781:shipped-module-cycle:2	423b972517c17cb2	"{""end_byte"": null, ""end_line"": 2, ""owner"": null, ""path"": ""src/modules/condition/then.rs"", ""start_byte"": null, ""start_line"": 2}"	P01921
agent-rust-3465103781:shipped-module-cycle:3	2	agent-rust-3465103781:shipped-module-cycle	natural:agent-rust-3465103781:shipped-module-cycle:3	8b14edcfaa759968	"{""end_byte"": null, ""end_line"": 3, ""owner"": null, ""path"": ""src/modules/condition/then.rs"", ""start_byte"": null, ""start_line"": 3}"	P02032
agent-rust-3465103781:shipped-module-cycle:4	2	agent-rust-3465103781:shipped-module-cycle	natural:agent-rust-3465103781:shipped-module-cycle:4	b91a41e1d611603c	"{""end_byte"": null, ""end_line"": 4, ""owner"": null, ""path"": ""src/modules/condition/then.rs"", ""start_byte"": null, ""start_line"": 4}"	P01402
agent-rust-3465103781:shipped-module-cycle:5	2	agent-rust-3465103781:shipped-module-cycle	natural:agent-rust-3465103781:shipped-module-cycle:5	2eafd497f2eb8c68	"{""end_byte"": null, ""end_line"": 5, ""owner"": null, ""path"": ""src/modules/condition/then.rs"", ""start_byte"": null, ""start_line"": 5}"	P02053
agent-rust-3465103781:shipped-module-cycle:6	2	agent-rust-3465103781:shipped-module-cycle	natural:agent-rust-3465103781:shipped-module-cycle:6	22c8099041f0ce86	"{""end_byte"": null, ""end_line"": 6, ""owner"": null, ""path"": ""src/modules/condition/then.rs"", ""start_byte"": null, ""start_line"": 6}"	P01435
agent-rust-3465103781:shipped-module-cycle:7	2	agent-rust-3465103781:shipped-module-cycle	natural:agent-rust-3465103781:shipped-module-cycle:7	c6d5ec78a3993569	"{""end_byte"": null, ""end_line"": 4, ""owner"": null, ""path"": ""src/modules/function/invocation.rs"", ""start_byte"": null, ""start_line"": 4}"	P00602
agent-rust-3465103781:shipped-module-cycle:8	2	agent-rust-3465103781:shipped-module-cycle	natural:agent-rust-3465103781:shipped-module-cycle:8	7c54bcc506c52844	"{""end_byte"": null, ""end_line"": 11, ""owner"": null, ""path"": ""src/modules/function/invocation.rs"", ""start_byte"": null, ""start_line"": 11}"	P00320
agent-rust-3465103781:design-registration-bypass:1	2	agent-rust-3465103781:design-registration-bypass	natural:agent-rust-3465103781:design-registration-bypass:1	registration-bypass:src/modules/command/cmd.rs:52:Then implements SyntaxModule, but no registration lists it; src/modules/builtin/len.rs:41 lists 2 other members (Array, Text); src/modules/command/cmd.rs:52 uses Then directly	"{""end_byte"": null, ""end_line"": 52, ""owner"": null, ""path"": ""src/modules/command/cmd.rs"", ""start_byte"": null, ""start_line"": 52}"	P00554
agent-rust-3465103781:design-registration-bypass:2	2	agent-rust-3465103781:design-registration-bypass	natural:agent-rust-3465103781:design-registration-bypass:2	registration-bypass:src/modules/command/cmd.rs:52:Then implements TranslateModule, but no registration lists it; src/modules/builtin/len.rs:41 lists 2 other members (Array, Text); src/modules/command/cmd.rs:52 uses Then directly	"{""end_byte"": null, ""end_line"": 52, ""owner"": null, ""path"": ""src/modules/command/cmd.rs"", ""start_byte"": null, ""start_line"": 52}"	P01690
agent-rust-3465103781:design-registration-bypass:3	2	agent-rust-3465103781:design-registration-bypass	natural:agent-rust-3465103781:design-registration-bypass:3	"registration-bypass:src/modules/function/invocation.rs:146:FunctionInvocation.parse dispatches DocumentationModule through `get_type` (src/modules/variable/get.rs:19, 2 members); the new branch on ""("" handles one case outside it"	"{""end_byte"": null, ""end_line"": 146, ""owner"": null, ""path"": ""src/modules/function/invocation.rs"", ""start_byte"": null, ""start_line"": 146}"	P00299
agent-rust-3465103781:design-registration-bypass:4	2	agent-rust-3465103781:design-registration-bypass	natural:agent-rust-3465103781:design-registration-bypass:4	"registration-bypass:src/modules/function/invocation.rs:146:FunctionInvocation.parse dispatches SyntaxModule through `get_type` (src/modules/variable/get.rs:19, 2 members); the new branch on ""("" handles one case outside it"	"{""end_byte"": null, ""end_line"": 146, ""owner"": null, ""path"": ""src/modules/function/invocation.rs"", ""start_byte"": null, ""start_line"": 146}"	P00219
agent-rust-3465103781:design-registration-bypass:5	2	agent-rust-3465103781:design-registration-bypass	natural:agent-rust-3465103781:design-registration-bypass:5	"registration-bypass:src/modules/function/invocation.rs:146:FunctionInvocation.parse dispatches TranslateModule through `get_type` (src/modules/variable/get.rs:19, 2 members); the new branch on ""("" handles one case outside it"	"{""end_byte"": null, ""end_line"": 146, ""owner"": null, ""path"": ""src/modules/function/invocation.rs"", ""start_byte"": null, ""start_line"": 146}"	P01963
agent-rust-3465103781:design-registration-bypass:6	2	agent-rust-3465103781:design-registration-bypass	natural:agent-rust-3465103781:design-registration-bypass:6	"registration-bypass:src/modules/function/invocation.rs:146:FunctionInvocation.parse dispatches Typed through `get_type` (src/modules/variable/get.rs:19, 2 members); the new branch on ""("" handles one case outside it"	"{""end_byte"": null, ""end_line"": 146, ""owner"": null, ""path"": ""src/modules/function/invocation.rs"", ""start_byte"": null, ""start_line"": 146}"	P00827
agent-rust-3303211080:shipped-escapes:1	2	agent-rust-3303211080:shipped-escapes	natural:agent-rust-3303211080:shipped-escapes:1	5f55d758c2fbc582	"{""end_byte"": null, ""end_line"": 238, ""owner"": null, ""path"": ""trae-agent-rs/src/main.rs"", ""start_byte"": null, ""start_line"": 238}"	P01516
agent-rust-3303211080:shipped-test-skip:1	2	agent-rust-3303211080:shipped-test-skip	natural:agent-rust-3303211080:shipped-test-skip:1	5f55d758c2fbc582	"{""end_byte"": null, ""end_line"": 238, ""owner"": null, ""path"": ""trae-agent-rs/src/main.rs"", ""start_byte"": null, ""start_line"": 238}"	P01432
agent-rust-3303211080:new-direct-dependency:1	2	agent-rust-3303211080:new-direct-dependency	natural:agent-rust-3303211080:new-direct-dependency:1	crates:anyhow	"{""end_byte"": null, ""end_line"": null, ""owner"": null, ""path"": ""trae-agent-rs/Cargo.toml"", ""start_byte"": null, ""start_line"": null}"	P00685
agent-rust-3303211080:new-direct-dependency:2	2	agent-rust-3303211080:new-direct-dependency	natural:agent-rust-3303211080:new-direct-dependency:2	crates:clap	"{""end_byte"": null, ""end_line"": null, ""owner"": null, ""path"": ""trae-agent-rs/Cargo.toml"", ""start_byte"": null, ""start_line"": null}"	P00461
agent-rust-3303211080:new-direct-dependency:3	2	agent-rust-3303211080:new-direct-dependency	natural:agent-rust-3303211080:new-direct-dependency:3	crates:serde	"{""end_byte"": null, ""end_line"": null, ""owner"": null, ""path"": ""trae-agent-rs/Cargo.toml"", ""start_byte"": null, ""start_line"": null}"	P01546
agent-rust-3303211080:new-direct-dependency:4	2	agent-rust-3303211080:new-direct-dependency	natural:agent-rust-3303211080:new-direct-dependency:4	crates:serde_json	"{""end_byte"": null, ""end_line"": null, ""owner"": null, ""path"": ""trae-agent-rs/Cargo.toml"", ""start_byte"": null, ""start_line"": null}"	P00571
agent-rust-3303211080:new-direct-dependency:5	2	agent-rust-3303211080:new-direct-dependency	natural:agent-rust-3303211080:new-direct-dependency:5	crates:serde_yaml	"{""end_byte"": null, ""end_line"": null, ""owner"": null, ""path"": ""trae-agent-rs/Cargo.toml"", ""start_byte"": null, ""start_line"": null}"	P00724
agent-rust-3303211080:new-direct-dependency:6	2	agent-rust-3303211080:new-direct-dependency	natural:agent-rust-3303211080:new-direct-dependency:6	crates:tracing	"{""end_byte"": null, ""end_line"": null, ""owner"": null, ""path"": ""trae-agent-rs/Cargo.toml"", ""start_byte"": null, ""start_line"": null}"	P00159
agent-rust-3303211080:new-direct-dependency:7	2	agent-rust-3303211080:new-direct-dependency	natural:agent-rust-3303211080:new-direct-dependency:7	crates:tracing-subscriber	"{""end_byte"": null, ""end_line"": null, ""owner"": null, ""path"": ""trae-agent-rs/Cargo.toml"", ""start_byte"": null, ""start_line"": null}"	P02104
agent-rust-3534175512:shipped-dead-symbols:1	2	agent-rust-3534175512:shipped-dead-symbols	natural:agent-rust-3534175512:shipped-dead-symbols:1	73201c9be689ef08	"{""end_byte"": null, ""end_line"": 420, ""owner"": null, ""path"": ""src/duration/python.rs"", ""start_byte"": null, ""start_line"": 420}"	P00189
agent-rust-3534175512:shipped-dead-symbols:2	2	agent-rust-3534175512:shipped-dead-symbols	natural:agent-rust-3534175512:shipped-dead-symbols:2	0abf5021b54d7562	"{""end_byte"": null, ""end_line"": 428, ""owner"": null, ""path"": ""src/duration/python.rs"", ""start_byte"": null, ""start_line"": 428}"	P01856
agent-rust-3534175512:shipped-dead-symbols:3	2	agent-rust-3534175512:shipped-dead-symbols	natural:agent-rust-3534175512:shipped-dead-symbols:3	2c874310c9eb2c4c	"{""end_byte"": null, ""end_line"": 436, ""owner"": null, ""path"": ""src/duration/python.rs"", ""start_byte"": null, ""start_line"": 436}"	P01181
agent-rust-3534175512:shipped-dead-symbols:4	2	agent-rust-3534175512:shipped-dead-symbols	natural:agent-rust-3534175512:shipped-dead-symbols:4	fa7e6d8bfe2fd544	"{""end_byte"": null, ""end_line"": 444, ""owner"": null, ""path"": ""src/duration/python.rs"", ""start_byte"": null, ""start_line"": 444}"	P00553
agent-rust-3534175512:shipped-dead-symbols:5	2	agent-rust-3534175512:shipped-dead-symbols	natural:agent-rust-3534175512:shipped-dead-symbols:5	92aefc727a702b65	"{""end_byte"": null, ""end_line"": 452, ""owner"": null, ""path"": ""src/duration/python.rs"", ""start_byte"": null, ""start_line"": 452}"	P01204
agent-rust-3534175512:shipped-dead-symbols:6	2	agent-rust-3534175512:shipped-dead-symbols	natural:agent-rust-3534175512:shipped-dead-symbols:6	dcdfecbe762767e6	"{""end_byte"": null, ""end_line"": 460, ""owner"": null, ""path"": ""src/duration/python.rs"", ""start_byte"": null, ""start_line"": 460}"	P01283
agent-rust-3534175512:shipped-dead-symbols:7	2	agent-rust-3534175512:shipped-dead-symbols	natural:agent-rust-3534175512:shipped-dead-symbols:7	78c7f9d7ea7eaea6	"{""end_byte"": null, ""end_line"": 468, ""owner"": null, ""path"": ""src/duration/python.rs"", ""start_byte"": null, ""start_line"": 468}"	P02074
agent-rust-3531565119:shipped-dead-symbols:1	2	agent-rust-3531565119:shipped-dead-symbols	natural:agent-rust-3531565119:shipped-dead-symbols:1	da483616504be099	"{""end_byte"": null, ""end_line"": 168, ""owner"": null, ""path"": ""examples/pure/src/rust_type_marker.rs"", ""start_byte"": null, ""start_line"": 168}"	P02011
agent-rust-3539106136:shipped-escapes:1	2	agent-rust-3539106136:shipped-escapes	natural:agent-rust-3539106136:shipped-escapes:1	a5ec5ab6fae5478b	"{""end_byte"": null, ""end_line"": 5, ""owner"": null, ""path"": ""examples/crates-io-rs/src/bindings.rs"", ""start_byte"": null, ""start_line"": 5}"	P01457
agent-rust-3539106136:shipped-escapes:2	2	agent-rust-3539106136:shipped-escapes	natural:agent-rust-3539106136:shipped-escapes:2	2a3d5c733188ac62	"{""end_byte"": null, ""end_line"": 91, ""owner"": null, ""path"": ""examples/crates-io-rs/src/bindings.rs"", ""start_byte"": null, ""start_line"": 91}"	P00674
agent-rust-3539106136:shipped-escapes:3	2	agent-rust-3539106136:shipped-escapes	natural:agent-rust-3539106136:shipped-escapes:3	59a057ae9fe2c7bc	"{""end_byte"": null, ""end_line"": 123, ""owner"": null, ""path"": ""examples/crates-io-rs/src/bindings.rs"", ""start_byte"": null, ""start_line"": 123}"	P00013
agent-rust-3539106136:shipped-escapes:4	2	agent-rust-3539106136:shipped-escapes	natural:agent-rust-3539106136:shipped-escapes:4	8bb01b130df866fe	"{""end_byte"": null, ""end_line"": 7, ""owner"": null, ""path"": ""examples/crates-io-rs/src/lib.rs"", ""start_byte"": null, ""start_line"": 7}"	P00068
agent-rust-3539106136:shipped-test-skip:1	2	agent-rust-3539106136:shipped-test-skip	natural:agent-rust-3539106136:shipped-test-skip:1	a5ec5ab6fae5478b	"{""end_byte"": null, ""end_line"": 5, ""owner"": null, ""path"": ""examples/crates-io-rs/src/bindings.rs"", ""start_byte"": null, ""start_line"": 5}"	P00918
agent-rust-3539106136:shipped-test-skip:2	2	agent-rust-3539106136:shipped-test-skip	natural:agent-rust-3539106136:shipped-test-skip:2	2a3d5c733188ac62	"{""end_byte"": null, ""end_line"": 91, ""owner"": null, ""path"": ""examples/crates-io-rs/src/bindings.rs"", ""start_byte"": null, ""start_line"": 91}"	P01292
agent-rust-3539106136:shipped-test-skip:3	2	agent-rust-3539106136:shipped-test-skip	natural:agent-rust-3539106136:shipped-test-skip:3	59a057ae9fe2c7bc	"{""end_byte"": null, ""end_line"": 123, ""owner"": null, ""path"": ""examples/crates-io-rs/src/bindings.rs"", ""start_byte"": null, ""start_line"": 123}"	P00667
agent-rust-3539106136:shipped-test-skip:4	2	agent-rust-3539106136:shipped-test-skip	natural:agent-rust-3539106136:shipped-test-skip:4	8bb01b130df866fe	"{""end_byte"": null, ""end_line"": 7, ""owner"": null, ""path"": ""examples/crates-io-rs/src/lib.rs"", ""start_byte"": null, ""start_line"": 7}"	P01744
agent-rust-2987499469:shipped-escapes:1	2	agent-rust-2987499469:shipped-escapes	natural:agent-rust-2987499469:shipped-escapes:1	e1101e1667488527	"{""end_byte"": null, ""end_line"": 26, ""owner"": null, ""path"": ""src/matrix.rs"", ""start_byte"": null, ""start_line"": 26}"	P00749
agent-rust-2987499469:shipped-test-skip:1	2	agent-rust-2987499469:shipped-test-skip	natural:agent-rust-2987499469:shipped-test-skip:1	e1101e1667488527	"{""end_byte"": null, ""end_line"": 26, ""owner"": null, ""path"": ""src/matrix.rs"", ""start_byte"": null, ""start_line"": 26}"	P01932
agent-rust-3541403320:shipped-escapes:1	2	agent-rust-3541403320:shipped-escapes	natural:agent-rust-3541403320:shipped-escapes:1	7dcda3978703dcbb	"{""end_byte"": null, ""end_line"": 438, ""owner"": null, ""path"": ""cli/main.rs"", ""start_byte"": null, ""start_line"": 438}"	P00323
agent-rust-3541403320:shipped-escapes:2	2	agent-rust-3541403320:shipped-escapes	natural:agent-rust-3541403320:shipped-escapes:2	3a01583492172d55	"{""end_byte"": null, ""end_line"": 463, ""owner"": null, ""path"": ""cli/main.rs"", ""start_byte"": null, ""start_line"": 463}"	P01939
agent-rust-3541403320:shipped-test-skip:1	2	agent-rust-3541403320:shipped-test-skip	natural:agent-rust-3541403320:shipped-test-skip:1	7dcda3978703dcbb	"{""end_byte"": null, ""end_line"": 438, ""owner"": null, ""path"": ""cli/main.rs"", ""start_byte"": null, ""start_line"": 438}"	P01385
agent-rust-3541403320:shipped-test-skip:2	2	agent-rust-3541403320:shipped-test-skip	natural:agent-rust-3541403320:shipped-test-skip:2	3a01583492172d55	"{""end_byte"": null, ""end_line"": 463, ""owner"": null, ""path"": ""cli/main.rs"", ""start_byte"": null, ""start_line"": 463}"	P01474
agent-rust-3322053786:shipped-public-api:1	2	agent-rust-3322053786:shipped-public-api	natural:agent-rust-3322053786:shipped-public-api:1	257db0e1eecac580	"{""end_byte"": null, ""end_line"": 221, ""owner"": null, ""path"": ""evtx (Cargo.toml)"", ""start_byte"": null, ""start_line"": 221}"	P00807
agent-rust-3311772882:shipped-escapes:1	2	agent-rust-3311772882:shipped-escapes	natural:agent-rust-3311772882:shipped-escapes:1	e7302a87b918a757	"{""end_byte"": null, ""end_line"": 344, ""owner"": null, ""path"": ""src/sound/mod.rs"", ""start_byte"": null, ""start_line"": 344}"	P01167
agent-rust-3311772882:shipped-escapes:2	2	agent-rust-3311772882:shipped-escapes	natural:agent-rust-3311772882:shipped-escapes:2	2294ec0a10948de3	"{""end_byte"": null, ""end_line"": 346, ""owner"": null, ""path"": ""src/sound/mod.rs"", ""start_byte"": null, ""start_line"": 346}"	P01619
agent-rust-3311772882:shipped-escapes:3	2	agent-rust-3311772882:shipped-escapes	natural:agent-rust-3311772882:shipped-escapes:3	88e586f277baa455	"{""end_byte"": null, ""end_line"": 372, ""owner"": null, ""path"": ""src/sound/mod.rs"", ""start_byte"": null, ""start_line"": 372}"	P01899
agent-rust-3311772882:shipped-escapes:4	2	agent-rust-3311772882:shipped-escapes	natural:agent-rust-3311772882:shipped-escapes:4	922df92bc9bc9371	"{""end_byte"": null, ""end_line"": 374, ""owner"": null, ""path"": ""src/sound/mod.rs"", ""start_byte"": null, ""start_line"": 374}"	P01521
agent-rust-3311772882:shipped-test-skip:1	2	agent-rust-3311772882:shipped-test-skip	natural:agent-rust-3311772882:shipped-test-skip:1	e7302a87b918a757	"{""end_byte"": null, ""end_line"": 344, ""owner"": null, ""path"": ""src/sound/mod.rs"", ""start_byte"": null, ""start_line"": 344}"	P00701
agent-rust-3311772882:shipped-test-skip:2	2	agent-rust-3311772882:shipped-test-skip	natural:agent-rust-3311772882:shipped-test-skip:2	2294ec0a10948de3	"{""end_byte"": null, ""end_line"": 346, ""owner"": null, ""path"": ""src/sound/mod.rs"", ""start_byte"": null, ""start_line"": 346}"	P00874
agent-rust-3311772882:shipped-test-skip:3	2	agent-rust-3311772882:shipped-test-skip	natural:agent-rust-3311772882:shipped-test-skip:3	88e586f277baa455	"{""end_byte"": null, ""end_line"": 372, ""owner"": null, ""path"": ""src/sound/mod.rs"", ""start_byte"": null, ""start_line"": 372}"	P00854
agent-rust-3311772882:shipped-test-skip:4	2	agent-rust-3311772882:shipped-test-skip	natural:agent-rust-3311772882:shipped-test-skip:4	922df92bc9bc9371	"{""end_byte"": null, ""end_line"": 374, ""owner"": null, ""path"": ""src/sound/mod.rs"", ""start_byte"": null, ""start_line"": 374}"	P00914
agent-rust-3538230294:shipped-escapes:1	2	agent-rust-3538230294:shipped-escapes	natural:agent-rust-3538230294:shipped-escapes:1	8d08243281f9b203	"{""end_byte"": null, ""end_line"": 57, ""owner"": null, ""path"": ""epserde/src/impls/iter.rs"", ""start_byte"": null, ""start_line"": 57}"	P01316
agent-rust-3538230294:shipped-escapes:2	2	agent-rust-3538230294:shipped-escapes	natural:agent-rust-3538230294:shipped-escapes:2	c0246d267329d0b6	"{""end_byte"": null, ""end_line"": 104, ""owner"": null, ""path"": ""epserde/src/impls/iter.rs"", ""start_byte"": null, ""start_line"": 104}"	P01010
agent-rust-3538230294:shipped-test-skip:1	2	agent-rust-3538230294:shipped-test-skip	natural:agent-rust-3538230294:shipped-test-skip:1	8d08243281f9b203	"{""end_byte"": null, ""end_line"": 57, ""owner"": null, ""path"": ""epserde/src/impls/iter.rs"", ""start_byte"": null, ""start_line"": 57}"	P01707
agent-rust-3538230294:shipped-test-skip:2	2	agent-rust-3538230294:shipped-test-skip	natural:agent-rust-3538230294:shipped-test-skip:2	c0246d267329d0b6	"{""end_byte"": null, ""end_line"": 104, ""owner"": null, ""path"": ""epserde/src/impls/iter.rs"", ""start_byte"": null, ""start_line"": 104}"	P00502
agent-rust-3538230294:shipped-public-api:1	2	agent-rust-3538230294:shipped-public-api	natural:agent-rust-3538230294:shipped-public-api:1	9f82bec37756bfa3	"{""end_byte"": null, ""end_line"": 33, ""owner"": null, ""path"": ""epserde (epserde/Cargo.toml)"", ""start_byte"": null, ""start_line"": 33}"	P00986
agent-rust-3538230294:shipped-public-api:2	2	agent-rust-3538230294:shipped-public-api	natural:agent-rust-3538230294:shipped-public-api:2	43562844f05cc85f	"{""end_byte"": null, ""end_line"": 33, ""owner"": null, ""path"": ""epserde (epserde/Cargo.toml)"", ""start_byte"": null, ""start_line"": 33}"	P01144
agent-rust-3345003106:shipped-public-api:1	2	agent-rust-3345003106:shipped-public-api	natural:agent-rust-3345003106:shipped-public-api:1	e0070bb4f295d379	"{""end_byte"": null, ""end_line"": 12, ""owner"": null, ""path"": ""sqruff_cli_lib (crates/cli-lib/Cargo.toml)"", ""start_byte"": null, ""start_line"": 12}"	P00715
human-rust-3345003106-2785276436:shipped-escapes:1	2	human-rust-3345003106-2785276436:shipped-escapes	natural:human-rust-3345003106-2785276436:shipped-escapes:1	59931652c2dd20ff	"{""end_byte"": null, ""end_line"": 576, ""owner"": null, ""path"": ""crates/lib/src/core/linter/core.rs"", ""start_byte"": null, ""start_line"": 576}"	P00363
human-rust-3345003106-2785276436:shipped-test-skip:1	2	human-rust-3345003106-2785276436:shipped-test-skip	natural:human-rust-3345003106-2785276436:shipped-test-skip:1	59931652c2dd20ff	"{""end_byte"": null, ""end_line"": 576, ""owner"": null, ""path"": ""crates/lib/src/core/linter/core.rs"", ""start_byte"": null, ""start_line"": 576}"	P01255
agent-rust-3086723892:shipped-escapes:1	2	agent-rust-3086723892:shipped-escapes	natural:agent-rust-3086723892:shipped-escapes:1	5adfaad33c1f492e	"{""end_byte"": null, ""end_line"": 109, ""owner"": null, ""path"": ""binaries/geph5-broker/src/rpc_impl.rs"", ""start_byte"": null, ""start_line"": 109}"	P00965
agent-rust-3086723892:shipped-escapes:2	2	agent-rust-3086723892:shipped-escapes	natural:agent-rust-3086723892:shipped-escapes:2	038f94d4e41e69e3	"{""end_byte"": null, ""end_line"": 113, ""owner"": null, ""path"": ""binaries/geph5-broker/src/rpc_impl.rs"", ""start_byte"": null, ""start_line"": 113}"	P00424
agent-rust-3086723892:shipped-escapes:3	2	agent-rust-3086723892:shipped-escapes	natural:agent-rust-3086723892:shipped-escapes:3	30dfa00c59b908b1	"{""end_byte"": null, ""end_line"": 129, ""owner"": null, ""path"": ""binaries/geph5-client-gui/src/tabs/settings.rs"", ""start_byte"": null, ""start_line"": 129}"	P01769
agent-rust-3086723892:shipped-escapes:4	2	agent-rust-3086723892:shipped-escapes	natural:agent-rust-3086723892:shipped-escapes:4	824e3af5d3eac23e	"{""end_byte"": null, ""end_line"": 241, ""owner"": null, ""path"": ""binaries/geph5-broker/src/rpc_impl.rs"", ""start_byte"": null, ""start_line"": 241}"	P00287
agent-rust-3086723892:shipped-test-skip:1	2	agent-rust-3086723892:shipped-test-skip	natural:agent-rust-3086723892:shipped-test-skip:1	5adfaad33c1f492e	"{""end_byte"": null, ""end_line"": 109, ""owner"": null, ""path"": ""binaries/geph5-broker/src/rpc_impl.rs"", ""start_byte"": null, ""start_line"": 109}"	P01722
agent-rust-3086723892:shipped-test-skip:2	2	agent-rust-3086723892:shipped-test-skip	natural:agent-rust-3086723892:shipped-test-skip:2	038f94d4e41e69e3	"{""end_byte"": null, ""end_line"": 113, ""owner"": null, ""path"": ""binaries/geph5-broker/src/rpc_impl.rs"", ""start_byte"": null, ""start_line"": 113}"	P00600
agent-rust-3086723892:shipped-test-skip:3	2	agent-rust-3086723892:shipped-test-skip	natural:agent-rust-3086723892:shipped-test-skip:3	30dfa00c59b908b1	"{""end_byte"": null, ""end_line"": 129, ""owner"": null, ""path"": ""binaries/geph5-client-gui/src/tabs/settings.rs"", ""start_byte"": null, ""start_line"": 129}"	P01905
agent-rust-3086723892:shipped-test-skip:4	2	agent-rust-3086723892:shipped-test-skip	natural:agent-rust-3086723892:shipped-test-skip:4	824e3af5d3eac23e	"{""end_byte"": null, ""end_line"": 241, ""owner"": null, ""path"": ""binaries/geph5-broker/src/rpc_impl.rs"", ""start_byte"": null, ""start_line"": 241}"	P00833
agent-rust-3287031579:shipped-escapes:1	2	agent-rust-3287031579:shipped-escapes	natural:agent-rust-3287031579:shipped-escapes:1	fa6d5399eca5b09a	"{""end_byte"": null, ""end_line"": 179, ""owner"": null, ""path"": ""const-str/src/__ctfe/split.rs"", ""start_byte"": null, ""start_line"": 179}"	P01805
agent-rust-3287031579:shipped-escapes:2	2	agent-rust-3287031579:shipped-escapes	natural:agent-rust-3287031579:shipped-escapes:2	b672b8629da44217	"{""end_byte"": null, ""end_line"": 37, ""owner"": null, ""path"": ""const-str/src/__ctfe/split.rs"", ""start_byte"": null, ""start_line"": 37}"	P01383
agent-rust-3287031579:shipped-test-skip:1	2	agent-rust-3287031579:shipped-test-skip	natural:agent-rust-3287031579:shipped-test-skip:1	fa6d5399eca5b09a	"{""end_byte"": null, ""end_line"": 179, ""owner"": null, ""path"": ""const-str/src/__ctfe/split.rs"", ""start_byte"": null, ""start_line"": 179}"	P00769
agent-rust-3287031579:shipped-test-skip:2	2	agent-rust-3287031579:shipped-test-skip	natural:agent-rust-3287031579:shipped-test-skip:2	b672b8629da44217	"{""end_byte"": null, ""end_line"": 37, ""owner"": null, ""path"": ""const-str/src/__ctfe/split.rs"", ""start_byte"": null, ""start_line"": 37}"	P00835
agent-rust-3287031579:test-new-unchecked:1	2	agent-rust-3287031579:test-new-unchecked	natural:agent-rust-3287031579:test-new-unchecked:1	new-test-unchecked:none:const-str/src/__ctfe/split.rs:636	"{""end_byte"": null, ""end_line"": 636, ""owner"": null, ""path"": ""const-str/src/__ctfe/split.rs"", ""start_byte"": null, ""start_line"": 636}"	P00898
agent-rust-3287031579:test-new-unchecked:2	2	agent-rust-3287031579:test-new-unchecked	natural:agent-rust-3287031579:test-new-unchecked:2	new-test-unchecked:none:const-str/src/__ctfe/split.rs:679	"{""end_byte"": null, ""end_line"": 679, ""owner"": null, ""path"": ""const-str/src/__ctfe/split.rs"", ""start_byte"": null, ""start_line"": 679}"	P00340
human-typescript-3089509964-2540072991:shipped-escapes:1	2	human-typescript-3089509964-2540072991:shipped-escapes	natural:human-typescript-3089509964-2540072991:shipped-escapes:1	a02a00d6a046336c	"{""end_byte"": null, ""end_line"": 33, ""owner"": null, ""path"": ""src/CrossFrameLMS.ts"", ""start_byte"": null, ""start_line"": 33}"	P00947
human-typescript-3089509964-2540072991:shipped-escapes:2	2	human-typescript-3089509964-2540072991:shipped-escapes	natural:human-typescript-3089509964-2540072991:shipped-escapes:2	3a7adb874a1cb54e	"{""end_byte"": null, ""end_line"": 49, ""owner"": null, ""path"": ""src/CrossFrameLMS.ts"", ""start_byte"": null, ""start_line"": 49}"	P00629
human-typescript-3089509964-2540072991:shipped-escapes:3	2	human-typescript-3089509964-2540072991:shipped-escapes	natural:human-typescript-3089509964-2540072991:shipped-escapes:3	7d6d45691bbaefad	"{""end_byte"": null, ""end_line"": 50, ""owner"": null, ""path"": ""src/CrossFrameLMS.ts"", ""start_byte"": null, ""start_line"": 50}"	P00360
human-typescript-3089509964-2540072991:shipped-escapes:4	2	human-typescript-3089509964-2540072991:shipped-escapes	natural:human-typescript-3089509964-2540072991:shipped-escapes:4	421040604e71b9b8	"{""end_byte"": null, ""end_line"": 52, ""owner"": null, ""path"": ""src/CrossFrameLMS.ts"", ""start_byte"": null, ""start_line"": 52}"	P01758
human-typescript-3089509964-2540072991:shipped-escapes:5	2	human-typescript-3089509964-2540072991:shipped-escapes	natural:human-typescript-3089509964-2540072991:shipped-escapes:5	12022f4ec0fa32c6	"{""end_byte"": null, ""end_line"": 500, ""owner"": null, ""path"": ""test/facades/CrossFrameFacade.spec.ts"", ""start_byte"": null, ""start_line"": 500}"	P00194
human-typescript-3089509964-2540072991:shipped-escapes:6	2	human-typescript-3089509964-2540072991:shipped-escapes	natural:human-typescript-3089509964-2540072991:shipped-escapes:6	f9a8c7abb3874474	"{""end_byte"": null, ""end_line"": 426, ""owner"": null, ""path"": ""test/facades/CrossFrameFacade.spec.ts"", ""start_byte"": null, ""start_line"": 426}"	P00608
human-typescript-3089509964-2540072991:shipped-escapes:7	2	human-typescript-3089509964-2540072991:shipped-escapes	natural:human-typescript-3089509964-2540072991:shipped-escapes:7	7f50395ccdab7edd	"{""end_byte"": null, ""end_line"": 427, ""owner"": null, ""path"": ""test/facades/CrossFrameFacade.spec.ts"", ""start_byte"": null, ""start_line"": 427}"	P00943
human-typescript-3089509964-2540072991:shipped-escapes:8	2	human-typescript-3089509964-2540072991:shipped-escapes	natural:human-typescript-3089509964-2540072991:shipped-escapes:8	d1abcd8a170869e5	"{""end_byte"": null, ""end_line"": 441, ""owner"": null, ""path"": ""test/facades/CrossFrameFacade.spec.ts"", ""start_byte"": null, ""start_line"": 441}"	P01908
human-typescript-3089509964-2540072991:shipped-test-skip:1	2	human-typescript-3089509964-2540072991:shipped-test-skip	natural:human-typescript-3089509964-2540072991:shipped-test-skip:1	a02a00d6a046336c	"{""end_byte"": null, ""end_line"": 33, ""owner"": null, ""path"": ""src/CrossFrameLMS.ts"", ""start_byte"": null, ""start_line"": 33}"	P00934
human-typescript-3089509964-2540072991:shipped-test-skip:2	2	human-typescript-3089509964-2540072991:shipped-test-skip	natural:human-typescript-3089509964-2540072991:shipped-test-skip:2	3a7adb874a1cb54e	"{""end_byte"": null, ""end_line"": 49, ""owner"": null, ""path"": ""src/CrossFrameLMS.ts"", ""start_byte"": null, ""start_line"": 49}"	P01553
human-typescript-3089509964-2540072991:shipped-test-skip:3	2	human-typescript-3089509964-2540072991:shipped-test-skip	natural:human-typescript-3089509964-2540072991:shipped-test-skip:3	7d6d45691bbaefad	"{""end_byte"": null, ""end_line"": 50, ""owner"": null, ""path"": ""src/CrossFrameLMS.ts"", ""start_byte"": null, ""start_line"": 50}"	P01644
human-typescript-3089509964-2540072991:shipped-test-skip:4	2	human-typescript-3089509964-2540072991:shipped-test-skip	natural:human-typescript-3089509964-2540072991:shipped-test-skip:4	421040604e71b9b8	"{""end_byte"": null, ""end_line"": 52, ""owner"": null, ""path"": ""src/CrossFrameLMS.ts"", ""start_byte"": null, ""start_line"": 52}"	P01060
human-typescript-3089509964-2540072991:shipped-test-skip:5	2	human-typescript-3089509964-2540072991:shipped-test-skip	natural:human-typescript-3089509964-2540072991:shipped-test-skip:5	12022f4ec0fa32c6	"{""end_byte"": null, ""end_line"": 500, ""owner"": null, ""path"": ""test/facades/CrossFrameFacade.spec.ts"", ""start_byte"": null, ""start_line"": 500}"	P00464
human-typescript-3089509964-2540072991:shipped-test-skip:6	2	human-typescript-3089509964-2540072991:shipped-test-skip	natural:human-typescript-3089509964-2540072991:shipped-test-skip:6	f9a8c7abb3874474	"{""end_byte"": null, ""end_line"": 426, ""owner"": null, ""path"": ""test/facades/CrossFrameFacade.spec.ts"", ""start_byte"": null, ""start_line"": 426}"	P00268
human-typescript-3089509964-2540072991:shipped-test-skip:7	2	human-typescript-3089509964-2540072991:shipped-test-skip	natural:human-typescript-3089509964-2540072991:shipped-test-skip:7	7f50395ccdab7edd	"{""end_byte"": null, ""end_line"": 427, ""owner"": null, ""path"": ""test/facades/CrossFrameFacade.spec.ts"", ""start_byte"": null, ""start_line"": 427}"	P01294
human-typescript-3089509964-2540072991:shipped-test-skip:8	2	human-typescript-3089509964-2540072991:shipped-test-skip	natural:human-typescript-3089509964-2540072991:shipped-test-skip:8	d1abcd8a170869e5	"{""end_byte"": null, ""end_line"": 441, ""owner"": null, ""path"": ""test/facades/CrossFrameFacade.spec.ts"", ""start_byte"": null, ""start_line"": 441}"	P01710
agent-typescript-3332391124:shipped-escapes:1	2	agent-typescript-3332391124:shipped-escapes	natural:agent-typescript-3332391124:shipped-escapes:1	efccfe4523920670	"{""end_byte"": null, ""end_line"": 38, ""owner"": null, ""path"": ""packages/db-sync-server/src/core/stream.ts"", ""start_byte"": null, ""start_line"": 38}"	P00227
agent-typescript-3332391124:shipped-escapes:2	2	agent-typescript-3332391124:shipped-escapes	natural:agent-typescript-3332391124:shipped-escapes:2	d056dbc6335f8280	"{""end_byte"": null, ""end_line"": 65, ""owner"": null, ""path"": ""packages/db-sync-server/src/core/stream.ts"", ""start_byte"": null, ""start_line"": 65}"	P00598
agent-typescript-3332391124:shipped-escapes:3	2	agent-typescript-3332391124:shipped-escapes	natural:agent-typescript-3332391124:shipped-escapes:3	e27edc17be8d8716	"{""end_byte"": null, ""end_line"": 91, ""owner"": null, ""path"": ""packages/db-sync-server/src/core/stream.ts"", ""start_byte"": null, ""start_line"": 91}"	P00948
agent-typescript-3332391124:shipped-escapes:4	2	agent-typescript-3332391124:shipped-escapes	natural:agent-typescript-3332391124:shipped-escapes:4	3f6828d3592c5132	"{""end_byte"": null, ""end_line"": 128, ""owner"": null, ""path"": ""packages/db-sync-server/src/core/versionIndex.ts"", ""start_byte"": null, ""start_line"": 128}"	P01570
agent-typescript-3332391124:shipped-escapes:5	2	agent-typescript-3332391124:shipped-escapes	natural:agent-typescript-3332391124:shipped-escapes:5	8bb6b2e2670634ad	"{""end_byte"": null, ""end_line"": 127, ""owner"": null, ""path"": ""packages/db-sync-server/test/e2e/sync.test.ts"", ""start_byte"": null, ""start_line"": 127}"	P01028
agent-typescript-3332391124:shipped-escapes:6	2	agent-typescript-3332391124:shipped-escapes	natural:agent-typescript-3332391124:shipped-escapes:6	30f3a631e550060c	"{""end_byte"": null, ""end_line"": 136, ""owner"": null, ""path"": ""packages/db-sync-server/test/e2e/sync.test.ts"", ""start_byte"": null, ""start_line"": 136}"	P01764
agent-typescript-3332391124:shipped-escapes:7	2	agent-typescript-3332391124:shipped-escapes	natural:agent-typescript-3332391124:shipped-escapes:7	f287cf4de05c2bc3	"{""end_byte"": null, ""end_line"": 102, ""owner"": null, ""path"": ""packages/db-sync-server/test/unit/versionIndex.test.ts"", ""start_byte"": null, ""start_line"": 102}"	P01993
agent-typescript-3332391124:shipped-test-skip:1	2	agent-typescript-3332391124:shipped-test-skip	natural:agent-typescript-3332391124:shipped-test-skip:1	efccfe4523920670	"{""end_byte"": null, ""end_line"": 38, ""owner"": null, ""path"": ""packages/db-sync-server/src/core/stream.ts"", ""start_byte"": null, ""start_line"": 38}"	P01506
agent-typescript-3332391124:shipped-test-skip:2	2	agent-typescript-3332391124:shipped-test-skip	natural:agent-typescript-3332391124:shipped-test-skip:2	d056dbc6335f8280	"{""end_byte"": null, ""end_line"": 65, ""owner"": null, ""path"": ""packages/db-sync-server/src/core/stream.ts"", ""start_byte"": null, ""start_line"": 65}"	P00281
agent-typescript-3332391124:shipped-test-skip:3	2	agent-typescript-3332391124:shipped-test-skip	natural:agent-typescript-3332391124:shipped-test-skip:3	e27edc17be8d8716	"{""end_byte"": null, ""end_line"": 91, ""owner"": null, ""path"": ""packages/db-sync-server/src/core/stream.ts"", ""start_byte"": null, ""start_line"": 91}"	P01140
agent-typescript-3332391124:shipped-test-skip:4	2	agent-typescript-3332391124:shipped-test-skip	natural:agent-typescript-3332391124:shipped-test-skip:4	3f6828d3592c5132	"{""end_byte"": null, ""end_line"": 128, ""owner"": null, ""path"": ""packages/db-sync-server/src/core/versionIndex.ts"", ""start_byte"": null, ""start_line"": 128}"	P01865
agent-typescript-3332391124:shipped-test-skip:5	2	agent-typescript-3332391124:shipped-test-skip	natural:agent-typescript-3332391124:shipped-test-skip:5	8bb6b2e2670634ad	"{""end_byte"": null, ""end_line"": 127, ""owner"": null, ""path"": ""packages/db-sync-server/test/e2e/sync.test.ts"", ""start_byte"": null, ""start_line"": 127}"	P00595
agent-typescript-3332391124:shipped-test-skip:6	2	agent-typescript-3332391124:shipped-test-skip	natural:agent-typescript-3332391124:shipped-test-skip:6	30f3a631e550060c	"{""end_byte"": null, ""end_line"": 136, ""owner"": null, ""path"": ""packages/db-sync-server/test/e2e/sync.test.ts"", ""start_byte"": null, ""start_line"": 136}"	P00350
agent-typescript-3332391124:shipped-test-skip:7	2	agent-typescript-3332391124:shipped-test-skip	natural:agent-typescript-3332391124:shipped-test-skip:7	f287cf4de05c2bc3	"{""end_byte"": null, ""end_line"": 102, ""owner"": null, ""path"": ""packages/db-sync-server/test/unit/versionIndex.test.ts"", ""start_byte"": null, ""start_line"": 102}"	P00971
agent-typescript-3332391124:design-component-cycle:1	2	agent-typescript-3332391124:design-component-cycle	natural:agent-typescript-3332391124:design-component-cycle:1	component-cycle:packages/db-sync-server/src/core/eventBus.ts:1:new dependency core -> (root) in packages/db-sync-server/src closes the cycle (root) -> core (5 imports, e.g. packages/db-sync-server/src/index.ts:18)	"{""end_byte"": null, ""end_line"": 1, ""owner"": null, ""path"": ""packages/db-sync-server/src/core/eventBus.ts"", ""start_byte"": null, ""start_line"": 1}"	P00211
agent-typescript-3332391124:design-component-cycle:2	2	agent-typescript-3332391124:design-component-cycle	natural:agent-typescript-3332391124:design-component-cycle:2	component-cycle:packages/db-sync-server/src/index.ts:2:new dependency (root) -> server in packages/db-sync-server/src closes the cycle server -> (root) (1 imports, e.g. packages/db-sync-server/src/server/handler.ts:2)	"{""end_byte"": null, ""end_line"": 2, ""owner"": null, ""path"": ""packages/db-sync-server/src/index.ts"", ""start_byte"": null, ""start_line"": 2}"	P02134
agent-typescript-3332391124:design-component-cycle:3	2	agent-typescript-3332391124:design-component-cycle	natural:agent-typescript-3332391124:design-component-cycle:3	component-cycle:packages/db-sync-server/src/index.ts:18:new dependency (root) -> core in packages/db-sync-server/src closes the cycle core -> (root) (5 imports, e.g. packages/db-sync-server/src/core/eventBus.ts:1)	"{""end_byte"": null, ""end_line"": 18, ""owner"": null, ""path"": ""packages/db-sync-server/src/index.ts"", ""start_byte"": null, ""start_line"": 18}"	P01625
agent-typescript-3332391124:design-component-cycle:4	2	agent-typescript-3332391124:design-component-cycle	natural:agent-typescript-3332391124:design-component-cycle:4	component-cycle:packages/db-sync-server/src/server/handler.ts:2:new dependency server -> (root) in packages/db-sync-server/src closes the cycle (root) -> server (1 imports, e.g. packages/db-sync-server/src/index.ts:2)	"{""end_byte"": null, ""end_line"": 2, ""owner"": null, ""path"": ""packages/db-sync-server/src/server/handler.ts"", ""start_byte"": null, ""start_line"": 2}"	P00378
agent-typescript-3332391124:design-component-cycle:5	2	agent-typescript-3332391124:design-component-cycle	natural:agent-typescript-3332391124:design-component-cycle:5	component-cycle:packages/db-sync-server/src/server/handler.ts:3:new dependency server -> core in packages/db-sync-server/src closes the cycle core -> (root) -> server (6 imports, e.g. packages/db-sync-server/src/core/eventBus.ts:1)	"{""end_byte"": null, ""end_line"": 3, ""owner"": null, ""path"": ""packages/db-sync-server/src/server/handler.ts"", ""start_byte"": null, ""start_line"": 3}"	P01374
agent-typescript-3332391124:new-direct-dependency:1	2	agent-typescript-3332391124:new-direct-dependency	natural:agent-typescript-3332391124:new-direct-dependency:1	npm:crypto	"{""end_byte"": null, ""end_line"": null, ""owner"": null, ""path"": ""packages/db-sync-server/package.json"", ""start_byte"": null, ""start_line"": null}"	P01025
human-typescript-3332391124-2701990016:shipped-escapes:1	2	human-typescript-3332391124-2701990016:shipped-escapes	natural:human-typescript-3332391124-2701990016:shipped-escapes:1	c37e24a1bc0ae60b	"{""end_byte"": null, ""end_line"": 256, ""owner"": null, ""path"": ""examples/react/todo/src/lib/collections.ts"", ""start_byte"": null, ""start_line"": 256}"	P01773
human-typescript-3332391124-2701990016:shipped-escapes:2	2	human-typescript-3332391124-2701990016:shipped-escapes	natural:human-typescript-3332391124-2701990016:shipped-escapes:2	4e91619e5c1cf44c	"{""end_byte"": null, ""end_line"": 258, ""owner"": null, ""path"": ""examples/react/todo/src/lib/collections.ts"", ""start_byte"": null, ""start_line"": 258}"	P02003
human-typescript-3332391124-2701990016:shipped-escapes:3	2	human-typescript-3332391124-2701990016:shipped-escapes	natural:human-typescript-3332391124-2701990016:shipped-escapes:3	28a767a38d0cc398	"{""end_byte"": null, ""end_line"": 1, ""owner"": null, ""path"": ""packages/firebase-db-collection/src/firestore.ts"", ""start_byte"": null, ""start_line"": 1}"	P01969
human-typescript-3332391124-2701990016:shipped-escapes:4	2	human-typescript-3332391124-2701990016:shipped-escapes	natural:human-typescript-3332391124-2701990016:shipped-escapes:4	a3a284d1b517ff3f	"{""end_byte"": null, ""end_line"": 64, ""owner"": null, ""path"": ""packages/firebase-db-collection/src/firestore.ts"", ""start_byte"": null, ""start_line"": 64}"	P00115
human-typescript-3332391124-2701990016:shipped-escapes:5	2	human-typescript-3332391124-2701990016:shipped-escapes	natural:human-typescript-3332391124-2701990016:shipped-escapes:5	8b43238075feb0f2	"{""end_byte"": null, ""end_line"": 196, ""owner"": null, ""path"": ""packages/firebase-db-collection/src/firestore.ts"", ""start_byte"": null, ""start_line"": 196}"	P01775
human-typescript-3332391124-2701990016:shipped-escapes:6	2	human-typescript-3332391124-2701990016:shipped-escapes	natural:human-typescript-3332391124-2701990016:shipped-escapes:6	a5a3eaa91ae1c01d	"{""end_byte"": null, ""end_line"": 205, ""owner"": null, ""path"": ""packages/firebase-db-collection/src/firestore.ts"", ""start_byte"": null, ""start_line"": 205}"	P01956
human-typescript-3332391124-2701990016:shipped-escapes:7	2	human-typescript-3332391124-2701990016:shipped-escapes	natural:human-typescript-3332391124-2701990016:shipped-escapes:7	2041b23dbb33ef97	"{""end_byte"": null, ""end_line"": 322, ""owner"": null, ""path"": ""packages/firebase-db-collection/src/firestore.ts"", ""start_byte"": null, ""start_line"": 322}"	P02100
human-typescript-3332391124-2701990016:shipped-escapes:8	2	human-typescript-3332391124-2701990016:shipped-escapes	natural:human-typescript-3332391124-2701990016:shipped-escapes:8	63aa655d8c842e52	"{""end_byte"": null, ""end_line"": 261, ""owner"": null, ""path"": ""packages/firebase-db-collection/tests/firestore.test.ts"", ""start_byte"": null, ""start_line"": 261}"	P01751
human-typescript-3332391124-2701990016:shipped-escapes:9	2	human-typescript-3332391124-2701990016:shipped-escapes	natural:human-typescript-3332391124-2701990016:shipped-escapes:9	fe0c1968e18e8b8f	"{""end_byte"": null, ""end_line"": 262, ""owner"": null, ""path"": ""packages/firebase-db-collection/tests/firestore.test.ts"", ""start_byte"": null, ""start_line"": 262}"	P01011
human-typescript-3332391124-2701990016:shipped-escapes:10	2	human-typescript-3332391124-2701990016:shipped-escapes	natural:human-typescript-3332391124-2701990016:shipped-escapes:10	338e3c36004adc61	"{""end_byte"": null, ""end_line"": 30, ""owner"": null, ""path"": ""examples/react/todo/src/routeTree.gen.ts"", ""start_byte"": null, ""start_line"": 30}"	P01061
human-typescript-3332391124-2701990016:shipped-test-skip:1	2	human-typescript-3332391124-2701990016:shipped-test-skip	natural:human-typescript-3332391124-2701990016:shipped-test-skip:1	c37e24a1bc0ae60b	"{""end_byte"": null, ""end_line"": 256, ""owner"": null, ""path"": ""examples/react/todo/src/lib/collections.ts"", ""start_byte"": null, ""start_line"": 256}"	P00518
human-typescript-3332391124-2701990016:shipped-test-skip:2	2	human-typescript-3332391124-2701990016:shipped-test-skip	natural:human-typescript-3332391124-2701990016:shipped-test-skip:2	4e91619e5c1cf44c	"{""end_byte"": null, ""end_line"": 258, ""owner"": null, ""path"": ""examples/react/todo/src/lib/collections.ts"", ""start_byte"": null, ""start_line"": 258}"	P01962
human-typescript-3332391124-2701990016:shipped-test-skip:3	2	human-typescript-3332391124-2701990016:shipped-test-skip	natural:human-typescript-3332391124-2701990016:shipped-test-skip:3	28a767a38d0cc398	"{""end_byte"": null, ""end_line"": 1, ""owner"": null, ""path"": ""packages/firebase-db-collection/src/firestore.ts"", ""start_byte"": null, ""start_line"": 1}"	P00436
human-typescript-3332391124-2701990016:shipped-test-skip:4	2	human-typescript-3332391124-2701990016:shipped-test-skip	natural:human-typescript-3332391124-2701990016:shipped-test-skip:4	a3a284d1b517ff3f	"{""end_byte"": null, ""end_line"": 64, ""owner"": null, ""path"": ""packages/firebase-db-collection/src/firestore.ts"", ""start_byte"": null, ""start_line"": 64}"	P01729
human-typescript-3332391124-2701990016:shipped-test-skip:5	2	human-typescript-3332391124-2701990016:shipped-test-skip	natural:human-typescript-3332391124-2701990016:shipped-test-skip:5	8b43238075feb0f2	"{""end_byte"": null, ""end_line"": 196, ""owner"": null, ""path"": ""packages/firebase-db-collection/src/firestore.ts"", ""start_byte"": null, ""start_line"": 196}"	P01272
human-typescript-3332391124-2701990016:shipped-test-skip:6	2	human-typescript-3332391124-2701990016:shipped-test-skip	natural:human-typescript-3332391124-2701990016:shipped-test-skip:6	a5a3eaa91ae1c01d	"{""end_byte"": null, ""end_line"": 205, ""owner"": null, ""path"": ""packages/firebase-db-collection/src/firestore.ts"", ""start_byte"": null, ""start_line"": 205}"	P00082
human-typescript-3332391124-2701990016:shipped-test-skip:7	2	human-typescript-3332391124-2701990016:shipped-test-skip	natural:human-typescript-3332391124-2701990016:shipped-test-skip:7	2041b23dbb33ef97	"{""end_byte"": null, ""end_line"": 322, ""owner"": null, ""path"": ""packages/firebase-db-collection/src/firestore.ts"", ""start_byte"": null, ""start_line"": 322}"	P00120
human-typescript-3332391124-2701990016:shipped-test-skip:8	2	human-typescript-3332391124-2701990016:shipped-test-skip	natural:human-typescript-3332391124-2701990016:shipped-test-skip:8	63aa655d8c842e52	"{""end_byte"": null, ""end_line"": 261, ""owner"": null, ""path"": ""packages/firebase-db-collection/tests/firestore.test.ts"", ""start_byte"": null, ""start_line"": 261}"	P00511
human-typescript-3332391124-2701990016:shipped-test-skip:9	2	human-typescript-3332391124-2701990016:shipped-test-skip	natural:human-typescript-3332391124-2701990016:shipped-test-skip:9	fe0c1968e18e8b8f	"{""end_byte"": null, ""end_line"": 262, ""owner"": null, ""path"": ""packages/firebase-db-collection/tests/firestore.test.ts"", ""start_byte"": null, ""start_line"": 262}"	P00931
human-typescript-3332391124-2701990016:shipped-test-skip:10	2	human-typescript-3332391124-2701990016:shipped-test-skip	natural:human-typescript-3332391124-2701990016:shipped-test-skip:10	338e3c36004adc61	"{""end_byte"": null, ""end_line"": 30, ""owner"": null, ""path"": ""examples/react/todo/src/routeTree.gen.ts"", ""start_byte"": null, ""start_line"": 30}"	P01719
human-typescript-3332391124-2701990016:shipped-lockfile:1	2	human-typescript-3332391124-2701990016:shipped-lockfile	natural:human-typescript-3332391124-2701990016:shipped-lockfile:1	114c3a7d00e33832	"{""end_byte"": null, ""end_line"": 0, ""owner"": null, ""path"": ""examples/react/todo/package.json"", ""start_byte"": null, ""start_line"": 0}"	P01458
human-typescript-3332391124-2701990016:shipped-lockfile:2	2	human-typescript-3332391124-2701990016:shipped-lockfile	natural:human-typescript-3332391124-2701990016:shipped-lockfile:2	a329d18ddef63304	"{""end_byte"": null, ""end_line"": 0, ""owner"": null, ""path"": ""examples/react/todo/package.json"", ""start_byte"": null, ""start_line"": 0}"	P01724
human-typescript-3332391124-2701990016:new-direct-dependency:1	2	human-typescript-3332391124-2701990016:new-direct-dependency	natural:human-typescript-3332391124-2701990016:new-direct-dependency:1	npm:@firebase/rules-unit-testing	"{""end_byte"": null, ""end_line"": null, ""owner"": null, ""path"": ""packages/firebase-db-collection/package.json"", ""start_byte"": null, ""start_line"": null}"	P01808
human-typescript-3332391124-2701990016:new-direct-dependency:2	2	human-typescript-3332391124-2701990016:new-direct-dependency	natural:human-typescript-3332391124-2701990016:new-direct-dependency:2	npm:firebase	"{""end_byte"": null, ""end_line"": null, ""owner"": null, ""path"": ""examples/react/todo/package.json"", ""start_byte"": null, ""start_line"": null}"	P01662
human-typescript-3332391124-2701990016:new-direct-dependency:3	2	human-typescript-3332391124-2701990016:new-direct-dependency	natural:human-typescript-3332391124-2701990016:new-direct-dependency:3	npm:firebase-admin	"{""end_byte"": null, ""end_line"": null, ""owner"": null, ""path"": ""packages/firebase-db-collection/package.json"", ""start_byte"": null, ""start_line"": null}"	P00141
human-typescript-3332391124-2701990016:new-direct-dependency:4	2	human-typescript-3332391124-2701990016:new-direct-dependency	natural:human-typescript-3332391124-2701990016:new-direct-dependency:4	npm:firebase-tools	"{""end_byte"": null, ""end_line"": null, ""owner"": null, ""path"": ""examples/react/todo/package.json"", ""start_byte"": null, ""start_line"": null}"	P02090
agent-typescript-3280770728:new-direct-dependency:1	2	agent-typescript-3280770728:new-direct-dependency	natural:agent-typescript-3280770728:new-direct-dependency:1	npm:vitest	"{""end_byte"": null, ""end_line"": null, ""owner"": null, ""path"": ""package.json"", ""start_byte"": null, ""start_line"": null}"	P00222
agent-typescript-3286910319:new-direct-dependency:1	2	agent-typescript-3286910319:new-direct-dependency	natural:agent-typescript-3286910319:new-direct-dependency:1	npm:istextorbinary	"{""end_byte"": null, ""end_line"": null, ""owner"": null, ""path"": ""package.json"", ""start_byte"": null, ""start_line"": null}"	P00690
agent-typescript-3437109293:shipped-escapes:1	2	agent-typescript-3437109293:shipped-escapes	natural:agent-typescript-3437109293:shipped-escapes:1	1327fbeda01bf56a	"{""end_byte"": null, ""end_line"": 18, ""owner"": null, ""path"": ""src/arweave/composite-client-binary-search.test.ts"", ""start_byte"": null, ""start_line"": 18}"	P00112
agent-typescript-3437109293:shipped-escapes:2	2	agent-typescript-3437109293:shipped-escapes	natural:agent-typescript-3437109293:shipped-escapes:2	3cc10aa2717843c8	"{""end_byte"": null, ""end_line"": 19, ""owner"": null, ""path"": ""src/arweave/composite-client-binary-search.test.ts"", ""start_byte"": null, ""start_line"": 19}"	P01234
agent-typescript-3437109293:shipped-escapes:3	2	agent-typescript-3437109293:shipped-escapes	natural:agent-typescript-3437109293:shipped-escapes:3	3298c2f7056e44cf	"{""end_byte"": null, ""end_line"": 20, ""owner"": null, ""path"": ""src/arweave/composite-client-binary-search.test.ts"", ""start_byte"": null, ""start_line"": 20}"	P00131
agent-typescript-3437109293:shipped-escapes:4	2	agent-typescript-3437109293:shipped-escapes	natural:agent-typescript-3437109293:shipped-escapes:4	823147da2d03c125	"{""end_byte"": null, ""end_line"": 21, ""owner"": null, ""path"": ""src/arweave/composite-client-binary-search.test.ts"", ""start_byte"": null, ""start_line"": 21}"	P01692
agent-typescript-3437109293:shipped-escapes:5	2	agent-typescript-3437109293:shipped-escapes	natural:agent-typescript-3437109293:shipped-escapes:5	841dbe9af6b98f3f	"{""end_byte"": null, ""end_line"": 32, ""owner"": null, ""path"": ""src/arweave/composite-client-binary-search.test.ts"", ""start_byte"": null, ""start_line"": 32}"	P00617
agent-typescript-3437109293:shipped-escapes:6	2	agent-typescript-3437109293:shipped-escapes	natural:agent-typescript-3437109293:shipped-escapes:6	02393c7323e65328	"{""end_byte"": null, ""end_line"": 35, ""owner"": null, ""path"": ""src/arweave/composite-client-binary-search.test.ts"", ""start_byte"": null, ""start_line"": 35}"	P00954
agent-typescript-3437109293:shipped-escapes:7	2	agent-typescript-3437109293:shipped-escapes	natural:agent-typescript-3437109293:shipped-escapes:7	1db12d337f30dd5f	"{""end_byte"": null, ""end_line"": 214, ""owner"": null, ""path"": ""src/arweave/composite-client-binary-search.test.ts"", ""start_byte"": null, ""start_line"": 214}"	P01569
agent-typescript-3437109293:shipped-escapes:8	2	agent-typescript-3437109293:shipped-escapes	natural:agent-typescript-3437109293:shipped-escapes:8	a134b40b552c240e	"{""end_byte"": null, ""end_line"": 219, ""owner"": null, ""path"": ""src/arweave/composite-client-binary-search.test.ts"", ""start_byte"": null, ""start_line"": 219}"	P00033
agent-typescript-3437109293:shipped-escapes:9	2	agent-typescript-3437109293:shipped-escapes	natural:agent-typescript-3437109293:shipped-escapes:9	d491a6cd53d02906	"{""end_byte"": null, ""end_line"": 482, ""owner"": null, ""path"": ""src/arweave/composite-client-binary-search.test.ts"", ""start_byte"": null, ""start_line"": 482}"	P01634
agent-typescript-3437109293:shipped-escapes:10	2	agent-typescript-3437109293:shipped-escapes	natural:agent-typescript-3437109293:shipped-escapes:10	ee041739bdceed6f	"{""end_byte"": null, ""end_line"": 19, ""owner"": null, ""path"": ""src/arweave/composite-client.test.ts"", ""start_byte"": null, ""start_line"": 19}"	P00419
agent-typescript-3437109293:shipped-escapes:11	2	agent-typescript-3437109293:shipped-escapes	natural:agent-typescript-3437109293:shipped-escapes:11	7185ed48a2c85b60	"{""end_byte"": null, ""end_line"": 1039, ""owner"": null, ""path"": ""src/arweave/composite-client.ts"", ""start_byte"": null, ""start_line"": 1039}"	P01425
agent-typescript-3437109293:shipped-escapes:12	2	agent-typescript-3437109293:shipped-escapes	natural:agent-typescript-3437109293:shipped-escapes:12	b8d533561fa9c417	"{""end_byte"": null, ""end_line"": 1079, ""owner"": null, ""path"": ""src/arweave/composite-client.ts"", ""start_byte"": null, ""start_line"": 1079}"	P01864
agent-typescript-3437109293:shipped-escapes:13	2	agent-typescript-3437109293:shipped-escapes	natural:agent-typescript-3437109293:shipped-escapes:13	23c963a4b70bb238	"{""end_byte"": null, ""end_line"": 1652, ""owner"": null, ""path"": ""src/arweave/composite-client.ts"", ""start_byte"": null, ""start_line"": 1652}"	P00529
agent-typescript-3437109293:shipped-escapes:14	2	agent-typescript-3437109293:shipped-escapes	natural:agent-typescript-3437109293:shipped-escapes:14	bdabd42ec4f5c973	"{""end_byte"": null, ""end_line"": 1763, ""owner"": null, ""path"": ""src/arweave/composite-client.ts"", ""start_byte"": null, ""start_line"": 1763}"	P00026
agent-typescript-3437109293:shipped-escapes:15	2	agent-typescript-3437109293:shipped-escapes	natural:agent-typescript-3437109293:shipped-escapes:15	02a6835cf6dc7896	"{""end_byte"": null, ""end_line"": 16, ""owner"": null, ""path"": ""src/data/chain-tx-offset-source.test.ts"", ""start_byte"": null, ""start_line"": 16}"	P00713
agent-typescript-3437109293:shipped-escapes:16	2	agent-typescript-3437109293:shipped-escapes	natural:agent-typescript-3437109293:shipped-escapes:16	79edb360d1c9d0f0	"{""end_byte"": null, ""end_line"": 80, ""owner"": null, ""path"": ""src/data/chain-tx-offset-source.ts"", ""start_byte"": null, ""start_line"": 80}"	P00786
agent-typescript-3437109293:shipped-escapes:17	2	agent-typescript-3437109293:shipped-escapes	natural:agent-typescript-3437109293:shipped-escapes:17	5a4feb469cdd97c4	"{""end_byte"": null, ""end_line"": 62, ""owner"": null, ""path"": ""src/data/composite-tx-offset-source.test.ts"", ""start_byte"": null, ""start_line"": 62}"	P00549
agent-typescript-3437109293:shipped-escapes:18	2	agent-typescript-3437109293:shipped-escapes	natural:agent-typescript-3437109293:shipped-escapes:18	84a80286dd572d9c	"{""end_byte"": null, ""end_line"": 66, ""owner"": null, ""path"": ""src/data/composite-tx-offset-source.test.ts"", ""start_byte"": null, ""start_line"": 66}"	P01567
agent-typescript-3437109293:shipped-escapes:19	2	agent-typescript-3437109293:shipped-escapes	natural:agent-typescript-3437109293:shipped-escapes:19	2418d1b2266a78fe	"{""end_byte"": null, ""end_line"": 76, ""owner"": null, ""path"": ""src/data/composite-tx-offset-source.ts"", ""start_byte"": null, ""start_line"": 76}"	P00098
agent-typescript-3437109293:shipped-escapes:20	2	agent-typescript-3437109293:shipped-escapes	natural:agent-typescript-3437109293:shipped-escapes:20	913ccbb1b7111bf8	"{""end_byte"": null, ""end_line"": 16, ""owner"": null, ""path"": ""src/data/database-tx-offset-source.test.ts"", ""start_byte"": null, ""start_line"": 16}"	P01886
agent-typescript-3437109293:shipped-escapes:21	2	agent-typescript-3437109293:shipped-escapes	natural:agent-typescript-3437109293:shipped-escapes:21	d0d2e61c210f0446	"{""end_byte"": null, ""end_line"": 43, ""owner"": null, ""path"": ""src/data/database-tx-offset-source.ts"", ""start_byte"": null, ""start_line"": 43}"	P00675
agent-typescript-3437109293:shipped-escapes:22	2	agent-typescript-3437109293:shipped-escapes	natural:agent-typescript-3437109293:shipped-escapes:22	922f863ba2010ce4	"{""end_byte"": null, ""end_line"": 79, ""owner"": null, ""path"": ""src/peers/arweave-peer-manager.test.ts"", ""start_byte"": null, ""start_line"": 79}"	P00606
agent-typescript-3437109293:shipped-escapes:23	2	agent-typescript-3437109293:shipped-escapes	natural:agent-typescript-3437109293:shipped-escapes:23	026fcc5510128d32	"{""end_byte"": null, ""end_line"": 95, ""owner"": null, ""path"": ""src/peers/arweave-peer-manager.test.ts"", ""start_byte"": null, ""start_line"": 95}"	P00601
agent-typescript-3437109293:shipped-escapes:24	2	agent-typescript-3437109293:shipped-escapes	natural:agent-typescript-3437109293:shipped-escapes:24	144df0e7db745b88	"{""end_byte"": null, ""end_line"": 133, ""owner"": null, ""path"": ""src/peers/arweave-peer-manager.test.ts"", ""start_byte"": null, ""start_line"": 133}"	P01252
agent-typescript-3437109293:shipped-escapes:25	2	agent-typescript-3437109293:shipped-escapes	natural:agent-typescript-3437109293:shipped-escapes:25	4a8989428bb19e73	"{""end_byte"": null, ""end_line"": 139, ""owner"": null, ""path"": ""src/peers/arweave-peer-manager.test.ts"", ""start_byte"": null, ""start_line"": 139}"	P01515
agent-typescript-3437109293:shipped-escapes:26	2	agent-typescript-3437109293:shipped-escapes	natural:agent-typescript-3437109293:shipped-escapes:26	4b7eb9ee43b6eafd	"{""end_byte"": null, ""end_line"": 145, ""owner"": null, ""path"": ""src/peers/arweave-peer-manager.test.ts"", ""start_byte"": null, ""start_line"": 145}"	P01142
agent-typescript-3437109293:shipped-escapes:27	2	agent-typescript-3437109293:shipped-escapes	natural:agent-typescript-3437109293:shipped-escapes:27	6af5f629c6518d0b	"{""end_byte"": null, ""end_line"": 160, ""owner"": null, ""path"": ""src/peers/arweave-peer-manager.test.ts"", ""start_byte"": null, ""start_line"": 160}"	P01652
agent-typescript-3437109293:shipped-escapes:28	2	agent-typescript-3437109293:shipped-escapes	natural:agent-typescript-3437109293:shipped-escapes:28	0f79a02e0ab01f3b	"{""end_byte"": null, ""end_line"": 170, ""owner"": null, ""path"": ""src/peers/arweave-peer-manager.test.ts"", ""start_byte"": null, ""start_line"": 170}"	P01084
agent-typescript-3437109293:shipped-escapes:29	2	agent-typescript-3437109293:shipped-escapes	natural:agent-typescript-3437109293:shipped-escapes:29	7a67c16f8d56450a	"{""end_byte"": null, ""end_line"": 196, ""owner"": null, ""path"": ""src/peers/arweave-peer-manager.test.ts"", ""start_byte"": null, ""start_line"": 196}"	P00949
agent-typescript-3437109293:shipped-escapes:30	2	agent-typescript-3437109293:shipped-escapes	natural:agent-typescript-3437109293:shipped-escapes:30	63ce086f93fd3bd1	"{""end_byte"": null, ""end_line"": 244, ""owner"": null, ""path"": ""src/peers/arweave-peer-manager.test.ts"", ""start_byte"": null, ""start_line"": 244}"	P01440
agent-typescript-3437109293:shipped-escapes:31	2	agent-typescript-3437109293:shipped-escapes	natural:agent-typescript-3437109293:shipped-escapes:31	45e2a4f5f2aedf3d	"{""end_byte"": null, ""end_line"": 264, ""owner"": null, ""path"": ""src/peers/arweave-peer-manager.test.ts"", ""start_byte"": null, ""start_line"": 264}"	P02129
agent-typescript-3437109293:shipped-escapes:32	2	agent-typescript-3437109293:shipped-escapes	natural:agent-typescript-3437109293:shipped-escapes:32	830255948fa220e2	"{""end_byte"": null, ""end_line"": 293, ""owner"": null, ""path"": ""src/peers/arweave-peer-manager.test.ts"", ""start_byte"": null, ""start_line"": 293}"	P01668
agent-typescript-3437109293:shipped-escapes:33	2	agent-typescript-3437109293:shipped-escapes	natural:agent-typescript-3437109293:shipped-escapes:33	cb8adf0bacce42e6	"{""end_byte"": null, ""end_line"": 298, ""owner"": null, ""path"": ""src/peers/arweave-peer-manager.test.ts"", ""start_byte"": null, ""start_line"": 298}"	P01036
agent-typescript-3437109293:shipped-escapes:34	2	agent-typescript-3437109293:shipped-escapes	natural:agent-typescript-3437109293:shipped-escapes:34	d6e5abe56c20d2c5	"{""end_byte"": null, ""end_line"": 381, ""owner"": null, ""path"": ""src/peers/arweave-peer-manager.test.ts"", ""start_byte"": null, ""start_line"": 381}"	P00962
agent-typescript-3437109293:shipped-escapes:35	2	agent-typescript-3437109293:shipped-escapes	natural:agent-typescript-3437109293:shipped-escapes:35	764223bfd439f50c	"{""end_byte"": null, ""end_line"": 387, ""owner"": null, ""path"": ""src/peers/arweave-peer-manager.test.ts"", ""start_byte"": null, ""start_line"": 387}"	P00127
agent-typescript-3437109293:shipped-escapes:36	2	agent-typescript-3437109293:shipped-escapes	natural:agent-typescript-3437109293:shipped-escapes:36	4b7fd58c3354a0b7	"{""end_byte"": null, ""end_line"": 388, ""owner"": null, ""path"": ""src/peers/arweave-peer-manager.test.ts"", ""start_byte"": null, ""start_line"": 388}"	P00925
agent-typescript-3437109293:shipped-escapes:37	2	agent-typescript-3437109293:shipped-escapes	natural:agent-typescript-3437109293:shipped-escapes:37	cbb4f7cbbc626836	"{""end_byte"": null, ""end_line"": 394, ""owner"": null, ""path"": ""src/peers/arweave-peer-manager.test.ts"", ""start_byte"": null, ""start_line"": 394}"	P00278
agent-typescript-3437109293:shipped-escapes:38	2	agent-typescript-3437109293:shipped-escapes	natural:agent-typescript-3437109293:shipped-escapes:38	bb170d5d73df749a	"{""end_byte"": null, ""end_line"": 413, ""owner"": null, ""path"": ""src/peers/arweave-peer-manager.test.ts"", ""start_byte"": null, ""start_line"": 413}"	P02028
agent-typescript-3437109293:shipped-escapes:39	2	agent-typescript-3437109293:shipped-escapes	natural:agent-typescript-3437109293:shipped-escapes:39	5ceeb3e0c4063dc0	"{""end_byte"": null, ""end_line"": 467, ""owner"": null, ""path"": ""src/peers/arweave-peer-manager.test.ts"", ""start_byte"": null, ""start_line"": 467}"	P00530
agent-typescript-3437109293:shipped-escapes:40	2	agent-typescript-3437109293:shipped-escapes	natural:agent-typescript-3437109293:shipped-escapes:40	dfbdedb4651b8291	"{""end_byte"": null, ""end_line"": 535, ""owner"": null, ""path"": ""src/peers/arweave-peer-manager.test.ts"", ""start_byte"": null, ""start_line"": 535}"	P00244
agent-typescript-3437109293:shipped-escapes:41	2	agent-typescript-3437109293:shipped-escapes	natural:agent-typescript-3437109293:shipped-escapes:41	135320748f1b1b28	"{""end_byte"": null, ""end_line"": 557, ""owner"": null, ""path"": ""src/peers/arweave-peer-manager.test.ts"", ""start_byte"": null, ""start_line"": 557}"	P00214
agent-typescript-3437109293:shipped-escapes:42	2	agent-typescript-3437109293:shipped-escapes	natural:agent-typescript-3437109293:shipped-escapes:42	7a80481b8357f5b5	"{""end_byte"": null, ""end_line"": 587, ""owner"": null, ""path"": ""src/peers/arweave-peer-manager.test.ts"", ""start_byte"": null, ""start_line"": 587}"	P02033
agent-typescript-3437109293:shipped-escapes:43	2	agent-typescript-3437109293:shipped-escapes	natural:agent-typescript-3437109293:shipped-escapes:43	b3d1c8aa4bfe75a1	"{""end_byte"": null, ""end_line"": 597, ""owner"": null, ""path"": ""src/peers/arweave-peer-manager.test.ts"", ""start_byte"": null, ""start_line"": 597}"	P00705
agent-typescript-3437109293:shipped-escapes:44	2	agent-typescript-3437109293:shipped-escapes	natural:agent-typescript-3437109293:shipped-escapes:44	f38312b522056355	"{""end_byte"": null, ""end_line"": 226, ""owner"": null, ""path"": ""src/peers/arweave-peer-manager.ts"", ""start_byte"": null, ""start_line"": 226}"	P02036
agent-typescript-3437109293:shipped-escapes:45	2	agent-typescript-3437109293:shipped-escapes	natural:agent-typescript-3437109293:shipped-escapes:45	5258963cd8d927f8	"{""end_byte"": null, ""end_line"": 235, ""owner"": null, ""path"": ""src/peers/arweave-peer-manager.ts"", ""start_byte"": null, ""start_line"": 235}"	P00038
agent-typescript-3437109293:shipped-escapes:46	2	agent-typescript-3437109293:shipped-escapes	natural:agent-typescript-3437109293:shipped-escapes:46	eaac3ad98cca350c	"{""end_byte"": null, ""end_line"": 37, ""owner"": null, ""path"": ""src/routes/chunk/handlers.test.ts"", ""start_byte"": null, ""start_line"": 37}"	P01800
agent-typescript-3437109293:shipped-escapes:47	2	agent-typescript-3437109293:shipped-escapes	natural:agent-typescript-3437109293:shipped-escapes:47	9f4c361e411d45ab	"{""end_byte"": null, ""end_line"": 77, ""owner"": null, ""path"": ""src/routes/chunk/handlers.test.ts"", ""start_byte"": null, ""start_line"": 77}"	P00117
agent-typescript-3437109293:shipped-escapes:48	2	agent-typescript-3437109293:shipped-escapes	natural:agent-typescript-3437109293:shipped-escapes:48	217fbef53bc474bb	"{""end_byte"": null, ""end_line"": 72, ""owner"": null, ""path"": ""tools/sample-chunk-offsets.ts"", ""start_byte"": null, ""start_line"": 72}"	P00787
agent-typescript-3437109293:shipped-escapes:49	2	agent-typescript-3437109293:shipped-escapes	natural:agent-typescript-3437109293:shipped-escapes:49	7d88574d894c3d46	"{""end_byte"": null, ""end_line"": 263, ""owner"": null, ""path"": ""src/arweave/composite-client.ts"", ""start_byte"": null, ""start_line"": 263}"	P00262
agent-typescript-3437109293:shipped-escapes:50	2	agent-typescript-3437109293:shipped-escapes	natural:agent-typescript-3437109293:shipped-escapes:50	723a96fa207137f3	"{""end_byte"": null, ""end_line"": 71, ""owner"": null, ""path"": ""src/routes/chunk/handlers.ts"", ""start_byte"": null, ""start_line"": 71}"	P01912
agent-typescript-3437109293:shipped-test-skip:1	2	agent-typescript-3437109293:shipped-test-skip	natural:agent-typescript-3437109293:shipped-test-skip:1	1327fbeda01bf56a	"{""end_byte"": null, ""end_line"": 18, ""owner"": null, ""path"": ""src/arweave/composite-client-binary-search.test.ts"", ""start_byte"": null, ""start_line"": 18}"	P01673
agent-typescript-3437109293:shipped-test-skip:2	2	agent-typescript-3437109293:shipped-test-skip	natural:agent-typescript-3437109293:shipped-test-skip:2	3cc10aa2717843c8	"{""end_byte"": null, ""end_line"": 19, ""owner"": null, ""path"": ""src/arweave/composite-client-binary-search.test.ts"", ""start_byte"": null, ""start_line"": 19}"	P02088
agent-typescript-3437109293:shipped-test-skip:3	2	agent-typescript-3437109293:shipped-test-skip	natural:agent-typescript-3437109293:shipped-test-skip:3	3298c2f7056e44cf	"{""end_byte"": null, ""end_line"": 20, ""owner"": null, ""path"": ""src/arweave/composite-client-binary-search.test.ts"", ""start_byte"": null, ""start_line"": 20}"	P00394
agent-typescript-3437109293:shipped-test-skip:4	2	agent-typescript-3437109293:shipped-test-skip	natural:agent-typescript-3437109293:shipped-test-skip:4	823147da2d03c125	"{""end_byte"": null, ""end_line"": 21, ""owner"": null, ""path"": ""src/arweave/composite-client-binary-search.test.ts"", ""start_byte"": null, ""start_line"": 21}"	P01129
agent-typescript-3437109293:shipped-test-skip:5	2	agent-typescript-3437109293:shipped-test-skip	natural:agent-typescript-3437109293:shipped-test-skip:5	841dbe9af6b98f3f	"{""end_byte"": null, ""end_line"": 32, ""owner"": null, ""path"": ""src/arweave/composite-client-binary-search.test.ts"", ""start_byte"": null, ""start_line"": 32}"	P00113
agent-typescript-3437109293:shipped-test-skip:6	2	agent-typescript-3437109293:shipped-test-skip	natural:agent-typescript-3437109293:shipped-test-skip:6	02393c7323e65328	"{""end_byte"": null, ""end_line"": 35, ""owner"": null, ""path"": ""src/arweave/composite-client-binary-search.test.ts"", ""start_byte"": null, ""start_line"": 35}"	P01038
agent-typescript-3437109293:shipped-test-skip:7	2	agent-typescript-3437109293:shipped-test-skip	natural:agent-typescript-3437109293:shipped-test-skip:7	1db12d337f30dd5f	"{""end_byte"": null, ""end_line"": 214, ""owner"": null, ""path"": ""src/arweave/composite-client-binary-search.test.ts"", ""start_byte"": null, ""start_line"": 214}"	P01780
agent-typescript-3437109293:shipped-test-skip:8	2	agent-typescript-3437109293:shipped-test-skip	natural:agent-typescript-3437109293:shipped-test-skip:8	a134b40b552c240e	"{""end_byte"": null, ""end_line"": 219, ""owner"": null, ""path"": ""src/arweave/composite-client-binary-search.test.ts"", ""start_byte"": null, ""start_line"": 219}"	P00453
agent-typescript-3437109293:shipped-test-skip:9	2	agent-typescript-3437109293:shipped-test-skip	natural:agent-typescript-3437109293:shipped-test-skip:9	d491a6cd53d02906	"{""end_byte"": null, ""end_line"": 482, ""owner"": null, ""path"": ""src/arweave/composite-client-binary-search.test.ts"", ""start_byte"": null, ""start_line"": 482}"	P00570
agent-typescript-3437109293:shipped-test-skip:10	2	agent-typescript-3437109293:shipped-test-skip	natural:agent-typescript-3437109293:shipped-test-skip:10	ee041739bdceed6f	"{""end_byte"": null, ""end_line"": 19, ""owner"": null, ""path"": ""src/arweave/composite-client.test.ts"", ""start_byte"": null, ""start_line"": 19}"	P01945
agent-typescript-3437109293:shipped-test-skip:11	2	agent-typescript-3437109293:shipped-test-skip	natural:agent-typescript-3437109293:shipped-test-skip:11	7185ed48a2c85b60	"{""end_byte"": null, ""end_line"": 1039, ""owner"": null, ""path"": ""src/arweave/composite-client.ts"", ""start_byte"": null, ""start_line"": 1039}"	P01728
agent-typescript-3437109293:shipped-test-skip:12	2	agent-typescript-3437109293:shipped-test-skip	natural:agent-typescript-3437109293:shipped-test-skip:12	b8d533561fa9c417	"{""end_byte"": null, ""end_line"": 1079, ""owner"": null, ""path"": ""src/arweave/composite-client.ts"", ""start_byte"": null, ""start_line"": 1079}"	P02150
agent-typescript-3437109293:shipped-test-skip:13	2	agent-typescript-3437109293:shipped-test-skip	natural:agent-typescript-3437109293:shipped-test-skip:13	23c963a4b70bb238	"{""end_byte"": null, ""end_line"": 1652, ""owner"": null, ""path"": ""src/arweave/composite-client.ts"", ""start_byte"": null, ""start_line"": 1652}"	P01785
agent-typescript-3437109293:shipped-test-skip:14	2	agent-typescript-3437109293:shipped-test-skip	natural:agent-typescript-3437109293:shipped-test-skip:14	bdabd42ec4f5c973	"{""end_byte"": null, ""end_line"": 1763, ""owner"": null, ""path"": ""src/arweave/composite-client.ts"", ""start_byte"": null, ""start_line"": 1763}"	P01985
agent-typescript-3437109293:shipped-test-skip:15	2	agent-typescript-3437109293:shipped-test-skip	natural:agent-typescript-3437109293:shipped-test-skip:15	02a6835cf6dc7896	"{""end_byte"": null, ""end_line"": 16, ""owner"": null, ""path"": ""src/data/chain-tx-offset-source.test.ts"", ""start_byte"": null, ""start_line"": 16}"	P01203
agent-typescript-3437109293:shipped-test-skip:16	2	agent-typescript-3437109293:shipped-test-skip	natural:agent-typescript-3437109293:shipped-test-skip:16	79edb360d1c9d0f0	"{""end_byte"": null, ""end_line"": 80, ""owner"": null, ""path"": ""src/data/chain-tx-offset-source.ts"", ""start_byte"": null, ""start_line"": 80}"	P02025
agent-typescript-3437109293:shipped-test-skip:17	2	agent-typescript-3437109293:shipped-test-skip	natural:agent-typescript-3437109293:shipped-test-skip:17	5a4feb469cdd97c4	"{""end_byte"": null, ""end_line"": 62, ""owner"": null, ""path"": ""src/data/composite-tx-offset-source.test.ts"", ""start_byte"": null, ""start_line"": 62}"	P01277
agent-typescript-3437109293:shipped-test-skip:18	2	agent-typescript-3437109293:shipped-test-skip	natural:agent-typescript-3437109293:shipped-test-skip:18	84a80286dd572d9c	"{""end_byte"": null, ""end_line"": 66, ""owner"": null, ""path"": ""src/data/composite-tx-offset-source.test.ts"", ""start_byte"": null, ""start_line"": 66}"	P02057
agent-typescript-3437109293:shipped-test-skip:19	2	agent-typescript-3437109293:shipped-test-skip	natural:agent-typescript-3437109293:shipped-test-skip:19	2418d1b2266a78fe	"{""end_byte"": null, ""end_line"": 76, ""owner"": null, ""path"": ""src/data/composite-tx-offset-source.ts"", ""start_byte"": null, ""start_line"": 76}"	P01446
agent-typescript-3437109293:shipped-test-skip:20	2	agent-typescript-3437109293:shipped-test-skip	natural:agent-typescript-3437109293:shipped-test-skip:20	913ccbb1b7111bf8	"{""end_byte"": null, ""end_line"": 16, ""owner"": null, ""path"": ""src/data/database-tx-offset-source.test.ts"", ""start_byte"": null, ""start_line"": 16}"	P01163
agent-typescript-3437109293:shipped-test-skip:21	2	agent-typescript-3437109293:shipped-test-skip	natural:agent-typescript-3437109293:shipped-test-skip:21	d0d2e61c210f0446	"{""end_byte"": null, ""end_line"": 43, ""owner"": null, ""path"": ""src/data/database-tx-offset-source.ts"", ""start_byte"": null, ""start_line"": 43}"	P00992
agent-typescript-3437109293:shipped-test-skip:22	2	agent-typescript-3437109293:shipped-test-skip	natural:agent-typescript-3437109293:shipped-test-skip:22	922f863ba2010ce4	"{""end_byte"": null, ""end_line"": 79, ""owner"": null, ""path"": ""src/peers/arweave-peer-manager.test.ts"", ""start_byte"": null, ""start_line"": 79}"	P01064
agent-typescript-3437109293:shipped-test-skip:23	2	agent-typescript-3437109293:shipped-test-skip	natural:agent-typescript-3437109293:shipped-test-skip:23	026fcc5510128d32	"{""end_byte"": null, ""end_line"": 95, ""owner"": null, ""path"": ""src/peers/arweave-peer-manager.test.ts"", ""start_byte"": null, ""start_line"": 95}"	P00121
agent-typescript-3437109293:shipped-test-skip:24	2	agent-typescript-3437109293:shipped-test-skip	natural:agent-typescript-3437109293:shipped-test-skip:24	144df0e7db745b88	"{""end_byte"": null, ""end_line"": 133, ""owner"": null, ""path"": ""src/peers/arweave-peer-manager.test.ts"", ""start_byte"": null, ""start_line"": 133}"	P00866
agent-typescript-3437109293:shipped-test-skip:25	2	agent-typescript-3437109293:shipped-test-skip	natural:agent-typescript-3437109293:shipped-test-skip:25	4a8989428bb19e73	"{""end_byte"": null, ""end_line"": 139, ""owner"": null, ""path"": ""src/peers/arweave-peer-manager.test.ts"", ""start_byte"": null, ""start_line"": 139}"	P01112
agent-typescript-3437109293:shipped-test-skip:26	2	agent-typescript-3437109293:shipped-test-skip	natural:agent-typescript-3437109293:shipped-test-skip:26	4b7eb9ee43b6eafd	"{""end_byte"": null, ""end_line"": 145, ""owner"": null, ""path"": ""src/peers/arweave-peer-manager.test.ts"", ""start_byte"": null, ""start_line"": 145}"	P00916
agent-typescript-3437109293:shipped-test-skip:27	2	agent-typescript-3437109293:shipped-test-skip	natural:agent-typescript-3437109293:shipped-test-skip:27	6af5f629c6518d0b	"{""end_byte"": null, ""end_line"": 160, ""owner"": null, ""path"": ""src/peers/arweave-peer-manager.test.ts"", ""start_byte"": null, ""start_line"": 160}"	P00174
agent-typescript-3437109293:shipped-test-skip:28	2	agent-typescript-3437109293:shipped-test-skip	natural:agent-typescript-3437109293:shipped-test-skip:28	0f79a02e0ab01f3b	"{""end_byte"": null, ""end_line"": 170, ""owner"": null, ""path"": ""src/peers/arweave-peer-manager.test.ts"", ""start_byte"": null, ""start_line"": 170}"	P01172
agent-typescript-3437109293:shipped-test-skip:29	2	agent-typescript-3437109293:shipped-test-skip	natural:agent-typescript-3437109293:shipped-test-skip:29	7a67c16f8d56450a	"{""end_byte"": null, ""end_line"": 196, ""owner"": null, ""path"": ""src/peers/arweave-peer-manager.test.ts"", ""start_byte"": null, ""start_line"": 196}"	P01732
agent-typescript-3437109293:shipped-test-skip:30	2	agent-typescript-3437109293:shipped-test-skip	natural:agent-typescript-3437109293:shipped-test-skip:30	63ce086f93fd3bd1	"{""end_byte"": null, ""end_line"": 244, ""owner"": null, ""path"": ""src/peers/arweave-peer-manager.test.ts"", ""start_byte"": null, ""start_line"": 244}"	P00452
agent-typescript-3437109293:shipped-test-skip:31	2	agent-typescript-3437109293:shipped-test-skip	natural:agent-typescript-3437109293:shipped-test-skip:31	45e2a4f5f2aedf3d	"{""end_byte"": null, ""end_line"": 264, ""owner"": null, ""path"": ""src/peers/arweave-peer-manager.test.ts"", ""start_byte"": null, ""start_line"": 264}"	P00367
agent-typescript-3437109293:shipped-test-skip:32	2	agent-typescript-3437109293:shipped-test-skip	natural:agent-typescript-3437109293:shipped-test-skip:32	830255948fa220e2	"{""end_byte"": null, ""end_line"": 293, ""owner"": null, ""path"": ""src/peers/arweave-peer-manager.test.ts"", ""start_byte"": null, ""start_line"": 293}"	P01877
agent-typescript-3437109293:shipped-test-skip:33	2	agent-typescript-3437109293:shipped-test-skip	natural:agent-typescript-3437109293:shipped-test-skip:33	cb8adf0bacce42e6	"{""end_byte"": null, ""end_line"": 298, ""owner"": null, ""path"": ""src/peers/arweave-peer-manager.test.ts"", ""start_byte"": null, ""start_line"": 298}"	P00813
agent-typescript-3437109293:shipped-test-skip:34	2	agent-typescript-3437109293:shipped-test-skip	natural:agent-typescript-3437109293:shipped-test-skip:34	d6e5abe56c20d2c5	"{""end_byte"": null, ""end_line"": 381, ""owner"": null, ""path"": ""src/peers/arweave-peer-manager.test.ts"", ""start_byte"": null, ""start_line"": 381}"	P01602
agent-typescript-3437109293:shipped-test-skip:35	2	agent-typescript-3437109293:shipped-test-skip	natural:agent-typescript-3437109293:shipped-test-skip:35	764223bfd439f50c	"{""end_byte"": null, ""end_line"": 387, ""owner"": null, ""path"": ""src/peers/arweave-peer-manager.test.ts"", ""start_byte"": null, ""start_line"": 387}"	P00402
agent-typescript-3437109293:shipped-test-skip:36	2	agent-typescript-3437109293:shipped-test-skip	natural:agent-typescript-3437109293:shipped-test-skip:36	4b7fd58c3354a0b7	"{""end_byte"": null, ""end_line"": 388, ""owner"": null, ""path"": ""src/peers/arweave-peer-manager.test.ts"", ""start_byte"": null, ""start_line"": 388}"	P00646
agent-typescript-3437109293:shipped-test-skip:37	2	agent-typescript-3437109293:shipped-test-skip	natural:agent-typescript-3437109293:shipped-test-skip:37	cbb4f7cbbc626836	"{""end_byte"": null, ""end_line"": 394, ""owner"": null, ""path"": ""src/peers/arweave-peer-manager.test.ts"", ""start_byte"": null, ""start_line"": 394}"	P00640
agent-typescript-3437109293:shipped-test-skip:38	2	agent-typescript-3437109293:shipped-test-skip	natural:agent-typescript-3437109293:shipped-test-skip:38	bb170d5d73df749a	"{""end_byte"": null, ""end_line"": 413, ""owner"": null, ""path"": ""src/peers/arweave-peer-manager.test.ts"", ""start_byte"": null, ""start_line"": 413}"	P01524
agent-typescript-3437109293:shipped-test-skip:39	2	agent-typescript-3437109293:shipped-test-skip	natural:agent-typescript-3437109293:shipped-test-skip:39	5ceeb3e0c4063dc0	"{""end_byte"": null, ""end_line"": 467, ""owner"": null, ""path"": ""src/peers/arweave-peer-manager.test.ts"", ""start_byte"": null, ""start_line"": 467}"	P00385
agent-typescript-3437109293:shipped-test-skip:40	2	agent-typescript-3437109293:shipped-test-skip	natural:agent-typescript-3437109293:shipped-test-skip:40	dfbdedb4651b8291	"{""end_byte"": null, ""end_line"": 535, ""owner"": null, ""path"": ""src/peers/arweave-peer-manager.test.ts"", ""start_byte"": null, ""start_line"": 535}"	P01633
agent-typescript-3437109293:shipped-test-skip:41	2	agent-typescript-3437109293:shipped-test-skip	natural:agent-typescript-3437109293:shipped-test-skip:41	135320748f1b1b28	"{""end_byte"": null, ""end_line"": 557, ""owner"": null, ""path"": ""src/peers/arweave-peer-manager.test.ts"", ""start_byte"": null, ""start_line"": 557}"	P01909
agent-typescript-3437109293:shipped-test-skip:42	2	agent-typescript-3437109293:shipped-test-skip	natural:agent-typescript-3437109293:shipped-test-skip:42	7a80481b8357f5b5	"{""end_byte"": null, ""end_line"": 587, ""owner"": null, ""path"": ""src/peers/arweave-peer-manager.test.ts"", ""start_byte"": null, ""start_line"": 587}"	P01565
agent-typescript-3437109293:shipped-test-skip:43	2	agent-typescript-3437109293:shipped-test-skip	natural:agent-typescript-3437109293:shipped-test-skip:43	b3d1c8aa4bfe75a1	"{""end_byte"": null, ""end_line"": 597, ""owner"": null, ""path"": ""src/peers/arweave-peer-manager.test.ts"", ""start_byte"": null, ""start_line"": 597}"	P00238
agent-typescript-3437109293:shipped-test-skip:44	2	agent-typescript-3437109293:shipped-test-skip	natural:agent-typescript-3437109293:shipped-test-skip:44	f38312b522056355	"{""end_byte"": null, ""end_line"": 226, ""owner"": null, ""path"": ""src/peers/arweave-peer-manager.ts"", ""start_byte"": null, ""start_line"": 226}"	P00699
agent-typescript-3437109293:shipped-test-skip:45	2	agent-typescript-3437109293:shipped-test-skip	natural:agent-typescript-3437109293:shipped-test-skip:45	5258963cd8d927f8	"{""end_byte"": null, ""end_line"": 235, ""owner"": null, ""path"": ""src/peers/arweave-peer-manager.ts"", ""start_byte"": null, ""start_line"": 235}"	P00515
agent-typescript-3437109293:shipped-test-skip:46	2	agent-typescript-3437109293:shipped-test-skip	natural:agent-typescript-3437109293:shipped-test-skip:46	eaac3ad98cca350c	"{""end_byte"": null, ""end_line"": 37, ""owner"": null, ""path"": ""src/routes/chunk/handlers.test.ts"", ""start_byte"": null, ""start_line"": 37}"	P01278
agent-typescript-3437109293:shipped-test-skip:47	2	agent-typescript-3437109293:shipped-test-skip	natural:agent-typescript-3437109293:shipped-test-skip:47	9f4c361e411d45ab	"{""end_byte"": null, ""end_line"": 77, ""owner"": null, ""path"": ""src/routes/chunk/handlers.test.ts"", ""start_byte"": null, ""start_line"": 77}"	P00638
agent-typescript-3437109293:shipped-test-skip:48	2	agent-typescript-3437109293:shipped-test-skip	natural:agent-typescript-3437109293:shipped-test-skip:48	217fbef53bc474bb	"{""end_byte"": null, ""end_line"": 72, ""owner"": null, ""path"": ""tools/sample-chunk-offsets.ts"", ""start_byte"": null, ""start_line"": 72}"	P00905
agent-typescript-3437109293:shipped-test-skip:49	2	agent-typescript-3437109293:shipped-test-skip	natural:agent-typescript-3437109293:shipped-test-skip:49	7d88574d894c3d46	"{""end_byte"": null, ""end_line"": 263, ""owner"": null, ""path"": ""src/arweave/composite-client.ts"", ""start_byte"": null, ""start_line"": 263}"	P00185
agent-typescript-3437109293:shipped-test-skip:50	2	agent-typescript-3437109293:shipped-test-skip	natural:agent-typescript-3437109293:shipped-test-skip:50	723a96fa207137f3	"{""end_byte"": null, ""end_line"": 71, ""owner"": null, ""path"": ""src/routes/chunk/handlers.ts"", ""start_byte"": null, ""start_line"": 71}"	P00790
agent-typescript-3437109293:test-new-unchecked:1	2	agent-typescript-3437109293:test-new-unchecked	natural:agent-typescript-3437109293:test-new-unchecked:1	new-test-unchecked:none:src/peers/ar-io-peer-manager.test.ts:332	"{""end_byte"": null, ""end_line"": 332, ""owner"": null, ""path"": ""src/peers/ar-io-peer-manager.test.ts"", ""start_byte"": null, ""start_line"": 332}"	P00506
agent-typescript-3437109293:design-family-bypass:1	2	agent-typescript-3437109293:design-family-bypass	natural:agent-typescript-3437109293:design-family-bypass:1	family-bypass:src/data/chain-tx-offset-source.ts:16:ChainTxOffsetSource in src/data/ is named `*Source` like 10 members; it does not implement ContiguousDataSource, which 10 of 23 sibling files implement (e.g. ar-io-data-source.ts, filtered-contiguous-data-source.ts)	"{""end_byte"": null, ""end_line"": 16, ""owner"": null, ""path"": ""src/data/chain-tx-offset-source.ts"", ""start_byte"": null, ""start_line"": 16}"	P01154
agent-typescript-3437109293:design-family-bypass:2	2	agent-typescript-3437109293:design-family-bypass	natural:agent-typescript-3437109293:design-family-bypass:2	family-bypass:src/data/chain-tx-offset-source.ts:16:ChainTxOffsetSource in src/data/ is named `*Source` like 5 members; it does not implement ChunkDataByAnySource, which 5 of 23 sibling files implement (e.g. ar-io-chunk-source.ts, composite-chunk-data-source.ts)	"{""end_byte"": null, ""end_line"": 16, ""owner"": null, ""path"": ""src/data/chain-tx-offset-source.ts"", ""start_byte"": null, ""start_line"": 16}"	P02039
agent-typescript-3437109293:design-family-bypass:3	2	agent-typescript-3437109293:design-family-bypass	natural:agent-typescript-3437109293:design-family-bypass:3	family-bypass:src/data/chain-tx-offset-source.ts:16:ChainTxOffsetSource in src/data/ is named `*Source` like 5 members; it does not implement ChunkMetadataByAnySource, which 5 of 23 sibling files implement (e.g. ar-io-chunk-source.ts, composite-chunk-metadata-source.ts)	"{""end_byte"": null, ""end_line"": 16, ""owner"": null, ""path"": ""src/data/chain-tx-offset-source.ts"", ""start_byte"": null, ""start_line"": 16}"	P00190
agent-typescript-3437109293:design-family-bypass:4	2	agent-typescript-3437109293:design-family-bypass	natural:agent-typescript-3437109293:design-family-bypass:4	family-bypass:src/data/composite-tx-offset-source.ts:16:CompositeTxOffsetSource in src/data/ is named `*Source` like 10 members; it does not implement ContiguousDataSource, which 10 of 23 sibling files implement (e.g. ar-io-data-source.ts, filtered-contiguous-data-source.ts)	"{""end_byte"": null, ""end_line"": 16, ""owner"": null, ""path"": ""src/data/composite-tx-offset-source.ts"", ""start_byte"": null, ""start_line"": 16}"	P01835
agent-typescript-3437109293:design-family-bypass:5	2	agent-typescript-3437109293:design-family-bypass	natural:agent-typescript-3437109293:design-family-bypass:5	family-bypass:src/data/composite-tx-offset-source.ts:16:CompositeTxOffsetSource in src/data/ is named `*Source` like 5 members; it does not implement ChunkDataByAnySource, which 5 of 23 sibling files implement (e.g. ar-io-chunk-source.ts, composite-chunk-data-source.ts)	"{""end_byte"": null, ""end_line"": 16, ""owner"": null, ""path"": ""src/data/composite-tx-offset-source.ts"", ""start_byte"": null, ""start_line"": 16}"	P01528
agent-typescript-3437109293:design-family-bypass:6	2	agent-typescript-3437109293:design-family-bypass	natural:agent-typescript-3437109293:design-family-bypass:6	family-bypass:src/data/composite-tx-offset-source.ts:16:CompositeTxOffsetSource in src/data/ is named `*Source` like 5 members; it does not implement ChunkMetadataByAnySource, which 5 of 23 sibling files implement (e.g. ar-io-chunk-source.ts, composite-chunk-metadata-source.ts)	"{""end_byte"": null, ""end_line"": 16, ""owner"": null, ""path"": ""src/data/composite-tx-offset-source.ts"", ""start_byte"": null, ""start_line"": 16}"	P02014
agent-typescript-3437109293:design-family-bypass:7	2	agent-typescript-3437109293:design-family-bypass	natural:agent-typescript-3437109293:design-family-bypass:7	family-bypass:src/data/database-tx-offset-source.ts:16:DatabaseTxOffsetSource in src/data/ is named `*Source` like 10 members; it does not implement ContiguousDataSource, which 10 of 23 sibling files implement (e.g. ar-io-data-source.ts, filtered-contiguous-data-source.ts)	"{""end_byte"": null, ""end_line"": 16, ""owner"": null, ""path"": ""src/data/database-tx-offset-source.ts"", ""start_byte"": null, ""start_line"": 16}"	P01675
agent-typescript-3437109293:design-family-bypass:8	2	agent-typescript-3437109293:design-family-bypass	natural:agent-typescript-3437109293:design-family-bypass:8	family-bypass:src/data/database-tx-offset-source.ts:16:DatabaseTxOffsetSource in src/data/ is named `*Source` like 5 members; it does not implement ChunkDataByAnySource, which 5 of 23 sibling files implement (e.g. ar-io-chunk-source.ts, composite-chunk-data-source.ts)	"{""end_byte"": null, ""end_line"": 16, ""owner"": null, ""path"": ""src/data/database-tx-offset-source.ts"", ""start_byte"": null, ""start_line"": 16}"	P01902
agent-typescript-3437109293:design-family-bypass:9	2	agent-typescript-3437109293:design-family-bypass	natural:agent-typescript-3437109293:design-family-bypass:9	family-bypass:src/data/database-tx-offset-source.ts:16:DatabaseTxOffsetSource in src/data/ is named `*Source` like 5 members; it does not implement ChunkMetadataByAnySource, which 5 of 23 sibling files implement (e.g. ar-io-chunk-source.ts, composite-chunk-metadata-source.ts)	"{""end_byte"": null, ""end_line"": 16, ""owner"": null, ""path"": ""src/data/database-tx-offset-source.ts"", ""start_byte"": null, ""start_line"": 16}"	P00084
agent-typescript-3437109293:design-component-cycle:1	2	agent-typescript-3437109293:design-component-cycle	natural:agent-typescript-3437109293:design-component-cycle:1	component-cycle:src/arweave/composite-client.ts:34:new dependency arweave -> peers in src closes the cycle peers -> (root) -> arweave (6 imports, e.g. src/peers/ar-io-peer-manager.ts:11)	"{""end_byte"": null, ""end_line"": 34, ""owner"": null, ""path"": ""src/arweave/composite-client.ts"", ""start_byte"": null, ""start_line"": 34}"	P01888
agent-typescript-3437109293:design-component-cycle:2	2	agent-typescript-3437109293:design-component-cycle	natural:agent-typescript-3437109293:design-component-cycle:2	component-cycle:src/data/ar-io-chunk-source.ts:13:new dependency data -> peers in src closes the cycle peers -> (root) -> data (23 imports, e.g. src/peers/ar-io-peer-manager.ts:11)	"{""end_byte"": null, ""end_line"": 13, ""owner"": null, ""path"": ""src/data/ar-io-chunk-source.ts"", ""start_byte"": null, ""start_line"": 13}"	P00990
agent-typescript-3437109293:design-component-cycle:3	2	agent-typescript-3437109293:design-component-cycle	natural:agent-typescript-3437109293:design-component-cycle:3	component-cycle:src/peers/ar-io-peer-manager.ts:11:new dependency peers -> (root) in src closes the cycle (root) -> peers (2 imports, e.g. src/system.ts:14)	"{""end_byte"": null, ""end_line"": 11, ""owner"": null, ""path"": ""src/peers/ar-io-peer-manager.ts"", ""start_byte"": null, ""start_line"": 11}"	P01256
agent-typescript-3437109293:design-component-cycle:4	2	agent-typescript-3437109293:design-component-cycle	natural:agent-typescript-3437109293:design-component-cycle:4	component-cycle:src/peers/ar-io-peer-manager.ts:14:new dependency peers -> lib in src closes the cycle lib -> (root) -> peers (15 imports, e.g. src/lib/ans-104.ts:21)	"{""end_byte"": null, ""end_line"": 14, ""owner"": null, ""path"": ""src/peers/ar-io-peer-manager.ts"", ""start_byte"": null, ""start_line"": 14}"	P01251
agent-typescript-3437109293:design-component-cycle:5	2	agent-typescript-3437109293:design-component-cycle	natural:agent-typescript-3437109293:design-component-cycle:5	component-cycle:src/system.ts:14:new dependency (root) -> peers in src closes the cycle peers -> (root) (5 imports, e.g. src/peers/ar-io-peer-manager.ts:11)	"{""end_byte"": null, ""end_line"": 14, ""owner"": null, ""path"": ""src/system.ts"", ""start_byte"": null, ""start_line"": 14}"	P01194
agent-typescript-3131982797:shipped-escapes:1	2	agent-typescript-3131982797:shipped-escapes	natural:agent-typescript-3131982797:shipped-escapes:1	74ed5d7db888f274	"{""end_byte"": null, ""end_line"": 396, ""owner"": null, ""path"": ""packages/mcp-server-mocks/src/index.ts"", ""start_byte"": null, ""start_line"": 396}"	P02075
agent-typescript-3131982797:shipped-test-skip:1	2	agent-typescript-3131982797:shipped-test-skip	natural:agent-typescript-3131982797:shipped-test-skip:1	74ed5d7db888f274	"{""end_byte"": null, ""end_line"": 396, ""owner"": null, ""path"": ""packages/mcp-server-mocks/src/index.ts"", ""start_byte"": null, ""start_line"": 396}"	P00828
human-typescript-3131982797-2547389241:shipped-escapes:1	2	human-typescript-3131982797-2547389241:shipped-escapes	natural:human-typescript-3131982797-2547389241:shipped-escapes:1	0edbf156fb0b8ce4	"{""end_byte"": null, ""end_line"": 217, ""owner"": null, ""path"": ""packages/mcp-server/src/tools.ts"", ""start_byte"": null, ""start_line"": 217}"	P01286
human-typescript-3131982797-2547389241:shipped-test-skip:1	2	human-typescript-3131982797-2547389241:shipped-test-skip	natural:human-typescript-3131982797-2547389241:shipped-test-skip:1	0edbf156fb0b8ce4	"{""end_byte"": null, ""end_line"": 217, ""owner"": null, ""path"": ""packages/mcp-server/src/tools.ts"", ""start_byte"": null, ""start_line"": 217}"	P00301
human-typescript-3286267234-2715577169:shipped-escapes:1	2	human-typescript-3286267234-2715577169:shipped-escapes	natural:human-typescript-3286267234-2715577169:shipped-escapes:1	517c1c0de780f956	"{""end_byte"": null, ""end_line"": 63, ""owner"": null, ""path"": ""packages/danmaku-anywhere/src/content/player/monitors/VideoEvent.service.ts"", ""start_byte"": null, ""start_line"": 63}"	P02124
human-typescript-3286267234-2715577169:shipped-escapes:2	2	human-typescript-3286267234-2715577169:shipped-escapes	natural:human-typescript-3286267234-2715577169:shipped-escapes:2	8ca0466f7a5ed02f	"{""end_byte"": null, ""end_line"": 104, ""owner"": null, ""path"": ""packages/danmaku-anywhere/src/content/player/monitors/VideoEvent.service.ts"", ""start_byte"": null, ""start_line"": 104}"	P01121
human-typescript-3286267234-2715577169:shipped-escapes:3	2	human-typescript-3286267234-2715577169:shipped-escapes	natural:human-typescript-3286267234-2715577169:shipped-escapes:3	cca9a910b77a3c60	"{""end_byte"": null, ""end_line"": 184, ""owner"": null, ""path"": ""packages/danmaku-anywhere/src/content/player/monitors/VideoNodeObserver.ts"", ""start_byte"": null, ""start_line"": 184}"	P01324
human-typescript-3286267234-2715577169:shipped-escapes:4	2	human-typescript-3286267234-2715577169:shipped-escapes	natural:human-typescript-3286267234-2715577169:shipped-escapes:4	2d7e83bcf9554f50	"{""end_byte"": null, ""end_line"": 193, ""owner"": null, ""path"": ""packages/danmaku-anywhere/src/content/player/monitors/VideoNodeObserver.ts"", ""start_byte"": null, ""start_line"": 193}"	P00271
human-typescript-3286267234-2715577169:shipped-test-skip:1	2	human-typescript-3286267234-2715577169:shipped-test-skip	natural:human-typescript-3286267234-2715577169:shipped-test-skip:1	517c1c0de780f956	"{""end_byte"": null, ""end_line"": 63, ""owner"": null, ""path"": ""packages/danmaku-anywhere/src/content/player/monitors/VideoEvent.service.ts"", ""start_byte"": null, ""start_line"": 63}"	P01134
human-typescript-3286267234-2715577169:shipped-test-skip:2	2	human-typescript-3286267234-2715577169:shipped-test-skip	natural:human-typescript-3286267234-2715577169:shipped-test-skip:2	8ca0466f7a5ed02f	"{""end_byte"": null, ""end_line"": 104, ""owner"": null, ""path"": ""packages/danmaku-anywhere/src/content/player/monitors/VideoEvent.service.ts"", ""start_byte"": null, ""start_line"": 104}"	P02080
human-typescript-3286267234-2715577169:shipped-test-skip:3	2	human-typescript-3286267234-2715577169:shipped-test-skip	natural:human-typescript-3286267234-2715577169:shipped-test-skip:3	cca9a910b77a3c60	"{""end_byte"": null, ""end_line"": 184, ""owner"": null, ""path"": ""packages/danmaku-anywhere/src/content/player/monitors/VideoNodeObserver.ts"", ""start_byte"": null, ""start_line"": 184}"	P00779
human-typescript-3286267234-2715577169:shipped-test-skip:4	2	human-typescript-3286267234-2715577169:shipped-test-skip	natural:human-typescript-3286267234-2715577169:shipped-test-skip:4	2d7e83bcf9554f50	"{""end_byte"": null, ""end_line"": 193, ""owner"": null, ""path"": ""packages/danmaku-anywhere/src/content/player/monitors/VideoNodeObserver.ts"", ""start_byte"": null, ""start_line"": 193}"	P01842
agent-typescript-3368681439:shipped-escapes:1	2	agent-typescript-3368681439:shipped-escapes	natural:agent-typescript-3368681439:shipped-escapes:1	1265a03e05f2b05a	"{""end_byte"": null, ""end_line"": 109, ""owner"": null, ""path"": ""src/mcp/amazonqcli-mcp.ts"", ""start_byte"": null, ""start_line"": 109}"	P00673
agent-typescript-3368681439:shipped-escapes:2	2	agent-typescript-3368681439:shipped-escapes	natural:agent-typescript-3368681439:shipped-escapes:2	b5c0a76d2f603786	"{""end_byte"": null, ""end_line"": 109, ""owner"": null, ""path"": ""src/mcp/claudecode-mcp.ts"", ""start_byte"": null, ""start_line"": 109}"	P01227
agent-typescript-3368681439:shipped-escapes:3	2	agent-typescript-3368681439:shipped-escapes	natural:agent-typescript-3368681439:shipped-escapes:3	2c3444116a4ae944	"{""end_byte"": null, ""end_line"": 109, ""owner"": null, ""path"": ""src/mcp/cline-mcp.ts"", ""start_byte"": null, ""start_line"": 109}"	P00528
agent-typescript-3368681439:shipped-escapes:4	2	agent-typescript-3368681439:shipped-escapes	natural:agent-typescript-3368681439:shipped-escapes:4	8f2bfe3dc24651dd	"{""end_byte"": null, ""end_line"": 107, ""owner"": null, ""path"": ""src/mcp/copilot-mcp.ts"", ""start_byte"": null, ""start_line"": 107}"	P00404
agent-typescript-3368681439:shipped-escapes:5	2	agent-typescript-3368681439:shipped-escapes	natural:agent-typescript-3368681439:shipped-escapes:5	baccfcb843c03b85	"{""end_byte"": null, ""end_line"": 109, ""owner"": null, ""path"": ""src/mcp/cursor-mcp.ts"", ""start_byte"": null, ""start_line"": 109}"	P01705
agent-typescript-3368681439:shipped-escapes:6	2	agent-typescript-3368681439:shipped-escapes	natural:agent-typescript-3368681439:shipped-escapes:6	f7a21e0834131815	"{""end_byte"": null, ""end_line"": 109, ""owner"": null, ""path"": ""src/mcp/roo-mcp.ts"", ""start_byte"": null, ""start_line"": 109}"	P00492
agent-typescript-3368681439:shipped-test-skip:1	2	agent-typescript-3368681439:shipped-test-skip	natural:agent-typescript-3368681439:shipped-test-skip:1	1265a03e05f2b05a	"{""end_byte"": null, ""end_line"": 109, ""owner"": null, ""path"": ""src/mcp/amazonqcli-mcp.ts"", ""start_byte"": null, ""start_line"": 109}"	P00540
agent-typescript-3368681439:shipped-test-skip:2	2	agent-typescript-3368681439:shipped-test-skip	natural:agent-typescript-3368681439:shipped-test-skip:2	b5c0a76d2f603786	"{""end_byte"": null, ""end_line"": 109, ""owner"": null, ""path"": ""src/mcp/claudecode-mcp.ts"", ""start_byte"": null, ""start_line"": 109}"	P01062
agent-typescript-3368681439:shipped-test-skip:3	2	agent-typescript-3368681439:shipped-test-skip	natural:agent-typescript-3368681439:shipped-test-skip:3	2c3444116a4ae944	"{""end_byte"": null, ""end_line"": 109, ""owner"": null, ""path"": ""src/mcp/cline-mcp.ts"", ""start_byte"": null, ""start_line"": 109}"	P00391
agent-typescript-3368681439:shipped-test-skip:4	2	agent-typescript-3368681439:shipped-test-skip	natural:agent-typescript-3368681439:shipped-test-skip:4	8f2bfe3dc24651dd	"{""end_byte"": null, ""end_line"": 107, ""owner"": null, ""path"": ""src/mcp/copilot-mcp.ts"", ""start_byte"": null, ""start_line"": 107}"	P00574
agent-typescript-3368681439:shipped-test-skip:5	2	agent-typescript-3368681439:shipped-test-skip	natural:agent-typescript-3368681439:shipped-test-skip:5	baccfcb843c03b85	"{""end_byte"": null, ""end_line"": 109, ""owner"": null, ""path"": ""src/mcp/cursor-mcp.ts"", ""start_byte"": null, ""start_line"": 109}"	P01395
agent-typescript-3368681439:shipped-test-skip:6	2	agent-typescript-3368681439:shipped-test-skip	natural:agent-typescript-3368681439:shipped-test-skip:6	f7a21e0834131815	"{""end_byte"": null, ""end_line"": 109, ""owner"": null, ""path"": ""src/mcp/roo-mcp.ts"", ""start_byte"": null, ""start_line"": 109}"	P01408
human-typescript-3368681439-2692810552:shipped-escapes:1	2	human-typescript-3368681439-2692810552:shipped-escapes	natural:human-typescript-3368681439-2692810552:shipped-escapes:1	183c366cc1bec0ca	"{""end_byte"": null, ""end_line"": 211, ""owner"": null, ""path"": ""src/cli/commands/config.test.ts"", ""start_byte"": null, ""start_line"": 211}"	P00569
human-typescript-3368681439-2692810552:shipped-escapes:2	2	human-typescript-3368681439-2692810552:shipped-escapes	natural:human-typescript-3368681439-2692810552:shipped-escapes:2	2385656348793be4	"{""end_byte"": null, ""end_line"": 44, ""owner"": null, ""path"": ""src/utils/config-loader.test.ts"", ""start_byte"": null, ""start_line"": 44}"	P01674
human-typescript-3368681439-2692810552:shipped-escapes:3	2	human-typescript-3368681439-2692810552:shipped-escapes	natural:human-typescript-3368681439-2692810552:shipped-escapes:3	bbe7b304aa6a01f4	"{""end_byte"": null, ""end_line"": 45, ""owner"": null, ""path"": ""src/utils/config-loader.ts"", ""start_byte"": null, ""start_line"": 45}"	P00665
human-typescript-3368681439-2692810552:shipped-test-skip:1	2	human-typescript-3368681439-2692810552:shipped-test-skip	natural:human-typescript-3368681439-2692810552:shipped-test-skip:1	183c366cc1bec0ca	"{""end_byte"": null, ""end_line"": 211, ""owner"": null, ""path"": ""src/cli/commands/config.test.ts"", ""start_byte"": null, ""start_line"": 211}"	P00837
human-typescript-3368681439-2692810552:shipped-test-skip:2	2	human-typescript-3368681439-2692810552:shipped-test-skip	natural:human-typescript-3368681439-2692810552:shipped-test-skip:2	2385656348793be4	"{""end_byte"": null, ""end_line"": 44, ""owner"": null, ""path"": ""src/utils/config-loader.test.ts"", ""start_byte"": null, ""start_line"": 44}"	P00433
human-typescript-3368681439-2692810552:shipped-test-skip:3	2	human-typescript-3368681439-2692810552:shipped-test-skip	natural:human-typescript-3368681439-2692810552:shipped-test-skip:3	bbe7b304aa6a01f4	"{""end_byte"": null, ""end_line"": 45, ""owner"": null, ""path"": ""src/utils/config-loader.ts"", ""start_byte"": null, ""start_line"": 45}"	P00710
human-typescript-3368681439-2692810552:new-direct-dependency:1	2	human-typescript-3368681439-2692810552:new-direct-dependency	natural:human-typescript-3368681439-2692810552:new-direct-dependency:1	npm:c12	"{""end_byte"": null, ""end_line"": null, ""owner"": null, ""path"": ""package.json"", ""start_byte"": null, ""start_line"": null}"	P00867
agent-typescript-3101362009:shipped-escapes:1	2	agent-typescript-3101362009:shipped-escapes	natural:agent-typescript-3101362009:shipped-escapes:1	0784d4ecf3063068	"{""end_byte"": null, ""end_line"": 446, ""owner"": null, ""path"": ""packages/spec/src/config.ts"", ""start_byte"": null, ""start_line"": 446}"	P00531
agent-typescript-3101362009:shipped-escapes:2	2	agent-typescript-3101362009:shipped-escapes	natural:agent-typescript-3101362009:shipped-escapes:2	a66cf798ee1d4116	"{""end_byte"": null, ""end_line"": 447, ""owner"": null, ""path"": ""packages/spec/src/config.ts"", ""start_byte"": null, ""start_line"": 447}"	P01460
agent-typescript-3101362009:shipped-test-skip:1	2	agent-typescript-3101362009:shipped-test-skip	natural:agent-typescript-3101362009:shipped-test-skip:1	0784d4ecf3063068	"{""end_byte"": null, ""end_line"": 446, ""owner"": null, ""path"": ""packages/spec/src/config.ts"", ""start_byte"": null, ""start_line"": 446}"	P01333
agent-typescript-3101362009:shipped-test-skip:2	2	agent-typescript-3101362009:shipped-test-skip	natural:agent-typescript-3101362009:shipped-test-skip:2	a66cf798ee1d4116	"{""end_byte"": null, ""end_line"": 447, ""owner"": null, ""path"": ""packages/spec/src/config.ts"", ""start_byte"": null, ""start_line"": 447}"	P00588
human-typescript-3101362009-2648060060:shipped-escapes:1	2	human-typescript-3101362009-2648060060:shipped-escapes	natural:human-typescript-3101362009-2648060060:shipped-escapes:1	9c35b4286faf2294	"{""end_byte"": null, ""end_line"": 27, ""owner"": null, ""path"": ""packages/react/src/client/provider.tsx"", ""start_byte"": null, ""start_line"": 27}"	P00785
human-typescript-3101362009-2648060060:shipped-test-skip:1	2	human-typescript-3101362009-2648060060:shipped-test-skip	natural:human-typescript-3101362009-2648060060:shipped-test-skip:1	9c35b4286faf2294	"{""end_byte"": null, ""end_line"": 27, ""owner"": null, ""path"": ""packages/react/src/client/provider.tsx"", ""start_byte"": null, ""start_line"": 27}"	P00936
agent-typescript-3467791387:shipped-escapes:1	2	agent-typescript-3467791387:shipped-escapes	natural:agent-typescript-3467791387:shipped-escapes:1	fb877a45b39b6ed4	"{""end_byte"": null, ""end_line"": 91, ""owner"": null, ""path"": ""packages/mcp-server/src/tools/recall.ts"", ""start_byte"": null, ""start_line"": 91}"	P01334
agent-typescript-3467791387:shipped-test-skip:1	2	agent-typescript-3467791387:shipped-test-skip	natural:agent-typescript-3467791387:shipped-test-skip:1	fb877a45b39b6ed4	"{""end_byte"": null, ""end_line"": 91, ""owner"": null, ""path"": ""packages/mcp-server/src/tools/recall.ts"", ""start_byte"": null, ""start_line"": 91}"	P01678
agent-typescript-3248259820:shipped-escapes:1	2	agent-typescript-3248259820:shipped-escapes	natural:agent-typescript-3248259820:shipped-escapes:1	f9ccd5f90de87c16	"{""end_byte"": null, ""end_line"": 253, ""owner"": null, ""path"": ""packages/@livestore/common/src/schema/state/sqlite/client-document-def.test.ts"", ""start_byte"": null, ""start_line"": 253}"	P00902
agent-typescript-3248259820:shipped-escapes:2	2	agent-typescript-3248259820:shipped-escapes	natural:agent-typescript-3248259820:shipped-escapes:2	f794825cc73302f0	"{""end_byte"": null, ""end_line"": 299, ""owner"": null, ""path"": ""packages/@livestore/common/src/schema/state/sqlite/client-document-def.test.ts"", ""start_byte"": null, ""start_line"": 299}"	P01979
agent-typescript-3248259820:shipped-escapes:3	2	agent-typescript-3248259820:shipped-escapes	natural:agent-typescript-3248259820:shipped-escapes:3	d135ef191a7a166e	"{""end_byte"": null, ""end_line"": 136, ""owner"": null, ""path"": ""packages/@livestore/common/src/schema/state/sqlite/client-document-def.ts"", ""start_byte"": null, ""start_line"": 136}"	P01072
agent-typescript-3248259820:shipped-escapes:4	2	agent-typescript-3248259820:shipped-escapes	natural:agent-typescript-3248259820:shipped-escapes:4	0fcca53883d30ef2	"{""end_byte"": null, ""end_line"": 137, ""owner"": null, ""path"": ""packages/@livestore/common/src/schema/state/sqlite/client-document-def.ts"", ""start_byte"": null, ""start_line"": 137}"	P01081
agent-typescript-3248259820:shipped-test-skip:1	2	agent-typescript-3248259820:shipped-test-skip	natural:agent-typescript-3248259820:shipped-test-skip:1	f9ccd5f90de87c16	"{""end_byte"": null, ""end_line"": 253, ""owner"": null, ""path"": ""packages/@livestore/common/src/schema/state/sqlite/client-document-def.test.ts"", ""start_byte"": null, ""start_line"": 253}"	P01109
agent-typescript-3248259820:shipped-test-skip:2	2	agent-typescript-3248259820:shipped-test-skip	natural:agent-typescript-3248259820:shipped-test-skip:2	f794825cc73302f0	"{""end_byte"": null, ""end_line"": 299, ""owner"": null, ""path"": ""packages/@livestore/common/src/schema/state/sqlite/client-document-def.test.ts"", ""start_byte"": null, ""start_line"": 299}"	P01715
agent-typescript-3248259820:shipped-test-skip:3	2	agent-typescript-3248259820:shipped-test-skip	natural:agent-typescript-3248259820:shipped-test-skip:3	d135ef191a7a166e	"{""end_byte"": null, ""end_line"": 136, ""owner"": null, ""path"": ""packages/@livestore/common/src/schema/state/sqlite/client-document-def.ts"", ""start_byte"": null, ""start_line"": 136}"	P01610
agent-typescript-3248259820:shipped-test-skip:4	2	agent-typescript-3248259820:shipped-test-skip	natural:agent-typescript-3248259820:shipped-test-skip:4	0fcca53883d30ef2	"{""end_byte"": null, ""end_line"": 137, ""owner"": null, ""path"": ""packages/@livestore/common/src/schema/state/sqlite/client-document-def.ts"", ""start_byte"": null, ""start_line"": 137}"	P01149
agent-typescript-3034754393:shipped-escapes:1	2	agent-typescript-3034754393:shipped-escapes	natural:agent-typescript-3034754393:shipped-escapes:1	e6fee4bb52ad39ff	"{""end_byte"": null, ""end_line"": 70, ""owner"": null, ""path"": ""packages/convex-helpers/react/sessions.test.ts"", ""start_byte"": null, ""start_line"": 70}"	P02030
agent-typescript-3034754393:shipped-test-skip:1	2	agent-typescript-3034754393:shipped-test-skip	natural:agent-typescript-3034754393:shipped-test-skip:1	e6fee4bb52ad39ff	"{""end_byte"": null, ""end_line"": 70, ""owner"": null, ""path"": ""packages/convex-helpers/react/sessions.test.ts"", ""start_byte"": null, ""start_line"": 70}"	P00976
human-typescript-3034754393-2538458531:new-direct-dependency:1	2	human-typescript-3034754393-2538458531:new-direct-dependency	natural:human-typescript-3034754393-2538458531:new-direct-dependency:1	npm:@standard-schema/spec	"{""end_byte"": null, ""end_line"": null, ""owner"": null, ""path"": ""package.json"", ""start_byte"": null, ""start_line"": null}"	P01547
agent-typescript-2822630272:shipped-lockfile:1	2	agent-typescript-2822630272:shipped-lockfile	natural:agent-typescript-2822630272:shipped-lockfile:1	5eade9491e3fb2eb	"{""end_byte"": null, ""end_line"": 0, ""owner"": null, ""path"": ""package.json"", ""start_byte"": null, ""start_line"": 0}"	P01925
agent-typescript-2822630272:shipped-lockfile:2	2	agent-typescript-2822630272:shipped-lockfile	natural:agent-typescript-2822630272:shipped-lockfile:2	9b93f26f17df328b	"{""end_byte"": null, ""end_line"": 0, ""owner"": null, ""path"": ""package.json"", ""start_byte"": null, ""start_line"": 0}"	P00333
agent-typescript-2822630272:shipped-lockfile:3	2	agent-typescript-2822630272:shipped-lockfile	natural:agent-typescript-2822630272:shipped-lockfile:3	af2585eb8b95c821	"{""end_byte"": null, ""end_line"": 0, ""owner"": null, ""path"": ""package.json"", ""start_byte"": null, ""start_line"": 0}"	P00389
agent-typescript-2822630272:new-direct-dependency:1	2	agent-typescript-2822630272:new-direct-dependency	natural:agent-typescript-2822630272:new-direct-dependency:1	npm:@typescript-eslint/eslint-plugin	"{""end_byte"": null, ""end_line"": null, ""owner"": null, ""path"": ""package.json"", ""start_byte"": null, ""start_line"": null}"	P01959
agent-typescript-2822630272:new-direct-dependency:2	2	agent-typescript-2822630272:new-direct-dependency	natural:agent-typescript-2822630272:new-direct-dependency:2	npm:@typescript-eslint/parser	"{""end_byte"": null, ""end_line"": null, ""owner"": null, ""path"": ""package.json"", ""start_byte"": null, ""start_line"": null}"	P00217
agent-typescript-2822630272:new-direct-dependency:3	2	agent-typescript-2822630272:new-direct-dependency	natural:agent-typescript-2822630272:new-direct-dependency:3	npm:eslint	"{""end_byte"": null, ""end_line"": null, ""owner"": null, ""path"": ""package.json"", ""start_byte"": null, ""start_line"": null}"	P00938
human-typescript-2822630272-2331680308:shipped-escapes:1	2	human-typescript-2822630272-2331680308:shipped-escapes	natural:human-typescript-2822630272-2331680308:shipped-escapes:1	e078cda68c9318a1	"{""end_byte"": null, ""end_line"": 425, ""owner"": null, ""path"": ""src/tools/evaluator.ts"", ""start_byte"": null, ""start_line"": 425}"	P00161
human-typescript-2822630272-2331680308:shipped-escapes:2	2	human-typescript-2822630272-2331680308:shipped-escapes	natural:human-typescript-2822630272-2331680308:shipped-escapes:2	ac6124f9c42354f2	"{""end_byte"": null, ""end_line"": 55, ""owner"": null, ""path"": ""src/utils/safe-generator.ts"", ""start_byte"": null, ""start_line"": 55}"	P01572
human-typescript-2822630272-2331680308:shipped-escapes:3	2	human-typescript-2822630272-2331680308:shipped-escapes	natural:human-typescript-2822630272-2331680308:shipped-escapes:3	2d15f0a8c967b2f9	"{""end_byte"": null, ""end_line"": 84, ""owner"": null, ""path"": ""src/utils/safe-generator.ts"", ""start_byte"": null, ""start_line"": 84}"	P00516
human-typescript-2822630272-2331680308:shipped-escapes:4	2	human-typescript-2822630272-2331680308:shipped-escapes	natural:human-typescript-2822630272-2331680308:shipped-escapes:4	1f685c84cf1bf4b7	"{""end_byte"": null, ""end_line"": 87, ""owner"": null, ""path"": ""src/utils/safe-generator.ts"", ""start_byte"": null, ""start_line"": 87}"	P00652
human-typescript-2822630272-2331680308:shipped-test-skip:1	2	human-typescript-2822630272-2331680308:shipped-test-skip	natural:human-typescript-2822630272-2331680308:shipped-test-skip:1	e078cda68c9318a1	"{""end_byte"": null, ""end_line"": 425, ""owner"": null, ""path"": ""src/tools/evaluator.ts"", ""start_byte"": null, ""start_line"": 425}"	P01426
human-typescript-2822630272-2331680308:shipped-test-skip:2	2	human-typescript-2822630272-2331680308:shipped-test-skip	natural:human-typescript-2822630272-2331680308:shipped-test-skip:2	ac6124f9c42354f2	"{""end_byte"": null, ""end_line"": 55, ""owner"": null, ""path"": ""src/utils/safe-generator.ts"", ""start_byte"": null, ""start_line"": 55}"	P00401
human-typescript-2822630272-2331680308:shipped-test-skip:3	2	human-typescript-2822630272-2331680308:shipped-test-skip	natural:human-typescript-2822630272-2331680308:shipped-test-skip:3	2d15f0a8c967b2f9	"{""end_byte"": null, ""end_line"": 84, ""owner"": null, ""path"": ""src/utils/safe-generator.ts"", ""start_byte"": null, ""start_line"": 84}"	P00583
human-typescript-2822630272-2331680308:shipped-test-skip:4	2	human-typescript-2822630272-2331680308:shipped-test-skip	natural:human-typescript-2822630272-2331680308:shipped-test-skip:4	1f685c84cf1bf4b7	"{""end_byte"": null, ""end_line"": 87, ""owner"": null, ""path"": ""src/utils/safe-generator.ts"", ""start_byte"": null, ""start_line"": 87}"	P01301
agent-typescript-3248781517:shipped-escapes:1	2	agent-typescript-3248781517:shipped-escapes	natural:agent-typescript-3248781517:shipped-escapes:1	2dd97c1913ce3064	"{""end_byte"": null, ""end_line"": 625, ""owner"": null, ""path"": ""src/server/git-diff.test.ts"", ""start_byte"": null, ""start_line"": 625}"	P01694
agent-typescript-3248781517:shipped-test-skip:1	2	agent-typescript-3248781517:shipped-test-skip	natural:agent-typescript-3248781517:shipped-test-skip:1	2dd97c1913ce3064	"{""end_byte"": null, ""end_line"": 625, ""owner"": null, ""path"": ""src/server/git-diff.test.ts"", ""start_byte"": null, ""start_line"": 625}"	P01271
agent-typescript-3120892058:shipped-escapes:1	2	agent-typescript-3120892058:shipped-escapes	natural:agent-typescript-3120892058:shipped-escapes:1	01d789e056add5c1	"{""end_byte"": null, ""end_line"": 91, ""owner"": null, ""path"": ""packages/backend/src/waitlist/service/waitlist.service-invite.test.ts"", ""start_byte"": null, ""start_line"": 91}"	P00603
agent-typescript-3120892058:shipped-escapes:2	2	agent-typescript-3120892058:shipped-escapes	natural:agent-typescript-3120892058:shipped-escapes:2	a5cf7ba1498da301	"{""end_byte"": null, ""end_line"": 92, ""owner"": null, ""path"": ""packages/backend/src/waitlist/service/waitlist.service-invite.test.ts"", ""start_byte"": null, ""start_line"": 92}"	P00504
agent-typescript-3120892058:shipped-escapes:3	2	agent-typescript-3120892058:shipped-escapes	natural:agent-typescript-3120892058:shipped-escapes:3	5b9486907ccceb79	"{""end_byte"": null, ""end_line"": 93, ""owner"": null, ""path"": ""packages/backend/src/waitlist/service/waitlist.service-invite.test.ts"", ""start_byte"": null, ""start_line"": 93}"	P01554
agent-typescript-3120892058:shipped-test-skip:1	2	agent-typescript-3120892058:shipped-test-skip	natural:agent-typescript-3120892058:shipped-test-skip:1	01d789e056add5c1	"{""end_byte"": null, ""end_line"": 91, ""owner"": null, ""path"": ""packages/backend/src/waitlist/service/waitlist.service-invite.test.ts"", ""start_byte"": null, ""start_line"": 91}"	P00735
agent-typescript-3120892058:shipped-test-skip:2	2	agent-typescript-3120892058:shipped-test-skip	natural:agent-typescript-3120892058:shipped-test-skip:2	a5cf7ba1498da301	"{""end_byte"": null, ""end_line"": 92, ""owner"": null, ""path"": ""packages/backend/src/waitlist/service/waitlist.service-invite.test.ts"", ""start_byte"": null, ""start_line"": 92}"	P01897
agent-typescript-3120892058:shipped-test-skip:3	2	agent-typescript-3120892058:shipped-test-skip	natural:agent-typescript-3120892058:shipped-test-skip:3	5b9486907ccceb79	"{""end_byte"": null, ""end_line"": 93, ""owner"": null, ""path"": ""packages/backend/src/waitlist/service/waitlist.service-invite.test.ts"", ""start_byte"": null, ""start_line"": 93}"	P00829
agent-typescript-3391967160:shipped-escapes:1	2	agent-typescript-3391967160:shipped-escapes	natural:agent-typescript-3391967160:shipped-escapes:1	5c2610df1a8b8dd3	"{""end_byte"": null, ""end_line"": 15, ""owner"": null, ""path"": ""examples/core-only/manager.ts"", ""start_byte"": null, ""start_line"": 15}"	P00932
agent-typescript-3391967160:shipped-escapes:2	2	agent-typescript-3391967160:shipped-escapes	natural:agent-typescript-3391967160:shipped-escapes:2	ba83095aeb465dc5	"{""end_byte"": null, ""end_line"": 32, ""owner"": null, ""path"": ""examples/core-only/manager.ts"", ""start_byte"": null, ""start_line"": 32}"	P00123
agent-typescript-3391967160:shipped-escapes:3	2	agent-typescript-3391967160:shipped-escapes	natural:agent-typescript-3391967160:shipped-escapes:3	ac6b4ca428621464	"{""end_byte"": null, ""end_line"": 57, ""owner"": null, ""path"": ""examples/core-only/manager.ts"", ""start_byte"": null, ""start_line"": 57}"	P01178
agent-typescript-3391967160:shipped-escapes:4	2	agent-typescript-3391967160:shipped-escapes	natural:agent-typescript-3391967160:shipped-escapes:4	c03beca16bd2dacc	"{""end_byte"": null, ""end_line"": 67, ""owner"": null, ""path"": ""examples/core-only/manager.ts"", ""start_byte"": null, ""start_line"": 67}"	P00308
agent-typescript-3391967160:shipped-escapes:5	2	agent-typescript-3391967160:shipped-escapes	natural:agent-typescript-3391967160:shipped-escapes:5	597c29568e24be7b	"{""end_byte"": null, ""end_line"": 71, ""owner"": null, ""path"": ""examples/core-only/manager.ts"", ""start_byte"": null, ""start_line"": 71}"	P01597
agent-typescript-3391967160:shipped-escapes:6	2	agent-typescript-3391967160:shipped-escapes	natural:agent-typescript-3391967160:shipped-escapes:6	dcc08d55475be249	"{""end_byte"": null, ""end_line"": 86, ""owner"": null, ""path"": ""examples/core-only/manager.ts"", ""start_byte"": null, ""start_line"": 86}"	P01638
agent-typescript-3391967160:shipped-escapes:7	2	agent-typescript-3391967160:shipped-escapes	natural:agent-typescript-3391967160:shipped-escapes:7	bb0014905140c5ec	"{""end_byte"": null, ""end_line"": 23, ""owner"": null, ""path"": ""examples/core-only/worker.ts"", ""start_byte"": null, ""start_line"": 23}"	P00365
agent-typescript-3391967160:shipped-escapes:8	2	agent-typescript-3391967160:shipped-escapes	natural:agent-typescript-3391967160:shipped-escapes:8	054e705f152487d2	"{""end_byte"": null, ""end_line"": 56, ""owner"": null, ""path"": ""examples/core-only/worker.ts"", ""start_byte"": null, ""start_line"": 56}"	P00694
agent-typescript-3391967160:shipped-escapes:9	2	agent-typescript-3391967160:shipped-escapes	natural:agent-typescript-3391967160:shipped-escapes:9	5a9975fa120840ad	"{""end_byte"": null, ""end_line"": 77, ""owner"": null, ""path"": ""examples/core-only/worker.ts"", ""start_byte"": null, ""start_line"": 77}"	P02076
agent-typescript-3391967160:shipped-escapes:10	2	agent-typescript-3391967160:shipped-escapes	natural:agent-typescript-3391967160:shipped-escapes:10	1018929e1d92c938	"{""end_byte"": null, ""end_line"": 107, ""owner"": null, ""path"": ""examples/core-only/worker.ts"", ""start_byte"": null, ""start_line"": 107}"	P01653
agent-typescript-3391967160:shipped-escapes:11	2	agent-typescript-3391967160:shipped-escapes	natural:agent-typescript-3391967160:shipped-escapes:11	18d468d3497b61f9	"{""end_byte"": null, ""end_line"": 125, ""owner"": null, ""path"": ""examples/core-only/worker.ts"", ""start_byte"": null, ""start_line"": 125}"	P01063
agent-typescript-3391967160:shipped-escapes:12	2	agent-typescript-3391967160:shipped-escapes	natural:agent-typescript-3391967160:shipped-escapes:12	cd93245c64847918	"{""end_byte"": null, ""end_line"": 134, ""owner"": null, ""path"": ""packages/core/src/__tests__/PromiseHandler.test.ts"", ""start_byte"": null, ""start_line"": 134}"	P01392
agent-typescript-3391967160:shipped-escapes:13	2	agent-typescript-3391967160:shipped-escapes	natural:agent-typescript-3391967160:shipped-escapes:13	a81948cfac0115d7	"{""end_byte"": null, ""end_line"": 145, ""owner"": null, ""path"": ""packages/core/src/__tests__/PromiseHandler.test.ts"", ""start_byte"": null, ""start_line"": 145}"	P00139
agent-typescript-3391967160:shipped-escapes:14	2	agent-typescript-3391967160:shipped-escapes	natural:agent-typescript-3391967160:shipped-escapes:14	a66dbb1a5b029c1a	"{""end_byte"": null, ""end_line"": 19, ""owner"": null, ""path"": ""packages/core/src/interfaces/IProcessManager.ts"", ""start_byte"": null, ""start_line"": 19}"	P00695
agent-typescript-3391967160:shipped-escapes:15	2	agent-typescript-3391967160:shipped-escapes	natural:agent-typescript-3391967160:shipped-escapes:15	9497279566086c3e	"{""end_byte"": null, ""end_line"": 27, ""owner"": null, ""path"": ""packages/core/src/interfaces/IProcessManager.ts"", ""start_byte"": null, ""start_line"": 27}"	P00707
agent-typescript-3391967160:shipped-escapes:16	2	agent-typescript-3391967160:shipped-escapes	natural:agent-typescript-3391967160:shipped-escapes:16	c42350aa9d4afa88	"{""end_byte"": null, ""end_line"": 56, ""owner"": null, ""path"": ""packages/core/src/interfaces/IProcessManager.ts"", ""start_byte"": null, ""start_line"": 56}"	P01691
agent-typescript-3391967160:shipped-escapes:17	2	agent-typescript-3391967160:shipped-escapes	natural:agent-typescript-3391967160:shipped-escapes:17	24dc0caaa323866d	"{""end_byte"": null, ""end_line"": 121, ""owner"": null, ""path"": ""packages/core/src/ipc/IPCMessage.ts"", ""start_byte"": null, ""start_line"": 121}"	P00414
agent-typescript-3391967160:shipped-escapes:18	2	agent-typescript-3391967160:shipped-escapes	natural:agent-typescript-3391967160:shipped-escapes:18	78bd470c20980452	"{""end_byte"": null, ""end_line"": 128, ""owner"": null, ""path"": ""packages/core/src/ipc/IPCMessage.ts"", ""start_byte"": null, ""start_line"": 128}"	P00019
agent-typescript-3391967160:shipped-escapes:19	2	agent-typescript-3391967160:shipped-escapes	natural:agent-typescript-3391967160:shipped-escapes:19	b4c12886c5164fbc	"{""end_byte"": null, ""end_line"": 164, ""owner"": null, ""path"": ""packages/core/src/ipc/IPCMessage.ts"", ""start_byte"": null, ""start_line"": 164}"	P00055
agent-typescript-3391967160:shipped-escapes:20	2	agent-typescript-3391967160:shipped-escapes	natural:agent-typescript-3391967160:shipped-escapes:20	2806aa11d09b6fad	"{""end_byte"": null, ""end_line"": 171, ""owner"": null, ""path"": ""packages/core/src/ipc/IPCMessage.ts"", ""start_byte"": null, ""start_line"": 171}"	P00823
agent-typescript-3391967160:shipped-escapes:21	2	agent-typescript-3391967160:shipped-escapes	natural:agent-typescript-3391967160:shipped-escapes:21	4d69e9f57ce5452f	"{""end_byte"": null, ""end_line"": 10, ""owner"": null, ""path"": ""packages/core/src/processes/WorkerProcess.ts"", ""start_byte"": null, ""start_line"": 10}"	P00355
agent-typescript-3391967160:shipped-escapes:22	2	agent-typescript-3391967160:shipped-escapes	natural:agent-typescript-3391967160:shipped-escapes:22	b6e59decc4f5bd4d	"{""end_byte"": null, ""end_line"": 16, ""owner"": null, ""path"": ""packages/core/src/processes/WorkerProcess.ts"", ""start_byte"": null, ""start_line"": 16}"	P00659
agent-typescript-3391967160:shipped-escapes:23	2	agent-typescript-3391967160:shipped-escapes	natural:agent-typescript-3391967160:shipped-escapes:23	fbb11cb9ea850dbe	"{""end_byte"": null, ""end_line"": 107, ""owner"": null, ""path"": ""packages/core/src/processes/WorkerProcess.ts"", ""start_byte"": null, ""start_line"": 107}"	P00731
agent-typescript-3391967160:shipped-escapes:24	2	agent-typescript-3391967160:shipped-escapes	natural:agent-typescript-3391967160:shipped-escapes:24	460bc32746e7b233	"{""end_byte"": null, ""end_line"": 29, ""owner"": null, ""path"": ""packages/core/src/queue/Queue.ts"", ""start_byte"": null, ""start_line"": 29}"	P01311
agent-typescript-3391967160:shipped-escapes:25	2	agent-typescript-3391967160:shipped-escapes	natural:agent-typescript-3391967160:shipped-escapes:25	1632d5debbb9b537	"{""end_byte"": null, ""end_line"": 30, ""owner"": null, ""path"": ""packages/core/src/queue/Queue.ts"", ""start_byte"": null, ""start_line"": 30}"	P01489
agent-typescript-3391967160:shipped-escapes:26	2	agent-typescript-3391967160:shipped-escapes	natural:agent-typescript-3391967160:shipped-escapes:26	b740faae45fb5413	"{""end_byte"": null, ""end_line"": 44, ""owner"": null, ""path"": ""packages/core/src/queue/Queue.ts"", ""start_byte"": null, ""start_line"": 44}"	P00423
agent-typescript-3391967160:shipped-escapes:27	2	agent-typescript-3391967160:shipped-escapes	natural:agent-typescript-3391967160:shipped-escapes:27	0cd94706700e0f0f	"{""end_byte"": null, ""end_line"": 66, ""owner"": null, ""path"": ""packages/core/src/queue/Queue.ts"", ""start_byte"": null, ""start_line"": 66}"	P02064
agent-typescript-3391967160:shipped-escapes:28	2	agent-typescript-3391967160:shipped-escapes	natural:agent-typescript-3391967160:shipped-escapes:28	aff0afc42ab0eac2	"{""end_byte"": null, ""end_line"": 80, ""owner"": null, ""path"": ""packages/core/src/queue/Queue.ts"", ""start_byte"": null, ""start_line"": 80}"	P00764
agent-typescript-3391967160:shipped-escapes:29	2	agent-typescript-3391967160:shipped-escapes	natural:agent-typescript-3391967160:shipped-escapes:29	f6397c5c927cdf10	"{""end_byte"": null, ""end_line"": 88, ""owner"": null, ""path"": ""packages/core/src/queue/Queue.ts"", ""start_byte"": null, ""start_line"": 88}"	P02023
agent-typescript-3391967160:shipped-escapes:30	2	agent-typescript-3391967160:shipped-escapes	natural:agent-typescript-3391967160:shipped-escapes:30	0f4299a2458307b1	"{""end_byte"": null, ""end_line"": 254, ""owner"": null, ""path"": ""packages/core/src/queue/Queue.ts"", ""start_byte"": null, ""start_line"": 254}"	P00441
agent-typescript-3391967160:shipped-escapes:31	2	agent-typescript-3391967160:shipped-escapes	natural:agent-typescript-3391967160:shipped-escapes:31	7079300dfc511d3c	"{""end_byte"": null, ""end_line"": 129, ""owner"": null, ""path"": ""packages/core/src/types/index.ts"", ""start_byte"": null, ""start_line"": 129}"	P00070
agent-typescript-3391967160:shipped-escapes:32	2	agent-typescript-3391967160:shipped-escapes	natural:agent-typescript-3391967160:shipped-escapes:32	8c814d2e84e60581	"{""end_byte"": null, ""end_line"": 7, ""owner"": null, ""path"": ""packages/core/src/utils/PromiseHandler.ts"", ""start_byte"": null, ""start_line"": 7}"	P01299
agent-typescript-3391967160:shipped-escapes:33	2	agent-typescript-3391967160:shipped-escapes	natural:agent-typescript-3391967160:shipped-escapes:33	309ce521bde01932	"{""end_byte"": null, ""end_line"": 53, ""owner"": null, ""path"": ""packages/core/src/utils/PromiseHandler.ts"", ""start_byte"": null, ""start_line"": 53}"	P02102
agent-typescript-3391967160:shipped-escapes:34	2	agent-typescript-3391967160:shipped-escapes	natural:agent-typescript-3391967160:shipped-escapes:34	b44571e32f59c4c6	"{""end_byte"": null, ""end_line"": 85, ""owner"": null, ""path"": ""packages/core/src/utils/PromiseHandler.ts"", ""start_byte"": null, ""start_line"": 85}"	P00202
agent-typescript-3391967160:shipped-escapes:35	2	agent-typescript-3391967160:shipped-escapes	natural:agent-typescript-3391967160:shipped-escapes:35	3053776e43f759fd	"{""end_byte"": null, ""end_line"": 119, ""owner"": null, ""path"": ""packages/core/src/utils/PromiseHandler.ts"", ""start_byte"": null, ""start_line"": 119}"	P00002
agent-typescript-3391967160:shipped-escapes:36	2	agent-typescript-3391967160:shipped-escapes	natural:agent-typescript-3391967160:shipped-escapes:36	bf601256fe3c38dc	"{""end_byte"": null, ""end_line"": 144, ""owner"": null, ""path"": ""packages/core/src/utils/PromiseHandler.ts"", ""start_byte"": null, ""start_line"": 144}"	P00150
agent-typescript-3391967160:shipped-escapes:37	2	agent-typescript-3391967160:shipped-escapes	natural:agent-typescript-3391967160:shipped-escapes:37	cf7ad31e162db806	"{""end_byte"": null, ""end_line"": 145, ""owner"": null, ""path"": ""packages/core/src/utils/PromiseHandler.ts"", ""start_byte"": null, ""start_line"": 145}"	P01003
agent-typescript-3391967160:shipped-escapes:38	2	agent-typescript-3391967160:shipped-escapes	natural:agent-typescript-3391967160:shipped-escapes:38	9e424d4a008b0b3a	"{""end_byte"": null, ""end_line"": 154, ""owner"": null, ""path"": ""packages/core/src/utils/PromiseHandler.ts"", ""start_byte"": null, ""start_line"": 154}"	P00001
agent-typescript-3391967160:shipped-escapes:39	2	agent-typescript-3391967160:shipped-escapes	natural:agent-typescript-3391967160:shipped-escapes:39	44682af51ef2d2b0	"{""end_byte"": null, ""end_line"": 164, ""owner"": null, ""path"": ""packages/core/src/utils/PromiseHandler.ts"", ""start_byte"": null, ""start_line"": 164}"	P00633
agent-typescript-3391967160:shipped-escapes:40	2	agent-typescript-3391967160:shipped-escapes	natural:agent-typescript-3391967160:shipped-escapes:40	a7e5954dcf596181	"{""end_byte"": null, ""end_line"": 172, ""owner"": null, ""path"": ""packages/core/src/utils/PromiseHandler.ts"", ""start_byte"": null, ""start_line"": 172}"	P01305
agent-typescript-3391967160:shipped-escapes:41	2	agent-typescript-3391967160:shipped-escapes	natural:agent-typescript-3391967160:shipped-escapes:41	df4bf403796ae330	"{""end_byte"": null, ""end_line"": 48, ""owner"": null, ""path"": ""packages/discord/src/types/index.ts"", ""start_byte"": null, ""start_line"": 48}"	P01958
agent-typescript-3391967160:shipped-escapes:42	2	agent-typescript-3391967160:shipped-escapes	natural:agent-typescript-3391967160:shipped-escapes:42	43a555a2fad0f681	"{""end_byte"": null, ""end_line"": 54, ""owner"": null, ""path"": ""packages/discord/src/types/index.ts"", ""start_byte"": null, ""start_line"": 54}"	P00373
agent-typescript-3391967160:shipped-escapes:43	2	agent-typescript-3391967160:shipped-escapes	natural:agent-typescript-3391967160:shipped-escapes:43	0cd1197681bb8418	"{""end_byte"": null, ""end_line"": 123, ""owner"": null, ""path"": ""packages/discord/src/types/index.ts"", ""start_byte"": null, ""start_line"": 123}"	P00021
agent-typescript-3391967160:shipped-escapes:44	2	agent-typescript-3391967160:shipped-escapes	natural:agent-typescript-3391967160:shipped-escapes:44	38a85ecf43c1ce9d	"{""end_byte"": null, ""end_line"": 138, ""owner"": null, ""path"": ""packages/discord/src/types/index.ts"", ""start_byte"": null, ""start_line"": 138}"	P00590
agent-typescript-3391967160:shipped-escapes:45	2	agent-typescript-3391967160:shipped-escapes	natural:agent-typescript-3391967160:shipped-escapes:45	c112c25409ee1b91	"{""end_byte"": null, ""end_line"": 155, ""owner"": null, ""path"": ""packages/discord/src/types/index.ts"", ""start_byte"": null, ""start_line"": 155}"	P01498
agent-typescript-3391967160:shipped-escapes:46	2	agent-typescript-3391967160:shipped-escapes	natural:agent-typescript-3391967160:shipped-escapes:46	9815d978f394fe54	"{""end_byte"": null, ""end_line"": 190, ""owner"": null, ""path"": ""packages/discord/src/types/index.ts"", ""start_byte"": null, ""start_line"": 190}"	P00379
agent-typescript-3391967160:shipped-escapes:47	2	agent-typescript-3391967160:shipped-escapes	natural:agent-typescript-3391967160:shipped-escapes:47	44260334b866e0fa	"{""end_byte"": null, ""end_line"": 272, ""owner"": null, ""path"": ""packages/discord/src/types/index.ts"", ""start_byte"": null, ""start_line"": 272}"	P00524
agent-typescript-3391967160:shipped-escapes:48	2	agent-typescript-3391967160:shipped-escapes	natural:agent-typescript-3391967160:shipped-escapes:48	0c0b9e89bc504520	"{""end_byte"": null, ""end_line"": 76, ""owner"": null, ""path"": ""packages/discord/src/utils/index.ts"", ""start_byte"": null, ""start_line"": 76}"	P01476
agent-typescript-3391967160:shipped-escapes:49	2	agent-typescript-3391967160:shipped-escapes	natural:agent-typescript-3391967160:shipped-escapes:49	2789fb0f32eb739d	"{""end_byte"": null, ""end_line"": 95, ""owner"": null, ""path"": ""packages/discord/src/utils/index.ts"", ""start_byte"": null, ""start_line"": 95}"	P01020
agent-typescript-3391967160:shipped-stubs:1	2	agent-typescript-3391967160:shipped-stubs	natural:agent-typescript-3391967160:shipped-stubs:1	0b8307eae1e28271	"{""end_byte"": null, ""end_line"": 265, ""owner"": null, ""path"": ""packages/discord/src/types/index.ts"", ""start_byte"": null, ""start_line"": 265}"	P00198
agent-typescript-3391967160:shipped-test-skip:1	2	agent-typescript-3391967160:shipped-test-skip	natural:agent-typescript-3391967160:shipped-test-skip:1	5c2610df1a8b8dd3	"{""end_byte"": null, ""end_line"": 15, ""owner"": null, ""path"": ""examples/core-only/manager.ts"", ""start_byte"": null, ""start_line"": 15}"	P01548
agent-typescript-3391967160:shipped-test-skip:2	2	agent-typescript-3391967160:shipped-test-skip	natural:agent-typescript-3391967160:shipped-test-skip:2	ba83095aeb465dc5	"{""end_byte"": null, ""end_line"": 32, ""owner"": null, ""path"": ""examples/core-only/manager.ts"", ""start_byte"": null, ""start_line"": 32}"	P00951
agent-typescript-3391967160:shipped-test-skip:3	2	agent-typescript-3391967160:shipped-test-skip	natural:agent-typescript-3391967160:shipped-test-skip:3	ac6b4ca428621464	"{""end_byte"": null, ""end_line"": 57, ""owner"": null, ""path"": ""examples/core-only/manager.ts"", ""start_byte"": null, ""start_line"": 57}"	P00520
agent-typescript-3391967160:shipped-test-skip:4	2	agent-typescript-3391967160:shipped-test-skip	natural:agent-typescript-3391967160:shipped-test-skip:4	c03beca16bd2dacc	"{""end_byte"": null, ""end_line"": 67, ""owner"": null, ""path"": ""examples/core-only/manager.ts"", ""start_byte"": null, ""start_line"": 67}"	P00567
agent-typescript-3391967160:shipped-test-skip:5	2	agent-typescript-3391967160:shipped-test-skip	natural:agent-typescript-3391967160:shipped-test-skip:5	597c29568e24be7b	"{""end_byte"": null, ""end_line"": 71, ""owner"": null, ""path"": ""examples/core-only/manager.ts"", ""start_byte"": null, ""start_line"": 71}"	P00895
agent-typescript-3391967160:shipped-test-skip:6	2	agent-typescript-3391967160:shipped-test-skip	natural:agent-typescript-3391967160:shipped-test-skip:6	dcc08d55475be249	"{""end_byte"": null, ""end_line"": 86, ""owner"": null, ""path"": ""examples/core-only/manager.ts"", ""start_byte"": null, ""start_line"": 86}"	P00155
agent-typescript-3391967160:shipped-test-skip:7	2	agent-typescript-3391967160:shipped-test-skip	natural:agent-typescript-3391967160:shipped-test-skip:7	bb0014905140c5ec	"{""end_byte"": null, ""end_line"": 23, ""owner"": null, ""path"": ""examples/core-only/worker.ts"", ""start_byte"": null, ""start_line"": 23}"	P01274
agent-typescript-3391967160:shipped-test-skip:8	2	agent-typescript-3391967160:shipped-test-skip	natural:agent-typescript-3391967160:shipped-test-skip:8	054e705f152487d2	"{""end_byte"": null, ""end_line"": 56, ""owner"": null, ""path"": ""examples/core-only/worker.ts"", ""start_byte"": null, ""start_line"": 56}"	P01687
agent-typescript-3391967160:shipped-test-skip:9	2	agent-typescript-3391967160:shipped-test-skip	natural:agent-typescript-3391967160:shipped-test-skip:9	5a9975fa120840ad	"{""end_byte"": null, ""end_line"": 77, ""owner"": null, ""path"": ""examples/core-only/worker.ts"", ""start_byte"": null, ""start_line"": 77}"	P00555
agent-typescript-3391967160:shipped-test-skip:10	2	agent-typescript-3391967160:shipped-test-skip	natural:agent-typescript-3391967160:shipped-test-skip:10	1018929e1d92c938	"{""end_byte"": null, ""end_line"": 107, ""owner"": null, ""path"": ""examples/core-only/worker.ts"", ""start_byte"": null, ""start_line"": 107}"	P00759
agent-typescript-3391967160:shipped-test-skip:11	2	agent-typescript-3391967160:shipped-test-skip	natural:agent-typescript-3391967160:shipped-test-skip:11	18d468d3497b61f9	"{""end_byte"": null, ""end_line"": 125, ""owner"": null, ""path"": ""examples/core-only/worker.ts"", ""start_byte"": null, ""start_line"": 125}"	P00501
agent-typescript-3391967160:shipped-test-skip:12	2	agent-typescript-3391967160:shipped-test-skip	natural:agent-typescript-3391967160:shipped-test-skip:12	cd93245c64847918	"{""end_byte"": null, ""end_line"": 134, ""owner"": null, ""path"": ""packages/core/src/__tests__/PromiseHandler.test.ts"", ""start_byte"": null, ""start_line"": 134}"	P00092
agent-typescript-3391967160:shipped-test-skip:13	2	agent-typescript-3391967160:shipped-test-skip	natural:agent-typescript-3391967160:shipped-test-skip:13	a81948cfac0115d7	"{""end_byte"": null, ""end_line"": 145, ""owner"": null, ""path"": ""packages/core/src/__tests__/PromiseHandler.test.ts"", ""start_byte"": null, ""start_line"": 145}"	P00359
agent-typescript-3391967160:shipped-test-skip:14	2	agent-typescript-3391967160:shipped-test-skip	natural:agent-typescript-3391967160:shipped-test-skip:14	a66dbb1a5b029c1a	"{""end_byte"": null, ""end_line"": 19, ""owner"": null, ""path"": ""packages/core/src/interfaces/IProcessManager.ts"", ""start_byte"": null, ""start_line"": 19}"	P01350
agent-typescript-3391967160:shipped-test-skip:15	2	agent-typescript-3391967160:shipped-test-skip	natural:agent-typescript-3391967160:shipped-test-skip:15	9497279566086c3e	"{""end_byte"": null, ""end_line"": 27, ""owner"": null, ""path"": ""packages/core/src/interfaces/IProcessManager.ts"", ""start_byte"": null, ""start_line"": 27}"	P00700
agent-typescript-3391967160:shipped-test-skip:16	2	agent-typescript-3391967160:shipped-test-skip	natural:agent-typescript-3391967160:shipped-test-skip:16	c42350aa9d4afa88	"{""end_byte"": null, ""end_line"": 56, ""owner"": null, ""path"": ""packages/core/src/interfaces/IProcessManager.ts"", ""start_byte"": null, ""start_line"": 56}"	P00100
agent-typescript-3391967160:shipped-test-skip:17	2	agent-typescript-3391967160:shipped-test-skip	natural:agent-typescript-3391967160:shipped-test-skip:17	24dc0caaa323866d	"{""end_byte"": null, ""end_line"": 121, ""owner"": null, ""path"": ""packages/core/src/ipc/IPCMessage.ts"", ""start_byte"": null, ""start_line"": 121}"	P01740
agent-typescript-3391967160:shipped-test-skip:18	2	agent-typescript-3391967160:shipped-test-skip	natural:agent-typescript-3391967160:shipped-test-skip:18	78bd470c20980452	"{""end_byte"": null, ""end_line"": 128, ""owner"": null, ""path"": ""packages/core/src/ipc/IPCMessage.ts"", ""start_byte"": null, ""start_line"": 128}"	P01712
agent-typescript-3391967160:shipped-test-skip:19	2	agent-typescript-3391967160:shipped-test-skip	natural:agent-typescript-3391967160:shipped-test-skip:19	b4c12886c5164fbc	"{""end_byte"": null, ""end_line"": 164, ""owner"": null, ""path"": ""packages/core/src/ipc/IPCMessage.ts"", ""start_byte"": null, ""start_line"": 164}"	P01138
agent-typescript-3391967160:shipped-test-skip:20	2	agent-typescript-3391967160:shipped-test-skip	natural:agent-typescript-3391967160:shipped-test-skip:20	2806aa11d09b6fad	"{""end_byte"": null, ""end_line"": 171, ""owner"": null, ""path"": ""packages/core/src/ipc/IPCMessage.ts"", ""start_byte"": null, ""start_line"": 171}"	P02156
agent-typescript-3391967160:shipped-test-skip:21	2	agent-typescript-3391967160:shipped-test-skip	natural:agent-typescript-3391967160:shipped-test-skip:21	4d69e9f57ce5452f	"{""end_byte"": null, ""end_line"": 10, ""owner"": null, ""path"": ""packages/core/src/processes/WorkerProcess.ts"", ""start_byte"": null, ""start_line"": 10}"	P00136
agent-typescript-3391967160:shipped-test-skip:22	2	agent-typescript-3391967160:shipped-test-skip	natural:agent-typescript-3391967160:shipped-test-skip:22	b6e59decc4f5bd4d	"{""end_byte"": null, ""end_line"": 16, ""owner"": null, ""path"": ""packages/core/src/processes/WorkerProcess.ts"", ""start_byte"": null, ""start_line"": 16}"	P00339
agent-typescript-3391967160:shipped-test-skip:23	2	agent-typescript-3391967160:shipped-test-skip	natural:agent-typescript-3391967160:shipped-test-skip:23	fbb11cb9ea850dbe	"{""end_byte"": null, ""end_line"": 107, ""owner"": null, ""path"": ""packages/core/src/processes/WorkerProcess.ts"", ""start_byte"": null, ""start_line"": 107}"	P00435
agent-typescript-3391967160:shipped-test-skip:24	2	agent-typescript-3391967160:shipped-test-skip	natural:agent-typescript-3391967160:shipped-test-skip:24	460bc32746e7b233	"{""end_byte"": null, ""end_line"": 29, ""owner"": null, ""path"": ""packages/core/src/queue/Queue.ts"", ""start_byte"": null, ""start_line"": 29}"	P00719
agent-typescript-3391967160:shipped-test-skip:25	2	agent-typescript-3391967160:shipped-test-skip	natural:agent-typescript-3391967160:shipped-test-skip:25	1632d5debbb9b537	"{""end_byte"": null, ""end_line"": 30, ""owner"": null, ""path"": ""packages/core/src/queue/Queue.ts"", ""start_byte"": null, ""start_line"": 30}"	P01595
agent-typescript-3391967160:shipped-test-skip:26	2	agent-typescript-3391967160:shipped-test-skip	natural:agent-typescript-3391967160:shipped-test-skip:26	b740faae45fb5413	"{""end_byte"": null, ""end_line"": 44, ""owner"": null, ""path"": ""packages/core/src/queue/Queue.ts"", ""start_byte"": null, ""start_line"": 44}"	P00751
agent-typescript-3391967160:shipped-test-skip:27	2	agent-typescript-3391967160:shipped-test-skip	natural:agent-typescript-3391967160:shipped-test-skip:27	0cd94706700e0f0f	"{""end_byte"": null, ""end_line"": 66, ""owner"": null, ""path"": ""packages/core/src/queue/Queue.ts"", ""start_byte"": null, ""start_line"": 66}"	P00324
agent-typescript-3391967160:shipped-test-skip:28	2	agent-typescript-3391967160:shipped-test-skip	natural:agent-typescript-3391967160:shipped-test-skip:28	aff0afc42ab0eac2	"{""end_byte"": null, ""end_line"": 80, ""owner"": null, ""path"": ""packages/core/src/queue/Queue.ts"", ""start_byte"": null, ""start_line"": 80}"	P00465
agent-typescript-3391967160:shipped-test-skip:29	2	agent-typescript-3391967160:shipped-test-skip	natural:agent-typescript-3391967160:shipped-test-skip:29	f6397c5c927cdf10	"{""end_byte"": null, ""end_line"": 88, ""owner"": null, ""path"": ""packages/core/src/queue/Queue.ts"", ""start_byte"": null, ""start_line"": 88}"	P00609
agent-typescript-3391967160:shipped-test-skip:30	2	agent-typescript-3391967160:shipped-test-skip	natural:agent-typescript-3391967160:shipped-test-skip:30	0f4299a2458307b1	"{""end_byte"": null, ""end_line"": 254, ""owner"": null, ""path"": ""packages/core/src/queue/Queue.ts"", ""start_byte"": null, ""start_line"": 254}"	P00780
agent-typescript-3391967160:shipped-test-skip:31	2	agent-typescript-3391967160:shipped-test-skip	natural:agent-typescript-3391967160:shipped-test-skip:31	7079300dfc511d3c	"{""end_byte"": null, ""end_line"": 129, ""owner"": null, ""path"": ""packages/core/src/types/index.ts"", ""start_byte"": null, ""start_line"": 129}"	P00489
agent-typescript-3391967160:shipped-test-skip:32	2	agent-typescript-3391967160:shipped-test-skip	natural:agent-typescript-3391967160:shipped-test-skip:32	8c814d2e84e60581	"{""end_byte"": null, ""end_line"": 7, ""owner"": null, ""path"": ""packages/core/src/utils/PromiseHandler.ts"", ""start_byte"": null, ""start_line"": 7}"	P00732
agent-typescript-3391967160:shipped-test-skip:33	2	agent-typescript-3391967160:shipped-test-skip	natural:agent-typescript-3391967160:shipped-test-skip:33	309ce521bde01932	"{""end_byte"": null, ""end_line"": 53, ""owner"": null, ""path"": ""packages/core/src/utils/PromiseHandler.ts"", ""start_byte"": null, ""start_line"": 53}"	P01226
agent-typescript-3391967160:shipped-test-skip:34	2	agent-typescript-3391967160:shipped-test-skip	natural:agent-typescript-3391967160:shipped-test-skip:34	b44571e32f59c4c6	"{""end_byte"": null, ""end_line"": 85, ""owner"": null, ""path"": ""packages/core/src/utils/PromiseHandler.ts"", ""start_byte"": null, ""start_line"": 85}"	P01983
agent-typescript-3391967160:shipped-test-skip:35	2	agent-typescript-3391967160:shipped-test-skip	natural:agent-typescript-3391967160:shipped-test-skip:35	3053776e43f759fd	"{""end_byte"": null, ""end_line"": 119, ""owner"": null, ""path"": ""packages/core/src/utils/PromiseHandler.ts"", ""start_byte"": null, ""start_line"": 119}"	P00482
agent-typescript-3391967160:shipped-test-skip:36	2	agent-typescript-3391967160:shipped-test-skip	natural:agent-typescript-3391967160:shipped-test-skip:36	bf601256fe3c38dc	"{""end_byte"": null, ""end_line"": 144, ""owner"": null, ""path"": ""packages/core/src/utils/PromiseHandler.ts"", ""start_byte"": null, ""start_line"": 144}"	P01325
agent-typescript-3391967160:shipped-test-skip:37	2	agent-typescript-3391967160:shipped-test-skip	natural:agent-typescript-3391967160:shipped-test-skip:37	cf7ad31e162db806	"{""end_byte"": null, ""end_line"": 145, ""owner"": null, ""path"": ""packages/core/src/utils/PromiseHandler.ts"", ""start_byte"": null, ""start_line"": 145}"	P02004
agent-typescript-3391967160:shipped-test-skip:38	2	agent-typescript-3391967160:shipped-test-skip	natural:agent-typescript-3391967160:shipped-test-skip:38	9e424d4a008b0b3a	"{""end_byte"": null, ""end_line"": 154, ""owner"": null, ""path"": ""packages/core/src/utils/PromiseHandler.ts"", ""start_byte"": null, ""start_line"": 154}"	P02000
agent-typescript-3391967160:shipped-test-skip:39	2	agent-typescript-3391967160:shipped-test-skip	natural:agent-typescript-3391967160:shipped-test-skip:39	44682af51ef2d2b0	"{""end_byte"": null, ""end_line"": 164, ""owner"": null, ""path"": ""packages/core/src/utils/PromiseHandler.ts"", ""start_byte"": null, ""start_line"": 164}"	P01157
agent-typescript-3391967160:shipped-test-skip:40	2	agent-typescript-3391967160:shipped-test-skip	natural:agent-typescript-3391967160:shipped-test-skip:40	a7e5954dcf596181	"{""end_byte"": null, ""end_line"": 172, ""owner"": null, ""path"": ""packages/core/src/utils/PromiseHandler.ts"", ""start_byte"": null, ""start_line"": 172}"	P02096
agent-typescript-3391967160:shipped-test-skip:41	2	agent-typescript-3391967160:shipped-test-skip	natural:agent-typescript-3391967160:shipped-test-skip:41	df4bf403796ae330	"{""end_byte"": null, ""end_line"": 48, ""owner"": null, ""path"": ""packages/discord/src/types/index.ts"", ""start_byte"": null, ""start_line"": 48}"	P00012
agent-typescript-3391967160:shipped-test-skip:42	2	agent-typescript-3391967160:shipped-test-skip	natural:agent-typescript-3391967160:shipped-test-skip:42	43a555a2fad0f681	"{""end_byte"": null, ""end_line"": 54, ""owner"": null, ""path"": ""packages/discord/src/types/index.ts"", ""start_byte"": null, ""start_line"": 54}"	P01964
agent-typescript-3391967160:shipped-test-skip:43	2	agent-typescript-3391967160:shipped-test-skip	natural:agent-typescript-3391967160:shipped-test-skip:43	0cd1197681bb8418	"{""end_byte"": null, ""end_line"": 123, ""owner"": null, ""path"": ""packages/discord/src/types/index.ts"", ""start_byte"": null, ""start_line"": 123}"	P01104
agent-typescript-3391967160:shipped-test-skip:44	2	agent-typescript-3391967160:shipped-test-skip	natural:agent-typescript-3391967160:shipped-test-skip:44	38a85ecf43c1ce9d	"{""end_byte"": null, ""end_line"": 138, ""owner"": null, ""path"": ""packages/discord/src/types/index.ts"", ""start_byte"": null, ""start_line"": 138}"	P01858
agent-typescript-3391967160:shipped-test-skip:45	2	agent-typescript-3391967160:shipped-test-skip	natural:agent-typescript-3391967160:shipped-test-skip:45	c112c25409ee1b91	"{""end_byte"": null, ""end_line"": 155, ""owner"": null, ""path"": ""packages/discord/src/types/index.ts"", ""start_byte"": null, ""start_line"": 155}"	P02117
agent-typescript-3391967160:shipped-test-skip:46	2	agent-typescript-3391967160:shipped-test-skip	natural:agent-typescript-3391967160:shipped-test-skip:46	9815d978f394fe54	"{""end_byte"": null, ""end_line"": 190, ""owner"": null, ""path"": ""packages/discord/src/types/index.ts"", ""start_byte"": null, ""start_line"": 190}"	P00110
agent-typescript-3391967160:shipped-test-skip:47	2	agent-typescript-3391967160:shipped-test-skip	natural:agent-typescript-3391967160:shipped-test-skip:47	44260334b866e0fa	"{""end_byte"": null, ""end_line"": 272, ""owner"": null, ""path"": ""packages/discord/src/types/index.ts"", ""start_byte"": null, ""start_line"": 272}"	P01645
agent-typescript-3391967160:shipped-test-skip:48	2	agent-typescript-3391967160:shipped-test-skip	natural:agent-typescript-3391967160:shipped-test-skip:48	0c0b9e89bc504520	"{""end_byte"": null, ""end_line"": 76, ""owner"": null, ""path"": ""packages/discord/src/utils/index.ts"", ""start_byte"": null, ""start_line"": 76}"	P01681
agent-typescript-3391967160:shipped-test-skip:49	2	agent-typescript-3391967160:shipped-test-skip	natural:agent-typescript-3391967160:shipped-test-skip:49	2789fb0f32eb739d	"{""end_byte"": null, ""end_line"": 95, ""owner"": null, ""path"": ""packages/discord/src/utils/index.ts"", ""start_byte"": null, ""start_line"": 95}"	P01332
agent-typescript-3391967160:shipped-dead-symbols:1	2	agent-typescript-3391967160:shipped-dead-symbols	natural:agent-typescript-3391967160:shipped-dead-symbols:1	6866ec9730070175	"{""end_byte"": null, ""end_line"": 18, ""owner"": null, ""path"": ""examples/core-only/manager.ts"", ""start_byte"": null, ""start_line"": 18}"	P00825
agent-typescript-3391967160:shipped-dead-symbols:2	2	agent-typescript-3391967160:shipped-dead-symbols	natural:agent-typescript-3391967160:shipped-dead-symbols:2	6f0e67467aceb615	"{""end_byte"": null, ""end_line"": 13, ""owner"": null, ""path"": ""examples/core-only/worker.ts"", ""start_byte"": null, ""start_line"": 13}"	P01105
agent-typescript-3519641294:shipped-escapes:1	2	agent-typescript-3519641294:shipped-escapes	natural:agent-typescript-3519641294:shipped-escapes:1	a6d7b1c81d49dbe9	"{""end_byte"": null, ""end_line"": 450, ""owner"": null, ""path"": ""src/core/embedding-service.ts"", ""start_byte"": null, ""start_line"": 450}"	P01021
agent-typescript-3519641294:shipped-escapes:2	2	agent-typescript-3519641294:shipped-escapes	natural:agent-typescript-3519641294:shipped-escapes:2	4a675b12b44ba831	"{""end_byte"": null, ""end_line"": 451, ""owner"": null, ""path"": ""src/core/embedding-service.ts"", ""start_byte"": null, ""start_line"": 451}"	P01584
agent-typescript-3519641294:shipped-escapes:3	2	agent-typescript-3519641294:shipped-escapes	natural:agent-typescript-3519641294:shipped-escapes:3	f9350b6a45bf5793	"{""end_byte"": null, ""end_line"": 85, ""owner"": null, ""path"": ""src/core/platform-utils.ts"", ""start_byte"": null, ""start_line"": 85}"	P00208
agent-typescript-3519641294:shipped-escapes:4	2	agent-typescript-3519641294:shipped-escapes	natural:agent-typescript-3519641294:shipped-escapes:4	15943ec9b609f3ee	"{""end_byte"": null, ""end_line"": 59, ""owner"": null, ""path"": ""src/core/providers/vercel-provider.ts"", ""start_byte"": null, ""start_line"": 59}"	P00692
agent-typescript-3519641294:shipped-escapes:5	2	agent-typescript-3519641294:shipped-escapes	natural:agent-typescript-3519641294:shipped-escapes:5	e103c8cc1a2d8952	"{""end_byte"": null, ""end_line"": 51, ""owner"": null, ""path"": ""src/evaluation/eval-runner.ts"", ""start_byte"": null, ""start_line"": 51}"	P00668
agent-typescript-3519641294:shipped-escapes:6	2	agent-typescript-3519641294:shipped-escapes	natural:agent-typescript-3519641294:shipped-escapes:6	3a494d8ba45eced0	"{""end_byte"": null, ""end_line"": 98, ""owner"": null, ""path"": ""src/evaluation/eval-runner.ts"", ""start_byte"": null, ""start_line"": 98}"	P01930
agent-typescript-3519641294:shipped-escapes:7	2	agent-typescript-3519641294:shipped-escapes	natural:agent-typescript-3519641294:shipped-escapes:7	35f5ba011482421c	"{""end_byte"": null, ""end_line"": 209, ""owner"": null, ""path"": ""src/evaluation/eval-runner.ts"", ""start_byte"": null, ""start_line"": 209}"	P01935
agent-typescript-3519641294:shipped-escapes:8	2	agent-typescript-3519641294:shipped-escapes	natural:agent-typescript-3519641294:shipped-escapes:8	e6755f40515ef044	"{""end_byte"": null, ""end_line"": 257, ""owner"": null, ""path"": ""src/evaluation/eval-runner.ts"", ""start_byte"": null, ""start_line"": 257}"	P00236
agent-typescript-3519641294:shipped-escapes:9	2	agent-typescript-3519641294:shipped-escapes	natural:agent-typescript-3519641294:shipped-escapes:9	6fb98469a06c3b5a	"{""end_byte"": null, ""end_line"": 110, ""owner"": null, ""path"": ""src/evaluation/evaluators/base-comparative.ts"", ""start_byte"": null, ""start_line"": 110}"	P00270
agent-typescript-3519641294:shipped-escapes:10	2	agent-typescript-3519641294:shipped-escapes	natural:agent-typescript-3519641294:shipped-escapes:10	ac4c45f11b3e1dce	"{""end_byte"": null, ""end_line"": 79, ""owner"": null, ""path"": ""src/evaluation/platform-synthesizer.ts"", ""start_byte"": null, ""start_line"": 79}"	P01098
agent-typescript-3519641294:shipped-escapes:11	2	agent-typescript-3519641294:shipped-escapes	natural:agent-typescript-3519641294:shipped-escapes:11	7a04b626e2dd4f39	"{""end_byte"": null, ""end_line"": 205, ""owner"": null, ""path"": ""src/evaluation/platform-synthesizer.ts"", ""start_byte"": null, ""start_line"": 205}"	P02112
agent-typescript-3519641294:shipped-escapes:12	2	agent-typescript-3519641294:shipped-escapes	natural:agent-typescript-3519641294:shipped-escapes:12	3290ca8d9d63a456	"{""end_byte"": null, ""end_line"": 272, ""owner"": null, ""path"": ""src/evaluation/platform-synthesizer.ts"", ""start_byte"": null, ""start_line"": 272}"	P00655
agent-typescript-3519641294:shipped-escapes:13	2	agent-typescript-3519641294:shipped-escapes	natural:agent-typescript-3519641294:shipped-escapes:13	264b5c375c9f8554	"{""end_byte"": null, ""end_line"": 283, ""owner"": null, ""path"": ""src/evaluation/platform-synthesizer.ts"", ""start_byte"": null, ""start_line"": 283}"	P02021
agent-typescript-3519641294:shipped-escapes:14	2	agent-typescript-3519641294:shipped-escapes	natural:agent-typescript-3519641294:shipped-escapes:14	e96c6ab80aa333ec	"{""end_byte"": null, ""end_line"": 305, ""owner"": null, ""path"": ""src/evaluation/platform-synthesizer.ts"", ""start_byte"": null, ""start_line"": 305}"	P00022
agent-typescript-3519641294:shipped-escapes:15	2	agent-typescript-3519641294:shipped-escapes	natural:agent-typescript-3519641294:shipped-escapes:15	0e7f1820b4e9d8f9	"{""end_byte"": null, ""end_line"": 350, ""owner"": null, ""path"": ""src/evaluation/platform-synthesizer.ts"", ""start_byte"": null, ""start_line"": 350}"	P01238
agent-typescript-3519641294:shipped-escapes:16	2	agent-typescript-3519641294:shipped-escapes	natural:agent-typescript-3519641294:shipped-escapes:16	596e792826aa3c83	"{""end_byte"": null, ""end_line"": 351, ""owner"": null, ""path"": ""src/evaluation/platform-synthesizer.ts"", ""start_byte"": null, ""start_line"": 351}"	P01390
agent-typescript-3519641294:shipped-escapes:17	2	agent-typescript-3519641294:shipped-escapes	natural:agent-typescript-3519641294:shipped-escapes:17	549970566ba603c2	"{""end_byte"": null, ""end_line"": 366, ""owner"": null, ""path"": ""src/evaluation/platform-synthesizer.ts"", ""start_byte"": null, ""start_line"": 366}"	P02067
agent-typescript-3519641294:shipped-escapes:18	2	agent-typescript-3519641294:shipped-escapes	natural:agent-typescript-3519641294:shipped-escapes:18	100a2b6c16538a62	"{""end_byte"": null, ""end_line"": 373, ""owner"": null, ""path"": ""src/evaluation/platform-synthesizer.ts"", ""start_byte"": null, ""start_line"": 373}"	P02144
agent-typescript-3519641294:shipped-escapes:19	2	agent-typescript-3519641294:shipped-escapes	natural:agent-typescript-3519641294:shipped-escapes:19	bb6d8e197d9e7b22	"{""end_byte"": null, ""end_line"": 403, ""owner"": null, ""path"": ""src/evaluation/platform-synthesizer.ts"", ""start_byte"": null, ""start_line"": 403}"	P01812
agent-typescript-3519641294:shipped-escapes:20	2	agent-typescript-3519641294:shipped-escapes	natural:agent-typescript-3519641294:shipped-escapes:20	81bf3c1381d36d62	"{""end_byte"": null, ""end_line"": 251, ""owner"": null, ""path"": ""src/interfaces/mcp.ts"", ""start_byte"": null, ""start_line"": 251}"	P02154
agent-typescript-3519641294:shipped-test-skip:1	2	agent-typescript-3519641294:shipped-test-skip	natural:agent-typescript-3519641294:shipped-test-skip:1	a6d7b1c81d49dbe9	"{""end_byte"": null, ""end_line"": 450, ""owner"": null, ""path"": ""src/core/embedding-service.ts"", ""start_byte"": null, ""start_line"": 450}"	P00856
agent-typescript-3519641294:shipped-test-skip:2	2	agent-typescript-3519641294:shipped-test-skip	natural:agent-typescript-3519641294:shipped-test-skip:2	4a675b12b44ba831	"{""end_byte"": null, ""end_line"": 451, ""owner"": null, ""path"": ""src/core/embedding-service.ts"", ""start_byte"": null, ""start_line"": 451}"	P01400
agent-typescript-3519641294:shipped-test-skip:3	2	agent-typescript-3519641294:shipped-test-skip	natural:agent-typescript-3519641294:shipped-test-skip:3	f9350b6a45bf5793	"{""end_byte"": null, ""end_line"": 85, ""owner"": null, ""path"": ""src/core/platform-utils.ts"", ""start_byte"": null, ""start_line"": 85}"	P00537
agent-typescript-3519641294:shipped-test-skip:4	2	agent-typescript-3519641294:shipped-test-skip	natural:agent-typescript-3519641294:shipped-test-skip:4	15943ec9b609f3ee	"{""end_byte"": null, ""end_line"": 59, ""owner"": null, ""path"": ""src/core/providers/vercel-provider.ts"", ""start_byte"": null, ""start_line"": 59}"	P00494
agent-typescript-3519641294:shipped-test-skip:5	2	agent-typescript-3519641294:shipped-test-skip	natural:agent-typescript-3519641294:shipped-test-skip:5	e103c8cc1a2d8952	"{""end_byte"": null, ""end_line"": 51, ""owner"": null, ""path"": ""src/evaluation/eval-runner.ts"", ""start_byte"": null, ""start_line"": 51}"	P00525
agent-typescript-3519641294:shipped-test-skip:6	2	agent-typescript-3519641294:shipped-test-skip	natural:agent-typescript-3519641294:shipped-test-skip:6	3a494d8ba45eced0	"{""end_byte"": null, ""end_line"": 98, ""owner"": null, ""path"": ""src/evaluation/eval-runner.ts"", ""start_byte"": null, ""start_line"": 98}"	P00923
agent-typescript-3519641294:shipped-test-skip:7	2	agent-typescript-3519641294:shipped-test-skip	natural:agent-typescript-3519641294:shipped-test-skip:7	35f5ba011482421c	"{""end_byte"": null, ""end_line"": 209, ""owner"": null, ""path"": ""src/evaluation/eval-runner.ts"", ""start_byte"": null, ""start_line"": 209}"	P01087
agent-typescript-3519641294:shipped-test-skip:8	2	agent-typescript-3519641294:shipped-test-skip	natural:agent-typescript-3519641294:shipped-test-skip:8	e6755f40515ef044	"{""end_byte"": null, ""end_line"": 257, ""owner"": null, ""path"": ""src/evaluation/eval-runner.ts"", ""start_byte"": null, ""start_line"": 257}"	P01636
agent-typescript-3519641294:shipped-test-skip:9	2	agent-typescript-3519641294:shipped-test-skip	natural:agent-typescript-3519641294:shipped-test-skip:9	6fb98469a06c3b5a	"{""end_byte"": null, ""end_line"": 110, ""owner"": null, ""path"": ""src/evaluation/evaluators/base-comparative.ts"", ""start_byte"": null, ""start_line"": 110}"	P01513
agent-typescript-3519641294:shipped-test-skip:10	2	agent-typescript-3519641294:shipped-test-skip	natural:agent-typescript-3519641294:shipped-test-skip:10	ac4c45f11b3e1dce	"{""end_byte"": null, ""end_line"": 79, ""owner"": null, ""path"": ""src/evaluation/platform-synthesizer.ts"", ""start_byte"": null, ""start_line"": 79}"	P02153
agent-typescript-3519641294:shipped-test-skip:11	2	agent-typescript-3519641294:shipped-test-skip	natural:agent-typescript-3519641294:shipped-test-skip:11	7a04b626e2dd4f39	"{""end_byte"": null, ""end_line"": 205, ""owner"": null, ""path"": ""src/evaluation/platform-synthesizer.ts"", ""start_byte"": null, ""start_line"": 205}"	P00653
agent-typescript-3519641294:shipped-test-skip:12	2	agent-typescript-3519641294:shipped-test-skip	natural:agent-typescript-3519641294:shipped-test-skip:12	3290ca8d9d63a456	"{""end_byte"": null, ""end_line"": 272, ""owner"": null, ""path"": ""src/evaluation/platform-synthesizer.ts"", ""start_byte"": null, ""start_line"": 272}"	P01418
agent-typescript-3519641294:shipped-test-skip:13	2	agent-typescript-3519641294:shipped-test-skip	natural:agent-typescript-3519641294:shipped-test-skip:13	264b5c375c9f8554	"{""end_byte"": null, ""end_line"": 283, ""owner"": null, ""path"": ""src/evaluation/platform-synthesizer.ts"", ""start_byte"": null, ""start_line"": 283}"	P01519
agent-typescript-3519641294:shipped-test-skip:14	2	agent-typescript-3519641294:shipped-test-skip	natural:agent-typescript-3519641294:shipped-test-skip:14	e96c6ab80aa333ec	"{""end_byte"": null, ""end_line"": 305, ""owner"": null, ""path"": ""src/evaluation/platform-synthesizer.ts"", ""start_byte"": null, ""start_line"": 305}"	P01494
agent-typescript-3519641294:shipped-test-skip:15	2	agent-typescript-3519641294:shipped-test-skip	natural:agent-typescript-3519641294:shipped-test-skip:15	0e7f1820b4e9d8f9	"{""end_byte"": null, ""end_line"": 350, ""owner"": null, ""path"": ""src/evaluation/platform-synthesizer.ts"", ""start_byte"": null, ""start_line"": 350}"	P01439
agent-typescript-3519641294:shipped-test-skip:16	2	agent-typescript-3519641294:shipped-test-skip	natural:agent-typescript-3519641294:shipped-test-skip:16	596e792826aa3c83	"{""end_byte"": null, ""end_line"": 351, ""owner"": null, ""path"": ""src/evaluation/platform-synthesizer.ts"", ""start_byte"": null, ""start_line"": 351}"	P01396
agent-typescript-3519641294:shipped-test-skip:17	2	agent-typescript-3519641294:shipped-test-skip	natural:agent-typescript-3519641294:shipped-test-skip:17	549970566ba603c2	"{""end_byte"": null, ""end_line"": 366, ""owner"": null, ""path"": ""src/evaluation/platform-synthesizer.ts"", ""start_byte"": null, ""start_line"": 366}"	P01211
agent-typescript-3519641294:shipped-test-skip:18	2	agent-typescript-3519641294:shipped-test-skip	natural:agent-typescript-3519641294:shipped-test-skip:18	100a2b6c16538a62	"{""end_byte"": null, ""end_line"": 373, ""owner"": null, ""path"": ""src/evaluation/platform-synthesizer.ts"", ""start_byte"": null, ""start_line"": 373}"	P01359
agent-typescript-3519641294:shipped-test-skip:19	2	agent-typescript-3519641294:shipped-test-skip	natural:agent-typescript-3519641294:shipped-test-skip:19	bb6d8e197d9e7b22	"{""end_byte"": null, ""end_line"": 403, ""owner"": null, ""path"": ""src/evaluation/platform-synthesizer.ts"", ""start_byte"": null, ""start_line"": 403}"	P01654
agent-typescript-3519641294:shipped-test-skip:20	2	agent-typescript-3519641294:shipped-test-skip	natural:agent-typescript-3519641294:shipped-test-skip:20	81bf3c1381d36d62	"{""end_byte"": null, ""end_line"": 251, ""owner"": null, ""path"": ""src/interfaces/mcp.ts"", ""start_byte"": null, ""start_line"": 251}"	P01027
agent-typescript-3519641294:new-direct-dependency:1	2	agent-typescript-3519641294:new-direct-dependency	natural:agent-typescript-3519641294:new-direct-dependency:1	npm:@ai-sdk/deepseek	"{""end_byte"": null, ""end_line"": null, ""owner"": null, ""path"": ""package.json"", ""start_byte"": null, ""start_line"": null}"	P00995
agent-typescript-3519641294:new-direct-dependency:2	2	agent-typescript-3519641294:new-direct-dependency	natural:agent-typescript-3519641294:new-direct-dependency:2	npm:@ai-sdk/mistral	"{""end_byte"": null, ""end_line"": null, ""owner"": null, ""path"": ""package.json"", ""start_byte"": null, ""start_line"": null}"	P01441
agent-typescript-3519641294:new-direct-dependency:3	2	agent-typescript-3519641294:new-direct-dependency	natural:agent-typescript-3519641294:new-direct-dependency:3	npm:@ai-sdk/xai	"{""end_byte"": null, ""end_line"": null, ""owner"": null, ""path"": ""package.json"", ""start_byte"": null, ""start_line"": null}"	P00049
agent-typescript-3519641294:new-direct-dependency:4	2	agent-typescript-3519641294:new-direct-dependency	natural:agent-typescript-3519641294:new-direct-dependency:4	npm:@rollup/rollup-linux-x64-gnu	"{""end_byte"": null, ""end_line"": null, ""owner"": null, ""path"": ""package.json"", ""start_byte"": null, ""start_line"": null}"	P01050
agent-typescript-2836523710:new-direct-dependency:1	2	agent-typescript-2836523710:new-direct-dependency	natural:agent-typescript-2836523710:new-direct-dependency:1	npm:@expo/vector-icons	"{""end_byte"": null, ""end_line"": null, ""owner"": null, ""path"": ""apps/native/package.json"", ""start_byte"": null, ""start_line"": null}"	P01504
agent-typescript-2836523710:new-direct-dependency:2	2	agent-typescript-2836523710:new-direct-dependency	natural:agent-typescript-2836523710:new-direct-dependency:2	npm:@react-navigation/bottom-tabs	"{""end_byte"": null, ""end_line"": null, ""owner"": null, ""path"": ""apps/native/package.json"", ""start_byte"": null, ""start_line"": null}"	P00775
agent-typescript-2836523710:new-direct-dependency:3	2	agent-typescript-2836523710:new-direct-dependency	natural:agent-typescript-2836523710:new-direct-dependency:3	npm:@types/jest	"{""end_byte"": null, ""end_line"": null, ""owner"": null, ""path"": ""apps/native/package.json"", ""start_byte"": null, ""start_line"": null}"	P01517
agent-typescript-2836523710:new-direct-dependency:4	2	agent-typescript-2836523710:new-direct-dependency	natural:agent-typescript-2836523710:new-direct-dependency:4	npm:@types/react-test-renderer	"{""end_byte"": null, ""end_line"": null, ""owner"": null, ""path"": ""apps/native/package.json"", ""start_byte"": null, ""start_line"": null}"	P00547
agent-typescript-2836523710:new-direct-dependency:5	2	agent-typescript-2836523710:new-direct-dependency	natural:agent-typescript-2836523710:new-direct-dependency:5	npm:expo-system-ui	"{""end_byte"": null, ""end_line"": null, ""owner"": null, ""path"": ""apps/native/package.json"", ""start_byte"": null, ""start_line"": null}"	P01919
agent-typescript-2836523710:new-direct-dependency:6	2	agent-typescript-2836523710:new-direct-dependency	natural:agent-typescript-2836523710:new-direct-dependency:6	npm:expo-web-browser	"{""end_byte"": null, ""end_line"": null, ""owner"": null, ""path"": ""apps/native/package.json"", ""start_byte"": null, ""start_line"": null}"	P02114
agent-typescript-2836523710:new-direct-dependency:7	2	agent-typescript-2836523710:new-direct-dependency	natural:agent-typescript-2836523710:new-direct-dependency:7	npm:jest	"{""end_byte"": null, ""end_line"": null, ""owner"": null, ""path"": ""apps/native/package.json"", ""start_byte"": null, ""start_line"": null}"	P00079
agent-typescript-2836523710:new-direct-dependency:8	2	agent-typescript-2836523710:new-direct-dependency	natural:agent-typescript-2836523710:new-direct-dependency:8	npm:jest-expo	"{""end_byte"": null, ""end_line"": null, ""owner"": null, ""path"": ""apps/native/package.json"", ""start_byte"": null, ""start_line"": null}"	P00744
agent-typescript-2836523710:new-direct-dependency:9	2	agent-typescript-2836523710:new-direct-dependency	natural:agent-typescript-2836523710:new-direct-dependency:9	npm:react-native-gesture-handler	"{""end_byte"": null, ""end_line"": null, ""owner"": null, ""path"": ""apps/native/package.json"", ""start_byte"": null, ""start_line"": null}"	P00890
agent-typescript-2836523710:new-direct-dependency:10	2	agent-typescript-2836523710:new-direct-dependency	natural:agent-typescript-2836523710:new-direct-dependency:10	npm:react-native-reanimated	"{""end_byte"": null, ""end_line"": null, ""owner"": null, ""path"": ""apps/native/package.json"", ""start_byte"": null, ""start_line"": null}"	P01029
agent-typescript-2836523710:new-direct-dependency:11	2	agent-typescript-2836523710:new-direct-dependency	natural:agent-typescript-2836523710:new-direct-dependency:11	npm:react-native-web	"{""end_byte"": null, ""end_line"": null, ""owner"": null, ""path"": ""apps/native/package.json"", ""start_byte"": null, ""start_line"": null}"	P00332
agent-typescript-2836523710:new-direct-dependency:12	2	agent-typescript-2836523710:new-direct-dependency	natural:agent-typescript-2836523710:new-direct-dependency:12	npm:react-native-webview	"{""end_byte"": null, ""end_line"": null, ""owner"": null, ""path"": ""apps/native/package.json"", ""start_byte"": null, ""start_line"": null}"	P01832
agent-typescript-2836523710:new-direct-dependency:13	2	agent-typescript-2836523710:new-direct-dependency	natural:agent-typescript-2836523710:new-direct-dependency:13	npm:react-test-renderer	"{""end_byte"": null, ""end_line"": null, ""owner"": null, ""path"": ""apps/native/package.json"", ""start_byte"": null, ""start_line"": null}"	P02091
agent-typescript-3357327691:shipped-escapes:1	2	agent-typescript-3357327691:shipped-escapes	natural:agent-typescript-3357327691:shipped-escapes:1	da630d1ecbc085ed	"{""end_byte"": null, ""end_line"": 27, ""owner"": null, ""path"": ""packages/http-client-csharp/emitter/test/Unit/dynamic-model.test.ts"", ""start_byte"": null, ""start_line"": 27}"	P00716
agent-typescript-3357327691:shipped-escapes:2	2	agent-typescript-3357327691:shipped-escapes	natural:agent-typescript-3357327691:shipped-escapes:2	64e00b691d4ff069	"{""end_byte"": null, ""end_line"": 33, ""owner"": null, ""path"": ""packages/http-client-csharp/emitter/test/Unit/dynamic-model.test.ts"", ""start_byte"": null, ""start_line"": 33}"	P01545
agent-typescript-3357327691:shipped-escapes:3	2	agent-typescript-3357327691:shipped-escapes	natural:agent-typescript-3357327691:shipped-escapes:3	777f636233712ac7	"{""end_byte"": null, ""end_line"": 53, ""owner"": null, ""path"": ""packages/http-client-csharp/emitter/test/Unit/dynamic-model.test.ts"", ""start_byte"": null, ""start_line"": 53}"	P00393
agent-typescript-3357327691:shipped-escapes:4	2	agent-typescript-3357327691:shipped-escapes	natural:agent-typescript-3357327691:shipped-escapes:4	3a1356682b763123	"{""end_byte"": null, ""end_line"": 59, ""owner"": null, ""path"": ""packages/http-client-csharp/emitter/test/Unit/dynamic-model.test.ts"", ""start_byte"": null, ""start_line"": 59}"	P01640
agent-typescript-3357327691:shipped-escapes:5	2	agent-typescript-3357327691:shipped-escapes	natural:agent-typescript-3357327691:shipped-escapes:5	05e09813dc9bf3cc	"{""end_byte"": null, ""end_line"": 75, ""owner"": null, ""path"": ""packages/http-client-csharp/emitter/test/Unit/dynamic-model.test.ts"", ""start_byte"": null, ""start_line"": 75}"	P01179
agent-typescript-3357327691:shipped-test-skip:1	2	agent-typescript-3357327691:shipped-test-skip	natural:agent-typescript-3357327691:shipped-test-skip:1	da630d1ecbc085ed	"{""end_byte"": null, ""end_line"": 27, ""owner"": null, ""path"": ""packages/http-client-csharp/emitter/test/Unit/dynamic-model.test.ts"", ""start_byte"": null, ""start_line"": 27}"	P00498
agent-typescript-3357327691:shipped-test-skip:2	2	agent-typescript-3357327691:shipped-test-skip	natural:agent-typescript-3357327691:shipped-test-skip:2	64e00b691d4ff069	"{""end_byte"": null, ""end_line"": 33, ""owner"": null, ""path"": ""packages/http-client-csharp/emitter/test/Unit/dynamic-model.test.ts"", ""start_byte"": null, ""start_line"": 33}"	P01922
agent-typescript-3357327691:shipped-test-skip:3	2	agent-typescript-3357327691:shipped-test-skip	natural:agent-typescript-3357327691:shipped-test-skip:3	777f636233712ac7	"{""end_byte"": null, ""end_line"": 53, ""owner"": null, ""path"": ""packages/http-client-csharp/emitter/test/Unit/dynamic-model.test.ts"", ""start_byte"": null, ""start_line"": 53}"	P01269
agent-typescript-3357327691:shipped-test-skip:4	2	agent-typescript-3357327691:shipped-test-skip	natural:agent-typescript-3357327691:shipped-test-skip:4	3a1356682b763123	"{""end_byte"": null, ""end_line"": 59, ""owner"": null, ""path"": ""packages/http-client-csharp/emitter/test/Unit/dynamic-model.test.ts"", ""start_byte"": null, ""start_line"": 59}"	P01118
agent-typescript-3357327691:shipped-test-skip:5	2	agent-typescript-3357327691:shipped-test-skip	natural:agent-typescript-3357327691:shipped-test-skip:5	05e09813dc9bf3cc	"{""end_byte"": null, ""end_line"": 75, ""owner"": null, ""path"": ""packages/http-client-csharp/emitter/test/Unit/dynamic-model.test.ts"", ""start_byte"": null, ""start_line"": 75}"	P00181
agent-typescript-3357327691:shipped-module-cycle:1	2	agent-typescript-3357327691:shipped-module-cycle	natural:agent-typescript-3357327691:shipped-module-cycle:1	d4afb9f8b4aa565c	"{""end_byte"": null, ""end_line"": 27, ""owner"": null, ""path"": ""packages/http-client-csharp/emitter/src/index.ts"", ""start_byte"": null, ""start_line"": 27}"	P02047
agent-typescript-3357327691:shipped-module-cycle:2	2	agent-typescript-3357327691:shipped-module-cycle	natural:agent-typescript-3357327691:shipped-module-cycle:2	7540548010d89125	"{""end_byte"": null, ""end_line"": 4, ""owner"": null, ""path"": ""packages/http-client-csharp/emitter/src/tsp-index.ts"", ""start_byte"": null, ""start_line"": 4}"	P00691
human-typescript-3357327691-2669782320:shipped-escapes:1	2	human-typescript-3357327691-2669782320:shipped-escapes	natural:human-typescript-3357327691-2669782320:shipped-escapes:1	36ba515a1517c39e	"{""end_byte"": null, ""end_line"": 27, ""owner"": null, ""path"": ""packages/compiler/src/server/entrypoint-resolver.ts"", ""start_byte"": null, ""start_line"": 27}"	P00274
human-typescript-3357327691-2669782320:shipped-escapes:2	2	human-typescript-3357327691-2669782320:shipped-escapes	natural:human-typescript-3357327691-2669782320:shipped-escapes:2	3e80d67a5741b348	"{""end_byte"": null, ""end_line"": 21, ""owner"": null, ""path"": ""packages/compiler/test/server/entrypoint-resolver.test.ts"", ""start_byte"": null, ""start_line"": 21}"	P00894
human-typescript-3357327691-2669782320:shipped-escapes:3	2	human-typescript-3357327691-2669782320:shipped-escapes	natural:human-typescript-3357327691-2669782320:shipped-escapes:3	a768ee6f8b537e63	"{""end_byte"": null, ""end_line"": 32, ""owner"": null, ""path"": ""packages/compiler/test/server/entrypoint-resolver.test.ts"", ""start_byte"": null, ""start_line"": 32}"	P00983
human-typescript-3357327691-2669782320:shipped-escapes:4	2	human-typescript-3357327691-2669782320:shipped-escapes	natural:human-typescript-3357327691-2669782320:shipped-escapes:4	6c6aa1815553b6c4	"{""end_byte"": null, ""end_line"": 38, ""owner"": null, ""path"": ""packages/compiler/test/server/entrypoint-resolver.test.ts"", ""start_byte"": null, ""start_line"": 38}"	P00314
human-typescript-3357327691-2669782320:shipped-escapes:5	2	human-typescript-3357327691-2669782320:shipped-escapes	natural:human-typescript-3357327691-2669782320:shipped-escapes:5	7500b72ac68e7d1f	"{""end_byte"": null, ""end_line"": 66, ""owner"": null, ""path"": ""packages/compiler/test/server/entrypoint-resolver.test.ts"", ""start_byte"": null, ""start_line"": 66}"	P00757
human-typescript-3357327691-2669782320:shipped-escapes:6	2	human-typescript-3357327691-2669782320:shipped-escapes	natural:human-typescript-3357327691-2669782320:shipped-escapes:6	4f6bbd7035de1df6	"{""end_byte"": null, ""end_line"": 94, ""owner"": null, ""path"": ""packages/compiler/test/server/entrypoint-resolver.test.ts"", ""start_byte"": null, ""start_line"": 94}"	P00631
human-typescript-3357327691-2669782320:shipped-escapes:7	2	human-typescript-3357327691-2669782320:shipped-escapes	natural:human-typescript-3357327691-2669782320:shipped-escapes:7	4da1fe6fdb465e7e	"{""end_byte"": null, ""end_line"": 128, ""owner"": null, ""path"": ""packages/compiler/test/server/entrypoint-resolver.test.ts"", ""start_byte"": null, ""start_line"": 128}"	P00368
human-typescript-3357327691-2669782320:shipped-escapes:8	2	human-typescript-3357327691-2669782320:shipped-escapes	natural:human-typescript-3357327691-2669782320:shipped-escapes:8	f3ea1181d7fb8e13	"{""end_byte"": null, ""end_line"": 20, ""owner"": null, ""path"": ""packages/typespec-vscode/src/typespec-utils.ts"", ""start_byte"": null, ""start_line"": 20}"	P00395
human-typescript-3357327691-2669782320:shipped-test-skip:1	2	human-typescript-3357327691-2669782320:shipped-test-skip	natural:human-typescript-3357327691-2669782320:shipped-test-skip:1	36ba515a1517c39e	"{""end_byte"": null, ""end_line"": 27, ""owner"": null, ""path"": ""packages/compiler/src/server/entrypoint-resolver.ts"", ""start_byte"": null, ""start_line"": 27}"	P00024
human-typescript-3357327691-2669782320:shipped-test-skip:2	2	human-typescript-3357327691-2669782320:shipped-test-skip	natural:human-typescript-3357327691-2669782320:shipped-test-skip:2	3e80d67a5741b348	"{""end_byte"": null, ""end_line"": 21, ""owner"": null, ""path"": ""packages/compiler/test/server/entrypoint-resolver.test.ts"", ""start_byte"": null, ""start_line"": 21}"	P00225
human-typescript-3357327691-2669782320:shipped-test-skip:3	2	human-typescript-3357327691-2669782320:shipped-test-skip	natural:human-typescript-3357327691-2669782320:shipped-test-skip:3	a768ee6f8b537e63	"{""end_byte"": null, ""end_line"": 32, ""owner"": null, ""path"": ""packages/compiler/test/server/entrypoint-resolver.test.ts"", ""start_byte"": null, ""start_line"": 32}"	P00448
human-typescript-3357327691-2669782320:shipped-test-skip:4	2	human-typescript-3357327691-2669782320:shipped-test-skip	natural:human-typescript-3357327691-2669782320:shipped-test-skip:4	6c6aa1815553b6c4	"{""end_byte"": null, ""end_line"": 38, ""owner"": null, ""path"": ""packages/compiler/test/server/entrypoint-resolver.test.ts"", ""start_byte"": null, ""start_line"": 38}"	P00371
human-typescript-3357327691-2669782320:shipped-test-skip:5	2	human-typescript-3357327691-2669782320:shipped-test-skip	natural:human-typescript-3357327691-2669782320:shipped-test-skip:5	7500b72ac68e7d1f	"{""end_byte"": null, ""end_line"": 66, ""owner"": null, ""path"": ""packages/compiler/test/server/entrypoint-resolver.test.ts"", ""start_byte"": null, ""start_line"": 66}"	P00565
human-typescript-3357327691-2669782320:shipped-test-skip:6	2	human-typescript-3357327691-2669782320:shipped-test-skip	natural:human-typescript-3357327691-2669782320:shipped-test-skip:6	4f6bbd7035de1df6	"{""end_byte"": null, ""end_line"": 94, ""owner"": null, ""path"": ""packages/compiler/test/server/entrypoint-resolver.test.ts"", ""start_byte"": null, ""start_line"": 94}"	P00656
human-typescript-3357327691-2669782320:shipped-test-skip:7	2	human-typescript-3357327691-2669782320:shipped-test-skip	natural:human-typescript-3357327691-2669782320:shipped-test-skip:7	4da1fe6fdb465e7e	"{""end_byte"": null, ""end_line"": 128, ""owner"": null, ""path"": ""packages/compiler/test/server/entrypoint-resolver.test.ts"", ""start_byte"": null, ""start_line"": 128}"	P00777
human-typescript-3357327691-2669782320:shipped-test-skip:8	2	human-typescript-3357327691-2669782320:shipped-test-skip	natural:human-typescript-3357327691-2669782320:shipped-test-skip:8	f3ea1181d7fb8e13	"{""end_byte"": null, ""end_line"": 20, ""owner"": null, ""path"": ""packages/typespec-vscode/src/typespec-utils.ts"", ""start_byte"": null, ""start_line"": 20}"	P01001
human-typescript-3357327691-2669782320:shipped-module-cycle:1	2	human-typescript-3357327691-2669782320:shipped-module-cycle	natural:human-typescript-3357327691-2669782320:shipped-module-cycle:1	46e3748e78e646dc	"{""end_byte"": null, ""end_line"": 2, ""owner"": null, ""path"": ""packages/compiler/src/server/client-config-provider.ts"", ""start_byte"": null, ""start_line"": 2}"	P01287
human-typescript-3357327691-2669782320:shipped-module-cycle:2	2	human-typescript-3357327691-2669782320:shipped-module-cycle	natural:human-typescript-3357327691-2669782320:shipped-module-cycle:2	f3c3ad8158939358	"{""end_byte"": null, ""end_line"": 23, ""owner"": null, ""path"": ""packages/compiler/src/server/compile-service.ts"", ""start_byte"": null, ""start_line"": 23}"	P01297
human-typescript-3357327691-2669782320:shipped-module-cycle:3	2	human-typescript-3357327691-2669782320:shipped-module-cycle	natural:human-typescript-3357327691-2669782320:shipped-module-cycle:3	16b40a62736babab	"{""end_byte"": null, ""end_line"": 1, ""owner"": null, ""path"": ""packages/compiler/src/server/entrypoint-resolver.ts"", ""start_byte"": null, ""start_line"": 1}"	P00636
human-typescript-3357327691-2669782320:shipped-module-cycle:4	2	human-typescript-3357327691-2669782320:shipped-module-cycle	natural:human-typescript-3357327691-2669782320:shipped-module-cycle:4	1f455a48cbe8289e	"{""end_byte"": null, ""end_line"": 3, ""owner"": null, ""path"": ""packages/compiler/src/server/entrypoint-resolver.ts"", ""start_byte"": null, ""start_line"": 3}"	P00406
human-typescript-3357327691-2669782320:shipped-module-cycle:5	2	human-typescript-3357327691-2669782320:shipped-module-cycle	natural:human-typescript-3357327691-2669782320:shipped-module-cycle:5	96a570856bd375f3	"{""end_byte"": null, ""end_line"": 4, ""owner"": null, ""path"": ""packages/compiler/src/server/entrypoint-resolver.ts"", ""start_byte"": null, ""start_line"": 4}"	P00380
human-typescript-3357327691-2669782320:shipped-module-cycle:6	2	human-typescript-3357327691-2669782320:shipped-module-cycle	natural:human-typescript-3357327691-2669782320:shipped-module-cycle:6	92c35862996ebef7	"{""end_byte"": null, ""end_line"": 5, ""owner"": null, ""path"": ""packages/compiler/src/server/entrypoint-resolver.ts"", ""start_byte"": null, ""start_line"": 5}"	P00290
human-typescript-3357327691-2669782320:shipped-module-cycle:7	2	human-typescript-3357327691-2669782320:shipped-module-cycle	natural:human-typescript-3357327691-2669782320:shipped-module-cycle:7	b2d6a6eaa22531c4	"{""end_byte"": null, ""end_line"": 6, ""owner"": null, ""path"": ""packages/compiler/src/server/entrypoint-resolver.ts"", ""start_byte"": null, ""start_line"": 6}"	P01089
human-typescript-3357327691-2669782320:shipped-module-cycle:8	2	human-typescript-3357327691-2669782320:shipped-module-cycle	natural:human-typescript-3357327691-2669782320:shipped-module-cycle:8	6e21bd1ef1f9a286	"{""end_byte"": null, ""end_line"": 7, ""owner"": null, ""path"": ""packages/compiler/src/server/entrypoint-resolver.ts"", ""start_byte"": null, ""start_line"": 7}"	P00438
agent-typescript-3238312359:shipped-escapes:1	2	agent-typescript-3238312359:shipped-escapes	natural:agent-typescript-3238312359:shipped-escapes:1	a2014c4d0f0c3c7f	"{""end_byte"": null, ""end_line"": 79, ""owner"": null, ""path"": ""apps/frontend/app/api/github/branches/route.ts"", ""start_byte"": null, ""start_line"": 79}"	P00297
agent-typescript-3238312359:shipped-test-skip:1	2	agent-typescript-3238312359:shipped-test-skip	natural:agent-typescript-3238312359:shipped-test-skip:1	a2014c4d0f0c3c7f	"{""end_byte"": null, ""end_line"": 79, ""owner"": null, ""path"": ""apps/frontend/app/api/github/branches/route.ts"", ""start_byte"": null, ""start_line"": 79}"	P01290
agent-typescript-3238312359:new-direct-dependency:1	2	agent-typescript-3238312359:new-direct-dependency	natural:agent-typescript-3238312359:new-direct-dependency:1	npm:@octokit/types	"{""end_byte"": null, ""end_line"": null, ""owner"": null, ""path"": ""apps/frontend/package.json"", ""start_byte"": null, ""start_line"": null}"	P00706
human-typescript-3238312359-2709186404:shipped-stubs:1	2	human-typescript-3238312359-2709186404:shipped-stubs	natural:human-typescript-3238312359-2709186404:shipped-stubs:1	dd555ba577e40af7	"{""end_byte"": null, ""end_line"": 63, ""owner"": null, ""path"": ""apps/server/src/execution/firecracker/firecracker-vm-runner.ts"", ""start_byte"": null, ""start_line"": 63}"	P00960
human-typescript-3182983420-2724644741:shipped-escapes:1	2	human-typescript-3182983420-2724644741:shipped-escapes	natural:human-typescript-3182983420-2724644741:shipped-escapes:1	9ab1c9d75d94a7d4	"{""end_byte"": null, ""end_line"": 49, ""owner"": null, ""path"": ""packages/ui/src/components/editor/utils/validate-content.test.ts"", ""start_byte"": null, ""start_line"": 49}"	P00212
human-typescript-3182983420-2724644741:shipped-escapes:2	2	human-typescript-3182983420-2724644741:shipped-escapes	natural:human-typescript-3182983420-2724644741:shipped-escapes:2	91c5de135738a6f0	"{""end_byte"": null, ""end_line"": 64, ""owner"": null, ""path"": ""packages/ui/src/components/editor/utils/validate-content.test.ts"", ""start_byte"": null, ""start_line"": 64}"	P01632
human-typescript-3182983420-2724644741:shipped-escapes:3	2	human-typescript-3182983420-2724644741:shipped-escapes	natural:human-typescript-3182983420-2724644741:shipped-escapes:3	dd48ed64ea3524d5	"{""end_byte"": null, ""end_line"": 67, ""owner"": null, ""path"": ""packages/ui/src/components/editor/utils/validate-content.test.ts"", ""start_byte"": null, ""start_line"": 67}"	P00294
human-typescript-3182983420-2724644741:shipped-escapes:4	2	human-typescript-3182983420-2724644741:shipped-escapes	natural:human-typescript-3182983420-2724644741:shipped-escapes:4	d1f05945fb68b016	"{""end_byte"": null, ""end_line"": 97, ""owner"": null, ""path"": ""packages/ui/src/components/editor/utils/validate-content.test.ts"", ""start_byte"": null, ""start_line"": 97}"	P00593
human-typescript-3182983420-2724644741:shipped-escapes:5	2	human-typescript-3182983420-2724644741:shipped-escapes	natural:human-typescript-3182983420-2724644741:shipped-escapes:5	373121c1ee3191f8	"{""end_byte"": null, ""end_line"": 7, ""owner"": null, ""path"": ""packages/ui/src/components/editor/utils/validate-content.ts"", ""start_byte"": null, ""start_line"": 7}"	P00042
human-typescript-3182983420-2724644741:shipped-escapes:6	2	human-typescript-3182983420-2724644741:shipped-escapes	natural:human-typescript-3182983420-2724644741:shipped-escapes:6	0630d9706c841999	"{""end_byte"": null, ""end_line"": 44, ""owner"": null, ""path"": ""packages/ui/src/components/editor/utils/validate-content.ts"", ""start_byte"": null, ""start_line"": 44}"	P00476
human-typescript-3182983420-2724644741:shipped-escapes:7	2	human-typescript-3182983420-2724644741:shipped-escapes	natural:human-typescript-3182983420-2724644741:shipped-escapes:7	719451c3f30ef278	"{""end_byte"": null, ""end_line"": 64, ""owner"": null, ""path"": ""packages/ui/src/components/editor/utils/validate-content.ts"", ""start_byte"": null, ""start_line"": 64}"	P01938
human-typescript-3182983420-2724644741:shipped-escapes:8	2	human-typescript-3182983420-2724644741:shipped-escapes	natural:human-typescript-3182983420-2724644741:shipped-escapes:8	ae5db76beb84f9bb	"{""end_byte"": null, ""end_line"": 108, ""owner"": null, ""path"": ""packages/ui/src/components/editor/utils/validate-content.ts"", ""start_byte"": null, ""start_line"": 108}"	P01646
human-typescript-3182983420-2724644741:shipped-escapes:9	2	human-typescript-3182983420-2724644741:shipped-escapes	natural:human-typescript-3182983420-2724644741:shipped-escapes:9	de59d9685e643f87	"{""end_byte"": null, ""end_line"": 116, ""owner"": null, ""path"": ""packages/ui/src/components/editor/utils/validate-content.ts"", ""start_byte"": null, ""start_line"": 116}"	P00134
human-typescript-3182983420-2724644741:shipped-escapes:10	2	human-typescript-3182983420-2724644741:shipped-escapes	natural:human-typescript-3182983420-2724644741:shipped-escapes:10	3d4e0dff4890f10d	"{""end_byte"": null, ""end_line"": 145, ""owner"": null, ""path"": ""packages/ui/src/components/editor/utils/validate-content.ts"", ""start_byte"": null, ""start_line"": 145}"	P01045
human-typescript-3182983420-2724644741:shipped-escapes:11	2	human-typescript-3182983420-2724644741:shipped-escapes	natural:human-typescript-3182983420-2724644741:shipped-escapes:11	87622cd469ce505a	"{""end_byte"": null, ""end_line"": 174, ""owner"": null, ""path"": ""packages/ui/src/components/editor/utils/validate-content.ts"", ""start_byte"": null, ""start_line"": 174}"	P01560
human-typescript-3182983420-2724644741:shipped-escapes:12	2	human-typescript-3182983420-2724644741:shipped-escapes	natural:human-typescript-3182983420-2724644741:shipped-escapes:12	dd6556c13af717ca	"{""end_byte"": null, ""end_line"": 199, ""owner"": null, ""path"": ""packages/ui/src/components/editor/utils/validate-content.ts"", ""start_byte"": null, ""start_line"": 199}"	P00458
human-typescript-3182983420-2724644741:shipped-escapes:13	2	human-typescript-3182983420-2724644741:shipped-escapes	natural:human-typescript-3182983420-2724644741:shipped-escapes:13	d9b230978dcbd163	"{""end_byte"": null, ""end_line"": 213, ""owner"": null, ""path"": ""packages/ui/src/components/editor/utils/validate-content.ts"", ""start_byte"": null, ""start_line"": 213}"	P01352
human-typescript-3182983420-2724644741:shipped-escapes:14	2	human-typescript-3182983420-2724644741:shipped-escapes	natural:human-typescript-3182983420-2724644741:shipped-escapes:14	7190dad3b23763ae	"{""end_byte"": null, ""end_line"": 231, ""owner"": null, ""path"": ""packages/ui/src/components/editor/utils/validate-content.ts"", ""start_byte"": null, ""start_line"": 231}"	P00623
human-typescript-3182983420-2724644741:shipped-escapes:15	2	human-typescript-3182983420-2724644741:shipped-escapes	natural:human-typescript-3182983420-2724644741:shipped-escapes:15	5c1b17ed12d246f7	"{""end_byte"": null, ""end_line"": 246, ""owner"": null, ""path"": ""packages/ui/src/components/editor/utils/validate-content.ts"", ""start_byte"": null, ""start_line"": 246}"	P00809
human-typescript-3182983420-2724644741:shipped-escapes:16	2	human-typescript-3182983420-2724644741:shipped-escapes	natural:human-typescript-3182983420-2724644741:shipped-escapes:16	6756f80eb74a9514	"{""end_byte"": null, ""end_line"": 261, ""owner"": null, ""path"": ""packages/ui/src/components/editor/utils/validate-content.ts"", ""start_byte"": null, ""start_line"": 261}"	P01612
human-typescript-3182983420-2724644741:shipped-escapes:17	2	human-typescript-3182983420-2724644741:shipped-escapes	natural:human-typescript-3182983420-2724644741:shipped-escapes:17	97402c71cb53a009	"{""end_byte"": null, ""end_line"": 307, ""owner"": null, ""path"": ""packages/ui/src/components/editor/utils/validate-content.ts"", ""start_byte"": null, ""start_line"": 307}"	P01315
human-typescript-3182983420-2724644741:shipped-escapes:18	2	human-typescript-3182983420-2724644741:shipped-escapes	natural:human-typescript-3182983420-2724644741:shipped-escapes:18	68956fc3807ca687	"{""end_byte"": null, ""end_line"": 319, ""owner"": null, ""path"": ""packages/ui/src/components/editor/utils/validate-content.ts"", ""start_byte"": null, ""start_line"": 319}"	P00279
human-typescript-3182983420-2724644741:shipped-escapes:19	2	human-typescript-3182983420-2724644741:shipped-escapes	natural:human-typescript-3182983420-2724644741:shipped-escapes:19	3d90443314696dfc	"{""end_byte"": null, ""end_line"": 329, ""owner"": null, ""path"": ""packages/ui/src/components/editor/utils/validate-content.ts"", ""start_byte"": null, ""start_line"": 329}"	P01107
human-typescript-3182983420-2724644741:shipped-escapes:20	2	human-typescript-3182983420-2724644741:shipped-escapes	natural:human-typescript-3182983420-2724644741:shipped-escapes:20	813c1ff1a1efd48f	"{""end_byte"": null, ""end_line"": 355, ""owner"": null, ""path"": ""packages/ui/src/components/editor/utils/validate-content.ts"", ""start_byte"": null, ""start_line"": 355}"	P01701
human-typescript-3182983420-2724644741:shipped-escapes:21	2	human-typescript-3182983420-2724644741:shipped-escapes	natural:human-typescript-3182983420-2724644741:shipped-escapes:21	f671c80520bd6146	"{""end_byte"": null, ""end_line"": 360, ""owner"": null, ""path"": ""packages/ui/src/components/editor/utils/validate-content.ts"", ""start_byte"": null, ""start_line"": 360}"	P02092
human-typescript-3182983420-2724644741:shipped-test-skip:1	2	human-typescript-3182983420-2724644741:shipped-test-skip	natural:human-typescript-3182983420-2724644741:shipped-test-skip:1	9ab1c9d75d94a7d4	"{""end_byte"": null, ""end_line"": 49, ""owner"": null, ""path"": ""packages/ui/src/components/editor/utils/validate-content.test.ts"", ""start_byte"": null, ""start_line"": 49}"	P00154
human-typescript-3182983420-2724644741:shipped-test-skip:2	2	human-typescript-3182983420-2724644741:shipped-test-skip	natural:human-typescript-3182983420-2724644741:shipped-test-skip:2	91c5de135738a6f0	"{""end_byte"": null, ""end_line"": 64, ""owner"": null, ""path"": ""packages/ui/src/components/editor/utils/validate-content.test.ts"", ""start_byte"": null, ""start_line"": 64}"	P01263
human-typescript-3182983420-2724644741:shipped-test-skip:3	2	human-typescript-3182983420-2724644741:shipped-test-skip	natural:human-typescript-3182983420-2724644741:shipped-test-skip:3	dd48ed64ea3524d5	"{""end_byte"": null, ""end_line"": 67, ""owner"": null, ""path"": ""packages/ui/src/components/editor/utils/validate-content.test.ts"", ""start_byte"": null, ""start_line"": 67}"	P00408
human-typescript-3182983420-2724644741:shipped-test-skip:4	2	human-typescript-3182983420-2724644741:shipped-test-skip	natural:human-typescript-3182983420-2724644741:shipped-test-skip:4	d1f05945fb68b016	"{""end_byte"": null, ""end_line"": 97, ""owner"": null, ""path"": ""packages/ui/src/components/editor/utils/validate-content.test.ts"", ""start_byte"": null, ""start_line"": 97}"	P00815
human-typescript-3182983420-2724644741:shipped-test-skip:5	2	human-typescript-3182983420-2724644741:shipped-test-skip	natural:human-typescript-3182983420-2724644741:shipped-test-skip:5	373121c1ee3191f8	"{""end_byte"": null, ""end_line"": 7, ""owner"": null, ""path"": ""packages/ui/src/components/editor/utils/validate-content.ts"", ""start_byte"": null, ""start_line"": 7}"	P01053
human-typescript-3182983420-2724644741:shipped-test-skip:6	2	human-typescript-3182983420-2724644741:shipped-test-skip	natural:human-typescript-3182983420-2724644741:shipped-test-skip:6	0630d9706c841999	"{""end_byte"": null, ""end_line"": 44, ""owner"": null, ""path"": ""packages/ui/src/components/editor/utils/validate-content.ts"", ""start_byte"": null, ""start_line"": 44}"	P01803
human-typescript-3182983420-2724644741:shipped-test-skip:7	2	human-typescript-3182983420-2724644741:shipped-test-skip	natural:human-typescript-3182983420-2724644741:shipped-test-skip:7	719451c3f30ef278	"{""end_byte"": null, ""end_line"": 64, ""owner"": null, ""path"": ""packages/ui/src/components/editor/utils/validate-content.ts"", ""start_byte"": null, ""start_line"": 64}"	P01078
human-typescript-3182983420-2724644741:shipped-test-skip:8	2	human-typescript-3182983420-2724644741:shipped-test-skip	natural:human-typescript-3182983420-2724644741:shipped-test-skip:8	ae5db76beb84f9bb	"{""end_byte"": null, ""end_line"": 108, ""owner"": null, ""path"": ""packages/ui/src/components/editor/utils/validate-content.ts"", ""start_byte"": null, ""start_line"": 108}"	P00261
human-typescript-3182983420-2724644741:shipped-test-skip:9	2	human-typescript-3182983420-2724644741:shipped-test-skip	natural:human-typescript-3182983420-2724644741:shipped-test-skip:9	de59d9685e643f87	"{""end_byte"": null, ""end_line"": 116, ""owner"": null, ""path"": ""packages/ui/src/components/editor/utils/validate-content.ts"", ""start_byte"": null, ""start_line"": 116}"	P00696
human-typescript-3182983420-2724644741:shipped-test-skip:10	2	human-typescript-3182983420-2724644741:shipped-test-skip	natural:human-typescript-3182983420-2724644741:shipped-test-skip:10	3d4e0dff4890f10d	"{""end_byte"": null, ""end_line"": 145, ""owner"": null, ""path"": ""packages/ui/src/components/editor/utils/validate-content.ts"", ""start_byte"": null, ""start_line"": 145}"	P01307
human-typescript-3182983420-2724644741:shipped-test-skip:11	2	human-typescript-3182983420-2724644741:shipped-test-skip	natural:human-typescript-3182983420-2724644741:shipped-test-skip:11	87622cd469ce505a	"{""end_byte"": null, ""end_line"": 174, ""owner"": null, ""path"": ""packages/ui/src/components/editor/utils/validate-content.ts"", ""start_byte"": null, ""start_line"": 174}"	P02119
human-typescript-3182983420-2724644741:shipped-test-skip:12	2	human-typescript-3182983420-2724644741:shipped-test-skip	natural:human-typescript-3182983420-2724644741:shipped-test-skip:12	dd6556c13af717ca	"{""end_byte"": null, ""end_line"": 199, ""owner"": null, ""path"": ""packages/ui/src/components/editor/utils/validate-content.ts"", ""start_byte"": null, ""start_line"": 199}"	P01057
human-typescript-3182983420-2724644741:shipped-test-skip:13	2	human-typescript-3182983420-2724644741:shipped-test-skip	natural:human-typescript-3182983420-2724644741:shipped-test-skip:13	d9b230978dcbd163	"{""end_byte"": null, ""end_line"": 213, ""owner"": null, ""path"": ""packages/ui/src/components/editor/utils/validate-content.ts"", ""start_byte"": null, ""start_line"": 213}"	P00102
human-typescript-3182983420-2724644741:shipped-test-skip:14	2	human-typescript-3182983420-2724644741:shipped-test-skip	natural:human-typescript-3182983420-2724644741:shipped-test-skip:14	7190dad3b23763ae	"{""end_byte"": null, ""end_line"": 231, ""owner"": null, ""path"": ""packages/ui/src/components/editor/utils/validate-content.ts"", ""start_byte"": null, ""start_line"": 231}"	P01748
human-typescript-3182983420-2724644741:shipped-test-skip:15	2	human-typescript-3182983420-2724644741:shipped-test-skip	natural:human-typescript-3182983420-2724644741:shipped-test-skip:15	5c1b17ed12d246f7	"{""end_byte"": null, ""end_line"": 246, ""owner"": null, ""path"": ""packages/ui/src/components/editor/utils/validate-content.ts"", ""start_byte"": null, ""start_line"": 246}"	P00357
human-typescript-3182983420-2724644741:shipped-test-skip:16	2	human-typescript-3182983420-2724644741:shipped-test-skip	natural:human-typescript-3182983420-2724644741:shipped-test-skip:16	6756f80eb74a9514	"{""end_byte"": null, ""end_line"": 261, ""owner"": null, ""path"": ""packages/ui/src/components/editor/utils/validate-content.ts"", ""start_byte"": null, ""start_line"": 261}"	P01714
human-typescript-3182983420-2724644741:shipped-test-skip:17	2	human-typescript-3182983420-2724644741:shipped-test-skip	natural:human-typescript-3182983420-2724644741:shipped-test-skip:17	97402c71cb53a009	"{""end_byte"": null, ""end_line"": 307, ""owner"": null, ""path"": ""packages/ui/src/components/editor/utils/validate-content.ts"", ""start_byte"": null, ""start_line"": 307}"	P01298
human-typescript-3182983420-2724644741:shipped-test-skip:18	2	human-typescript-3182983420-2724644741:shipped-test-skip	natural:human-typescript-3182983420-2724644741:shipped-test-skip:18	68956fc3807ca687	"{""end_byte"": null, ""end_line"": 319, ""owner"": null, ""path"": ""packages/ui/src/components/editor/utils/validate-content.ts"", ""start_byte"": null, ""start_line"": 319}"	P01019
human-typescript-3182983420-2724644741:shipped-test-skip:19	2	human-typescript-3182983420-2724644741:shipped-test-skip	natural:human-typescript-3182983420-2724644741:shipped-test-skip:19	3d90443314696dfc	"{""end_byte"": null, ""end_line"": 329, ""owner"": null, ""path"": ""packages/ui/src/components/editor/utils/validate-content.ts"", ""start_byte"": null, ""start_line"": 329}"	P00377
human-typescript-3182983420-2724644741:shipped-test-skip:20	2	human-typescript-3182983420-2724644741:shipped-test-skip	natural:human-typescript-3182983420-2724644741:shipped-test-skip:20	813c1ff1a1efd48f	"{""end_byte"": null, ""end_line"": 355, ""owner"": null, ""path"": ""packages/ui/src/components/editor/utils/validate-content.ts"", ""start_byte"": null, ""start_line"": 355}"	P00647
human-typescript-3182983420-2724644741:shipped-test-skip:21	2	human-typescript-3182983420-2724644741:shipped-test-skip	natural:human-typescript-3182983420-2724644741:shipped-test-skip:21	f671c80520bd6146	"{""end_byte"": null, ""end_line"": 360, ""owner"": null, ""path"": ""packages/ui/src/components/editor/utils/validate-content.ts"", ""start_byte"": null, ""start_line"": 360}"	P01961
human-python-3542979851-2924361734:ruff-python-swallowed:1	2	human-python-3542979851-2924361734:ruff-python-swallowed	natural:human-python-3542979851-2924361734:ruff-python-swallowed:1	BLE001:opshin/__main__.py:325:20:Do not catch blind exception: `Exception`	"{""end_byte"": null, ""end_line"": 325, ""owner"": null, ""path"": ""opshin/__main__.py"", ""start_byte"": null, ""start_line"": 325}"	P01127
human-python-3542979851-2924361734:ruff-python-swallowed:2	2	human-python-3542979851-2924361734:ruff-python-swallowed	natural:human-python-3542979851-2924361734:ruff-python-swallowed:2	BLE001:opshin/__main__.py:576:16:Do not catch blind exception: `Exception`	"{""end_byte"": null, ""end_line"": 576, ""owner"": null, ""path"": ""opshin/__main__.py"", ""start_byte"": null, ""start_line"": 576}"	P01765
human-python-3300949868-2660724683:ruff-python-injection:1	2	human-python-3300949868-2660724683:ruff-python-injection	natural:human-python-3300949868-2660724683:ruff-python-injection:1	S602:tests/test_maxarea.py:69:12:`subprocess` call with `shell=True` identified, security issue	"{""end_byte"": null, ""end_line"": 69, ""owner"": null, ""path"": ""tests/test_maxarea.py"", ""start_byte"": null, ""start_line"": 69}"	P00245
agent-python-3009474184:ruff-python-swallowed:1	2	agent-python-3009474184:ruff-python-swallowed	natural:agent-python-3009474184:ruff-python-swallowed:1	BLE001:slippi_db/preprocessing.py:191:10:Do not catch blind exception: `BaseException`	"{""end_byte"": null, ""end_line"": 191, ""owner"": null, ""path"": ""slippi_db/preprocessing.py"", ""start_byte"": null, ""start_line"": 191}"	P01589
human-python-3009474184-2500410763:ruff-python-injection:1	2	human-python-3009474184-2500410763:ruff-python-injection	natural:human-python-3009474184-2500410763:ruff-python-injection:1	S602:slippi_db/scripts/prepare_local.py:87:19:`subprocess` call with `shell=True` identified, security issue	"{""end_byte"": null, ""end_line"": 87, ""owner"": null, ""path"": ""slippi_db/scripts/prepare_local.py"", ""start_byte"": null, ""start_line"": 87}"	P00680
agent-python-3431634736:shipped-escapes:1	2	agent-python-3431634736:shipped-escapes	natural:agent-python-3431634736:shipped-escapes:1	cfabef00961ad797	"{""end_byte"": null, ""end_line"": 16, ""owner"": null, ""path"": "".claude/tools/on_notification_hook.py"", ""start_byte"": null, ""start_line"": 16}"	P00642
agent-python-3431634736:shipped-escapes:2	2	agent-python-3431634736:shipped-escapes	natural:agent-python-3431634736:shipped-escapes:2	31edbc3e4594bdda	"{""end_byte"": null, ""end_line"": 17, ""owner"": null, ""path"": "".claude/tools/on_notification_hook.py"", ""start_byte"": null, ""start_line"": 17}"	P00676
agent-python-3431634736:shipped-escapes:3	2	agent-python-3431634736:shipped-escapes	natural:agent-python-3431634736:shipped-escapes:3	a29fb8d19063f9aa	"{""end_byte"": null, ""end_line"": 18, ""owner"": null, ""path"": "".claude/tools/on_notification_hook.py"", ""start_byte"": null, ""start_line"": 18}"	P00972
agent-python-3431634736:shipped-test-skip:1	2	agent-python-3431634736:shipped-test-skip	natural:agent-python-3431634736:shipped-test-skip:1	cfabef00961ad797	"{""end_byte"": null, ""end_line"": 16, ""owner"": null, ""path"": "".claude/tools/on_notification_hook.py"", ""start_byte"": null, ""start_line"": 16}"	P01943
agent-python-3431634736:shipped-test-skip:2	2	agent-python-3431634736:shipped-test-skip	natural:agent-python-3431634736:shipped-test-skip:2	31edbc3e4594bdda	"{""end_byte"": null, ""end_line"": 17, ""owner"": null, ""path"": "".claude/tools/on_notification_hook.py"", ""start_byte"": null, ""start_line"": 17}"	P01176
agent-python-3431634736:shipped-test-skip:3	2	agent-python-3431634736:shipped-test-skip	natural:agent-python-3431634736:shipped-test-skip:3	a29fb8d19063f9aa	"{""end_byte"": null, ""end_line"": 18, ""owner"": null, ""path"": "".claude/tools/on_notification_hook.py"", ""start_byte"": null, ""start_line"": 18}"	P01335
agent-python-3431634736:error-empty-handler:1	2	agent-python-3431634736:error-empty-handler	natural:agent-python-3431634736:error-empty-handler:1	empty-handler:pass:amplifier/utils/notifications/platforms.py:27	"{""end_byte"": null, ""end_line"": 27, ""owner"": null, ""path"": ""amplifier/utils/notifications/platforms.py"", ""start_byte"": null, ""start_line"": 27}"	P01401
agent-python-3431634736:error-broad-handler:1	2	agent-python-3431634736:error-broad-handler	natural:agent-python-3431634736:error-broad-handler:1	broad-handler:other:.claude/tools/on_notification_hook.py:60	"{""end_byte"": null, ""end_line"": 60, ""owner"": null, ""path"": "".claude/tools/on_notification_hook.py"", ""start_byte"": null, ""start_line"": 60}"	P00693
agent-python-3431634736:error-broad-handler:2	2	agent-python-3431634736:error-broad-handler	natural:agent-python-3431634736:error-broad-handler:2	broad-handler:other:amplifier/ccsdk_toolkit/logger/__init__.py:254	"{""end_byte"": null, ""end_line"": 254, ""owner"": null, ""path"": ""amplifier/ccsdk_toolkit/logger/__init__.py"", ""start_byte"": null, ""start_line"": 254}"	P00243
agent-python-3431634736:error-broad-handler:3	2	agent-python-3431634736:error-broad-handler	natural:agent-python-3431634736:error-broad-handler:3	broad-handler:other:amplifier/ccsdk_toolkit/logger/logger.py:195	"{""end_byte"": null, ""end_line"": 195, ""owner"": null, ""path"": ""amplifier/ccsdk_toolkit/logger/logger.py"", ""start_byte"": null, ""start_line"": 195}"	P00140
agent-python-3431634736:error-broad-handler:4	2	agent-python-3431634736:error-broad-handler	natural:agent-python-3431634736:error-broad-handler:4	broad-handler:other:amplifier/utils/notifications/cli.py:78	"{""end_byte"": null, ""end_line"": 78, ""owner"": null, ""path"": ""amplifier/utils/notifications/cli.py"", ""start_byte"": null, ""start_line"": 78}"	P01101
agent-python-3431634736:error-broad-handler:5	2	agent-python-3431634736:error-broad-handler	natural:agent-python-3431634736:error-broad-handler:5	broad-handler:other:amplifier/utils/notifications/platforms.py:52	"{""end_byte"": null, ""end_line"": 52, ""owner"": null, ""path"": ""amplifier/utils/notifications/platforms.py"", ""start_byte"": null, ""start_line"": 52}"	P01237
agent-python-3431634736:error-broad-handler:6	2	agent-python-3431634736:error-broad-handler	natural:agent-python-3431634736:error-broad-handler:6	broad-handler:other:amplifier/utils/notifications/platforms.py:77	"{""end_byte"": null, ""end_line"": 77, ""owner"": null, ""path"": ""amplifier/utils/notifications/platforms.py"", ""start_byte"": null, ""start_line"": 77}"	P01844
agent-python-3431634736:error-broad-handler:7	2	agent-python-3431634736:error-broad-handler	natural:agent-python-3431634736:error-broad-handler:7	broad-handler:other:amplifier/utils/notifications/platforms.py:131	"{""end_byte"": null, ""end_line"": 131, ""owner"": null, ""path"": ""amplifier/utils/notifications/platforms.py"", ""start_byte"": null, ""start_line"": 131}"	P01000
agent-python-3431634736:ruff-python-swallowed:1	2	agent-python-3431634736:ruff-python-swallowed	natural:agent-python-3431634736:ruff-python-swallowed:1	BLE001:.claude/tools/on_notification_hook.py:60:12:Do not catch blind exception: `Exception`	"{""end_byte"": null, ""end_line"": 60, ""owner"": null, ""path"": "".claude/tools/on_notification_hook.py"", ""start_byte"": null, ""start_line"": 60}"	P00678
agent-python-3431634736:ruff-python-swallowed:2	2	agent-python-3431634736:ruff-python-swallowed	natural:agent-python-3431634736:ruff-python-swallowed:2	BLE001:amplifier/ccsdk_toolkit/logger/__init__.py:254:20:Do not catch blind exception: `Exception`	"{""end_byte"": null, ""end_line"": 254, ""owner"": null, ""path"": ""amplifier/ccsdk_toolkit/logger/__init__.py"", ""start_byte"": null, ""start_line"": 254}"	P01747
agent-python-3431634736:ruff-python-swallowed:3	2	agent-python-3431634736:ruff-python-swallowed	natural:agent-python-3431634736:ruff-python-swallowed:3	BLE001:amplifier/ccsdk_toolkit/logger/logger.py:195:20:Do not catch blind exception: `Exception`	"{""end_byte"": null, ""end_line"": 195, ""owner"": null, ""path"": ""amplifier/ccsdk_toolkit/logger/logger.py"", ""start_byte"": null, ""start_line"": 195}"	P00044
agent-python-3431634736:ruff-python-swallowed:4	2	agent-python-3431634736:ruff-python-swallowed	natural:agent-python-3431634736:ruff-python-swallowed:4	BLE001:amplifier/ccsdk_toolkit/tools/code_complexity_analyzer.py:278:12:Do not catch blind exception: `Exception`	"{""end_byte"": null, ""end_line"": 278, ""owner"": null, ""path"": ""amplifier/ccsdk_toolkit/tools/code_complexity_analyzer.py"", ""start_byte"": null, ""start_line"": 278}"	P00791
agent-python-3431634736:ruff-python-swallowed:5	2	agent-python-3431634736:ruff-python-swallowed	natural:agent-python-3431634736:ruff-python-swallowed:5	BLE001:amplifier/ccsdk_toolkit/tools/idea_synthesis/cli.py:210:12:Do not catch blind exception: `Exception`	"{""end_byte"": null, ""end_line"": 210, ""owner"": null, ""path"": ""amplifier/ccsdk_toolkit/tools/idea_synthesis/cli.py"", ""start_byte"": null, ""start_line"": 210}"	P01485
agent-python-3431634736:ruff-python-swallowed:6	2	agent-python-3431634736:ruff-python-swallowed	natural:agent-python-3431634736:ruff-python-swallowed:6	BLE001:amplifier/knowledge_synthesis/article_processor.py:131:16:Do not catch blind exception: `Exception`	"{""end_byte"": null, ""end_line"": 131, ""owner"": null, ""path"": ""amplifier/knowledge_synthesis/article_processor.py"", ""start_byte"": null, ""start_line"": 131}"	P00031
agent-python-3431634736:ruff-python-swallowed:7	2	agent-python-3431634736:ruff-python-swallowed	natural:agent-python-3431634736:ruff-python-swallowed:7	BLE001:amplifier/knowledge_synthesis/article_processor.py:146:20:Do not catch blind exception: `Exception`	"{""end_byte"": null, ""end_line"": 146, ""owner"": null, ""path"": ""amplifier/knowledge_synthesis/article_processor.py"", ""start_byte"": null, ""start_line"": 146}"	P02052
agent-python-3431634736:ruff-python-swallowed:8	2	agent-python-3431634736:ruff-python-swallowed	natural:agent-python-3431634736:ruff-python-swallowed:8	BLE001:amplifier/knowledge_synthesis/article_processor.py:230:20:Do not catch blind exception: `Exception`	"{""end_byte"": null, ""end_line"": 230, ""owner"": null, ""path"": ""amplifier/knowledge_synthesis/article_processor.py"", ""start_byte"": null, ""start_line"": 230}"	P01487
agent-python-3431634736:ruff-python-swallowed:9	2	agent-python-3431634736:ruff-python-swallowed	natural:agent-python-3431634736:ruff-python-swallowed:9	BLE001:amplifier/knowledge_synthesis/article_processor.py:244:20:Do not catch blind exception: `Exception`	"{""end_byte"": null, ""end_line"": 244, ""owner"": null, ""path"": ""amplifier/knowledge_synthesis/article_processor.py"", ""start_byte"": null, ""start_line"": 244}"	P00035
agent-python-3431634736:ruff-python-swallowed:10	2	agent-python-3431634736:ruff-python-swallowed	natural:agent-python-3431634736:ruff-python-swallowed:10	BLE001:amplifier/knowledge_synthesis/article_processor.py:463:32:Do not catch blind exception: `Exception`	"{""end_byte"": null, ""end_line"": 463, ""owner"": null, ""path"": ""amplifier/knowledge_synthesis/article_processor.py"", ""start_byte"": null, ""start_line"": 463}"	P01376
agent-python-3431634736:ruff-python-swallowed:11	2	agent-python-3431634736:ruff-python-swallowed	natural:agent-python-3431634736:ruff-python-swallowed:11	BLE001:amplifier/knowledge_synthesis/article_processor.py:647:16:Do not catch blind exception: `Exception`	"{""end_byte"": null, ""end_line"": 647, ""owner"": null, ""path"": ""amplifier/knowledge_synthesis/article_processor.py"", ""start_byte"": null, ""start_line"": 647}"	P01168
agent-python-3431634736:ruff-python-swallowed:12	2	agent-python-3431634736:ruff-python-swallowed	natural:agent-python-3431634736:ruff-python-swallowed:12	BLE001:amplifier/knowledge_synthesis/cli.py:383:16:Do not catch blind exception: `Exception`	"{""end_byte"": null, ""end_line"": 383, ""owner"": null, ""path"": ""amplifier/knowledge_synthesis/cli.py"", ""start_byte"": null, ""start_line"": 383}"	P00056
agent-python-3431634736:ruff-python-swallowed:13	2	agent-python-3431634736:ruff-python-swallowed	natural:agent-python-3431634736:ruff-python-swallowed:13	BLE001:amplifier/knowledge_synthesis/cli.py:497:24:Do not catch blind exception: `Exception`	"{""end_byte"": null, ""end_line"": 497, ""owner"": null, ""path"": ""amplifier/knowledge_synthesis/cli.py"", ""start_byte"": null, ""start_line"": 497}"	P01169
agent-python-3431634736:ruff-python-swallowed:14	2	agent-python-3431634736:ruff-python-swallowed	natural:agent-python-3431634736:ruff-python-swallowed:14	BLE001:amplifier/knowledge_synthesis/cli.py:527:40:Do not catch blind exception: `Exception`	"{""end_byte"": null, ""end_line"": 527, ""owner"": null, ""path"": ""amplifier/knowledge_synthesis/cli.py"", ""start_byte"": null, ""start_line"": 527}"	P01380
agent-python-3431634736:ruff-python-swallowed:15	2	agent-python-3431634736:ruff-python-swallowed	natural:agent-python-3431634736:ruff-python-swallowed:15	BLE001:amplifier/utils/notifications/cli.py:78:16:Do not catch blind exception: `Exception`	"{""end_byte"": null, ""end_line"": 78, ""owner"": null, ""path"": ""amplifier/utils/notifications/cli.py"", ""start_byte"": null, ""start_line"": 78}"	P01596
agent-python-3431634736:ruff-python-swallowed:16	2	agent-python-3431634736:ruff-python-swallowed	natural:agent-python-3431634736:ruff-python-swallowed:16	S110:amplifier/utils/notifications/platforms.py:27:9:`try`-`except`-`pass` detected, consider logging the exception	"{""end_byte"": null, ""end_line"": 27, ""owner"": null, ""path"": ""amplifier/utils/notifications/platforms.py"", ""start_byte"": null, ""start_line"": 27}"	P00926
agent-python-3431634736:ruff-python-swallowed:17	2	agent-python-3431634736:ruff-python-swallowed	natural:agent-python-3431634736:ruff-python-swallowed:17	BLE001:amplifier/utils/notifications/platforms.py:27:16:Do not catch blind exception: `Exception`	"{""end_byte"": null, ""end_line"": 27, ""owner"": null, ""path"": ""amplifier/utils/notifications/platforms.py"", ""start_byte"": null, ""start_line"": 27}"	P00806
agent-python-3431634736:ruff-python-swallowed:18	2	agent-python-3431634736:ruff-python-swallowed	natural:agent-python-3431634736:ruff-python-swallowed:18	BLE001:amplifier/utils/notifications/platforms.py:52:12:Do not catch blind exception: `Exception`	"{""end_byte"": null, ""end_line"": 52, ""owner"": null, ""path"": ""amplifier/utils/notifications/platforms.py"", ""start_byte"": null, ""start_line"": 52}"	P02159
agent-python-3431634736:ruff-python-swallowed:19	2	agent-python-3431634736:ruff-python-swallowed	natural:agent-python-3431634736:ruff-python-swallowed:19	BLE001:amplifier/utils/notifications/platforms.py:77:12:Do not catch blind exception: `Exception`	"{""end_byte"": null, ""end_line"": 77, ""owner"": null, ""path"": ""amplifier/utils/notifications/platforms.py"", ""start_byte"": null, ""start_line"": 77}"	P01756
agent-python-3431634736:ruff-python-swallowed:20	2	agent-python-3431634736:ruff-python-swallowed	natural:agent-python-3431634736:ruff-python-swallowed:20	BLE001:amplifier/utils/notifications/platforms.py:131:12:Do not catch blind exception: `Exception`	"{""end_byte"": null, ""end_line"": 131, ""owner"": null, ""path"": ""amplifier/utils/notifications/platforms.py"", ""start_byte"": null, ""start_line"": 131}"	P00295
human-python-3431634736-2875708814:ruff-python-swallowed:1	2	human-python-3431634736-2875708814:ruff-python-swallowed	natural:human-python-3431634736-2875708814:ruff-python-swallowed:1	BLE001:amplifier/cli.py:337:12:Do not catch blind exception: `Exception`	"{""end_byte"": null, ""end_line"": 337, ""owner"": null, ""path"": ""amplifier/cli.py"", ""start_byte"": null, ""start_line"": 337}"	P00284
human-python-3431634736-2875708814:ruff-python-swallowed:2	2	human-python-3431634736-2875708814:ruff-python-swallowed	natural:human-python-3431634736-2875708814:ruff-python-swallowed:2	BLE001:amplifier/cli.py:381:12:Do not catch blind exception: `Exception`	"{""end_byte"": null, ""end_line"": 381, ""owner"": null, ""path"": ""amplifier/cli.py"", ""start_byte"": null, ""start_line"": 381}"	P00508
human-python-3431634736-2875708814:ruff-python-swallowed:3	2	human-python-3431634736-2875708814:ruff-python-swallowed	natural:human-python-3431634736-2875708814:ruff-python-swallowed:3	BLE001:amplifier/cli.py:448:12:Do not catch blind exception: `Exception`	"{""end_byte"": null, ""end_line"": 448, ""owner"": null, ""path"": ""amplifier/cli.py"", ""start_byte"": null, ""start_line"": 448}"	P02008
human-python-3204494611-2708043208:ruff-python-injection:1	2	human-python-3204494611-2708043208:ruff-python-injection	natural:human-python-3204494611-2708043208:ruff-python-injection:1	S605:src/levanter/infra/ray_tpu.py:942:17:Starting a process with a shell: seems safe, but may be changed in the future; consider rewriting without `shell`	"{""end_byte"": null, ""end_line"": 942, ""owner"": null, ""path"": ""src/levanter/infra/ray_tpu.py"", ""start_byte"": null, ""start_line"": 942}"	P00209
human-python-3204494611-2708043208:ruff-python-swallowed:1	2	human-python-3204494611-2708043208:ruff-python-swallowed	natural:human-python-3204494611-2708043208:ruff-python-swallowed:1	BLE001:src/levanter/infra/ray_tpu.py:581:28:Do not catch blind exception: `Exception`	"{""end_byte"": null, ""end_line"": 581, ""owner"": null, ""path"": ""src/levanter/infra/ray_tpu.py"", ""start_byte"": null, ""start_line"": 581}"	P01928
human-python-3204494611-2708043208:ruff-python-swallowed:2	2	human-python-3204494611-2708043208:ruff-python-swallowed	natural:human-python-3204494611-2708043208:ruff-python-swallowed:2	BLE001:src/levanter/infra/ray_tpu.py:899:16:Do not catch blind exception: `Exception`	"{""end_byte"": null, ""end_line"": 899, ""owner"": null, ""path"": ""src/levanter/infra/ray_tpu.py"", ""start_byte"": null, ""start_line"": 899}"	P00327
human-python-3204494611-2708043208:ruff-python-swallowed:3	2	human-python-3204494611-2708043208:ruff-python-swallowed	natural:human-python-3204494611-2708043208:ruff-python-swallowed:3	S110:src/levanter/infra/ray_tpu.py:943:13:`try`-`except`-`pass` detected, consider logging the exception	"{""end_byte"": null, ""end_line"": 943, ""owner"": null, ""path"": ""src/levanter/infra/ray_tpu.py"", ""start_byte"": null, ""start_line"": 943}"	P00330
human-python-3204494611-2708043208:ruff-python-swallowed:4	2	human-python-3204494611-2708043208:ruff-python-swallowed	natural:human-python-3204494611-2708043208:ruff-python-swallowed:4	BLE001:src/levanter/infra/ray_tpu.py:943:20:Do not catch blind exception: `Exception`	"{""end_byte"": null, ""end_line"": 943, ""owner"": null, ""path"": ""src/levanter/infra/ray_tpu.py"", ""start_byte"": null, ""start_line"": 943}"	P00484
agent-python-3492994182:shipped-stubs:1	2	agent-python-3492994182:shipped-stubs	natural:agent-python-3492994182:shipped-stubs:1	62b3570ce135e640	"{""end_byte"": null, ""end_line"": 82, ""owner"": null, ""path"": ""tests/test_buggy_attrs.py"", ""start_byte"": null, ""start_line"": 82}"	P02139
agent-python-3527845500:ruff-python-swallowed:1	2	agent-python-3527845500:ruff-python-swallowed	natural:agent-python-3527845500:ruff-python-swallowed:1	BLE001:integrations/adk-middleware/python/src/ag_ui_adk/adk_agent.py:176:16:Do not catch blind exception: `Exception`	"{""end_byte"": null, ""end_line"": 176, ""owner"": null, ""path"": ""integrations/adk-middleware/python/src/ag_ui_adk/adk_agent.py"", ""start_byte"": null, ""start_line"": 176}"	P01781
agent-python-3527845500:ruff-python-swallowed:2	2	agent-python-3527845500:ruff-python-swallowed	natural:agent-python-3527845500:ruff-python-swallowed:2	BLE001:integrations/adk-middleware/python/src/ag_ui_adk/adk_agent.py:195:16:Do not catch blind exception: `Exception`	"{""end_byte"": null, ""end_line"": 195, ""owner"": null, ""path"": ""integrations/adk-middleware/python/src/ag_ui_adk/adk_agent.py"", ""start_byte"": null, ""start_line"": 195}"	P00687
agent-python-3527845500:ruff-python-swallowed:3	2	agent-python-3527845500:ruff-python-swallowed	natural:agent-python-3527845500:ruff-python-swallowed:3	BLE001:integrations/adk-middleware/python/src/ag_ui_adk/adk_agent.py:248:16:Do not catch blind exception: `Exception`	"{""end_byte"": null, ""end_line"": 248, ""owner"": null, ""path"": ""integrations/adk-middleware/python/src/ag_ui_adk/adk_agent.py"", ""start_byte"": null, ""start_line"": 248}"	P01043
agent-python-3527845500:ruff-python-swallowed:4	2	agent-python-3527845500:ruff-python-swallowed	natural:agent-python-3527845500:ruff-python-swallowed:4	BLE001:integrations/adk-middleware/python/src/ag_ui_adk/adk_agent.py:292:16:Do not catch blind exception: `Exception`	"{""end_byte"": null, ""end_line"": 292, ""owner"": null, ""path"": ""integrations/adk-middleware/python/src/ag_ui_adk/adk_agent.py"", ""start_byte"": null, ""start_line"": 292}"	P01158
agent-python-3527845500:ruff-python-swallowed:5	2	agent-python-3527845500:ruff-python-swallowed	natural:agent-python-3527845500:ruff-python-swallowed:5	BLE001:integrations/adk-middleware/python/src/ag_ui_adk/adk_agent.py:321:16:Do not catch blind exception: `Exception`	"{""end_byte"": null, ""end_line"": 321, ""owner"": null, ""path"": ""integrations/adk-middleware/python/src/ag_ui_adk/adk_agent.py"", ""start_byte"": null, ""start_line"": 321}"	P01665
agent-python-3527845500:ruff-python-swallowed:6	2	agent-python-3527845500:ruff-python-swallowed	natural:agent-python-3527845500:ruff-python-swallowed:6	BLE001:integrations/adk-middleware/python/src/ag_ui_adk/adk_agent.py:642:28:Do not catch blind exception: `Exception`	"{""end_byte"": null, ""end_line"": 642, ""owner"": null, ""path"": ""integrations/adk-middleware/python/src/ag_ui_adk/adk_agent.py"", ""start_byte"": null, ""start_line"": 642}"	P01026
agent-python-3527845500:ruff-python-swallowed:7	2	agent-python-3527845500:ruff-python-swallowed	natural:agent-python-3527845500:ruff-python-swallowed:7	BLE001:integrations/adk-middleware/python/src/ag_ui_adk/adk_agent.py:697:24:Do not catch blind exception: `Exception`	"{""end_byte"": null, ""end_line"": 697, ""owner"": null, ""path"": ""integrations/adk-middleware/python/src/ag_ui_adk/adk_agent.py"", ""start_byte"": null, ""start_line"": 697}"	P00672
agent-python-3527845500:ruff-python-swallowed:8	2	agent-python-3527845500:ruff-python-swallowed	natural:agent-python-3527845500:ruff-python-swallowed:8	BLE001:integrations/adk-middleware/python/src/ag_ui_adk/adk_agent.py:1032:24:Do not catch blind exception: `Exception`	"{""end_byte"": null, ""end_line"": 1032, ""owner"": null, ""path"": ""integrations/adk-middleware/python/src/ag_ui_adk/adk_agent.py"", ""start_byte"": null, ""start_line"": 1032}"	P00188
agent-python-3527845500:ruff-python-swallowed:9	2	agent-python-3527845500:ruff-python-swallowed	natural:agent-python-3527845500:ruff-python-swallowed:9	BLE001:integrations/adk-middleware/python/src/ag_ui_adk/adk_agent.py:1100:28:Do not catch blind exception: `Exception`	"{""end_byte"": null, ""end_line"": 1100, ""owner"": null, ""path"": ""integrations/adk-middleware/python/src/ag_ui_adk/adk_agent.py"", ""start_byte"": null, ""start_line"": 1100}"	P00224
agent-python-3527845500:ruff-python-swallowed:10	2	agent-python-3527845500:ruff-python-swallowed	natural:agent-python-3527845500:ruff-python-swallowed:10	BLE001:integrations/adk-middleware/python/src/ag_ui_adk/session_manager.py:565:20:Do not catch blind exception: `Exception`	"{""end_byte"": null, ""end_line"": 565, ""owner"": null, ""path"": ""integrations/adk-middleware/python/src/ag_ui_adk/session_manager.py"", ""start_byte"": null, ""start_line"": 565}"	P01873
agent-python-3527845500:ruff-python-swallowed:11	2	agent-python-3527845500:ruff-python-swallowed	natural:agent-python-3527845500:ruff-python-swallowed:11	BLE001:integrations/adk-middleware/python/src/ag_ui_adk/session_manager.py:591:20:Do not catch blind exception: `Exception`	"{""end_byte"": null, ""end_line"": 591, ""owner"": null, ""path"": ""integrations/adk-middleware/python/src/ag_ui_adk/session_manager.py"", ""start_byte"": null, ""start_line"": 591}"	P02044
agent-python-3527845500:ruff-python-swallowed:12	2	agent-python-3527845500:ruff-python-swallowed	natural:agent-python-3527845500:ruff-python-swallowed:12	BLE001:integrations/adk-middleware/python/src/ag_ui_adk/session_manager.py:601:16:Do not catch blind exception: `Exception`	"{""end_byte"": null, ""end_line"": 601, ""owner"": null, ""path"": ""integrations/adk-middleware/python/src/ag_ui_adk/session_manager.py"", ""start_byte"": null, ""start_line"": 601}"	P01353
agent-python-3527845500:ruff-python-swallowed:13	2	agent-python-3527845500:ruff-python-swallowed	natural:agent-python-3527845500:ruff-python-swallowed:13	BLE001:integrations/adk-middleware/python/src/ag_ui_adk/session_manager.py:669:20:Do not catch blind exception: `Exception`	"{""end_byte"": null, ""end_line"": 669, ""owner"": null, ""path"": ""integrations/adk-middleware/python/src/ag_ui_adk/session_manager.py"", ""start_byte"": null, ""start_line"": 669}"	P02012
human-python-3527845500-2857227990:new-direct-dependency:1	2	human-python-3527845500-2857227990:new-direct-dependency	natural:human-python-3527845500-2857227990:new-direct-dependency:1	pypi:llama-index-llms-openai	"{""end_byte"": null, ""end_line"": null, ""owner"": null, ""path"": ""typescript-sdk/integrations/llamaindex/server-py/pyproject.toml"", ""start_byte"": null, ""start_line"": null}"	P00654
human-python-3078818623-2538909715:ruff-python-swallowed:1	2	human-python-3078818623-2538909715:ruff-python-swallowed	natural:human-python-3078818623-2538909715:ruff-python-swallowed:1	BLE001:.config/component_generator/scripts/dag.py:165:12:Do not catch blind exception: `Exception`	"{""end_byte"": null, ""end_line"": 165, ""owner"": null, ""path"": "".config/component_generator/scripts/dag.py"", ""start_byte"": null, ""start_line"": 165}"	P00442
human-python-3078818623-2538909715:ruff-python-swallowed:2	2	human-python-3078818623-2538909715:ruff-python-swallowed	natural:human-python-3078818623-2538909715:ruff-python-swallowed:2	BLE001:.config/component_generator/scripts/dag.py:206:12:Do not catch blind exception: `Exception`	"{""end_byte"": null, ""end_line"": 206, ""owner"": null, ""path"": "".config/component_generator/scripts/dag.py"", ""start_byte"": null, ""start_line"": 206}"	P00945
human-python-3078818623-2538909715:ruff-python-swallowed:3	2	human-python-3078818623-2538909715:ruff-python-swallowed	natural:human-python-3078818623-2538909715:ruff-python-swallowed:3	BLE001:.config/component_generator/scripts/dag.py:234:16:Do not catch blind exception: `Exception`	"{""end_byte"": null, ""end_line"": 234, ""owner"": null, ""path"": "".config/component_generator/scripts/dag.py"", ""start_byte"": null, ""start_line"": 234}"	P01093
human-python-3078818623-2538909715:ruff-python-swallowed:4	2	human-python-3078818623-2538909715:ruff-python-swallowed	natural:human-python-3078818623-2538909715:ruff-python-swallowed:4	BLE001:.config/component_generator/scripts/dag.py:244:20:Do not catch blind exception: `Exception`	"{""end_byte"": null, ""end_line"": 244, ""owner"": null, ""path"": "".config/component_generator/scripts/dag.py"", ""start_byte"": null, ""start_line"": 244}"	P01500
human-python-3078818623-2538909715:ruff-python-swallowed:5	2	human-python-3078818623-2538909715:ruff-python-swallowed	natural:human-python-3078818623-2538909715:ruff-python-swallowed:5	BLE001:.config/component_generator/scripts/dag.py:257:24:Do not catch blind exception: `Exception`	"{""end_byte"": null, ""end_line"": 257, ""owner"": null, ""path"": "".config/component_generator/scripts/dag.py"", ""start_byte"": null, ""start_line"": 257}"	P01792
human-python-3078818623-2538909715:ruff-python-swallowed:6	2	human-python-3078818623-2538909715:ruff-python-swallowed	natural:human-python-3078818623-2538909715:ruff-python-swallowed:6	BLE001:.config/component_generator/scripts/dag.py:270:32:Do not catch blind exception: `Exception`	"{""end_byte"": null, ""end_line"": 270, ""owner"": null, ""path"": "".config/component_generator/scripts/dag.py"", ""start_byte"": null, ""start_line"": 270}"	P01821
human-python-3078818623-2538909715:ruff-python-swallowed:7	2	human-python-3078818623-2538909715:ruff-python-swallowed	natural:human-python-3078818623-2538909715:ruff-python-swallowed:7	BLE001:.config/component_generator/scripts/dag.py:356:12:Do not catch blind exception: `Exception`	"{""end_byte"": null, ""end_line"": 356, ""owner"": null, ""path"": "".config/component_generator/scripts/dag.py"", ""start_byte"": null, ""start_line"": 356}"	P01466
human-python-3078818623-2538909715:ruff-python-swallowed:8	2	human-python-3078818623-2538909715:ruff-python-swallowed	natural:human-python-3078818623-2538909715:ruff-python-swallowed:8	BLE001:.config/component_generator/scripts/dag.py:379:12:Do not catch blind exception: `Exception`	"{""end_byte"": null, ""end_line"": 379, ""owner"": null, ""path"": "".config/component_generator/scripts/dag.py"", ""start_byte"": null, ""start_line"": 379}"	P01686
human-python-3078818623-2538909715:ruff-python-swallowed:9	2	human-python-3078818623-2538909715:ruff-python-swallowed	natural:human-python-3078818623-2538909715:ruff-python-swallowed:9	BLE001:.config/component_generator/scripts/dag.py:434:12:Do not catch blind exception: `Exception`	"{""end_byte"": null, ""end_line"": 434, ""owner"": null, ""path"": "".config/component_generator/scripts/dag.py"", ""start_byte"": null, ""start_line"": 434}"	P01763
human-python-3078818623-2538909715:ruff-python-swallowed:10	2	human-python-3078818623-2538909715:ruff-python-swallowed	natural:human-python-3078818623-2538909715:ruff-python-swallowed:10	BLE001:.config/component_generator/scripts/dag.py:449:12:Do not catch blind exception: `Exception`	"{""end_byte"": null, ""end_line"": 449, ""owner"": null, ""path"": "".config/component_generator/scripts/dag.py"", ""start_byte"": null, ""start_line"": 449}"	P01616
human-python-3078818623-2538909715:ruff-python-swallowed:11	2	human-python-3078818623-2538909715:ruff-python-swallowed	natural:human-python-3078818623-2538909715:ruff-python-swallowed:11	BLE001:.config/component_generator/scripts/dag.py:462:12:Do not catch blind exception: `Exception`	"{""end_byte"": null, ""end_line"": 462, ""owner"": null, ""path"": "".config/component_generator/scripts/dag.py"", ""start_byte"": null, ""start_line"": 462}"	P00811
human-python-3078818623-2538909715:ruff-python-swallowed:12	2	human-python-3078818623-2538909715:ruff-python-swallowed	natural:human-python-3078818623-2538909715:ruff-python-swallowed:12	BLE001:pkgs/base/swarmauri_base/DynamicBase.py:446:20:Do not catch blind exception: `Exception`	"{""end_byte"": null, ""end_line"": 446, ""owner"": null, ""path"": ""pkgs/base/swarmauri_base/DynamicBase.py"", ""start_byte"": null, ""start_line"": 446}"	P01541
human-python-3078818623-2538909715:ruff-python-swallowed:13	2	human-python-3078818623-2538909715:ruff-python-swallowed	natural:human-python-3078818623-2538909715:ruff-python-swallowed:13	BLE001:pkgs/base/swarmauri_base/DynamicBase.py:548:28:Do not catch blind exception: `Exception`	"{""end_byte"": null, ""end_line"": 548, ""owner"": null, ""path"": ""pkgs/base/swarmauri_base/DynamicBase.py"", ""start_byte"": null, ""start_line"": 548}"	P02026
agent-python-3441479674:shipped-escapes:1	2	agent-python-3441479674:shipped-escapes	natural:agent-python-3441479674:shipped-escapes:1	b3ee49ff71cd8995	"{""end_byte"": null, ""end_line"": 22, ""owner"": null, ""path"": ""script.py"", ""start_byte"": null, ""start_line"": 22}"	P01381
agent-python-3441479674:shipped-test-skip:1	2	agent-python-3441479674:shipped-test-skip	natural:agent-python-3441479674:shipped-test-skip:1	b3ee49ff71cd8995	"{""end_byte"": null, ""end_line"": 22, ""owner"": null, ""path"": ""script.py"", ""start_byte"": null, ""start_line"": 22}"	P00639
agent-python-3441479674:error-broad-handler:1	2	agent-python-3441479674:error-broad-handler	natural:agent-python-3441479674:error-broad-handler:1	broad-handler:other:script.py:84	"{""end_byte"": null, ""end_line"": 84, ""owner"": null, ""path"": ""script.py"", ""start_byte"": null, ""start_line"": 84}"	P01536
agent-python-3441479674:error-broad-handler:2	2	agent-python-3441479674:error-broad-handler	natural:agent-python-3441479674:error-broad-handler:2	broad-handler:other:script.py:209	"{""end_byte"": null, ""end_line"": 209, ""owner"": null, ""path"": ""script.py"", ""start_byte"": null, ""start_line"": 209}"	P00664
agent-python-3441479674:error-broad-handler:3	2	agent-python-3441479674:error-broad-handler	natural:agent-python-3441479674:error-broad-handler:3	broad-handler:other:script.py:215	"{""end_byte"": null, ""end_line"": 215, ""owner"": null, ""path"": ""script.py"", ""start_byte"": null, ""start_line"": 215}"	P01564
agent-python-3441479674:error-broad-handler:4	2	agent-python-3441479674:error-broad-handler	natural:agent-python-3441479674:error-broad-handler:4	broad-handler:other:script.py:241	"{""end_byte"": null, ""end_line"": 241, ""owner"": null, ""path"": ""script.py"", ""start_byte"": null, ""start_line"": 241}"	P01077
agent-python-3441479674:ruff-python-swallowed:1	2	agent-python-3441479674:ruff-python-swallowed	natural:agent-python-3441479674:ruff-python-swallowed:1	BLE001:script.py:84:16:Do not catch blind exception: `Exception`	"{""end_byte"": null, ""end_line"": 84, ""owner"": null, ""path"": ""script.py"", ""start_byte"": null, ""start_line"": 84}"	P01941
agent-python-3441479674:ruff-python-swallowed:2	2	agent-python-3441479674:ruff-python-swallowed	natural:agent-python-3441479674:ruff-python-swallowed:2	BLE001:script.py:209:12:Do not catch blind exception: `Exception`	"{""end_byte"": null, ""end_line"": 209, ""owner"": null, ""path"": ""script.py"", ""start_byte"": null, ""start_line"": 209}"	P01960
agent-python-3441479674:ruff-python-swallowed:3	2	agent-python-3441479674:ruff-python-swallowed	natural:agent-python-3441479674:ruff-python-swallowed:3	BLE001:script.py:215:12:Do not catch blind exception: `Exception`	"{""end_byte"": null, ""end_line"": 215, ""owner"": null, ""path"": ""script.py"", ""start_byte"": null, ""start_line"": 215}"	P00558
agent-python-3441479674:ruff-python-swallowed:4	2	agent-python-3441479674:ruff-python-swallowed	natural:agent-python-3441479674:ruff-python-swallowed:4	BLE001:script.py:241:12:Do not catch blind exception: `Exception`	"{""end_byte"": null, ""end_line"": 241, ""owner"": null, ""path"": ""script.py"", ""start_byte"": null, ""start_line"": 241}"	P00241
human-python-3441479674-2884784925:new-direct-dependency:1	2	human-python-3441479674-2884784925:new-direct-dependency	natural:human-python-3441479674-2884784925:new-direct-dependency:1	pypi:setuptools	"{""end_byte"": null, ""end_line"": null, ""owner"": null, ""path"": ""pyproject.toml"", ""start_byte"": null, ""start_line"": null}"	P00273
human-python-3441479674-2884784925:new-direct-dependency:2	2	human-python-3441479674-2884784925:new-direct-dependency	natural:human-python-3441479674-2884784925:new-direct-dependency:2	pypi:setuptools-rust	"{""end_byte"": null, ""end_line"": null, ""owner"": null, ""path"": ""pyproject.toml"", ""start_byte"": null, ""start_line"": null}"	P01720
human-python-3441479674-2884784925:new-direct-dependency:3	2	human-python-3441479674-2884784925:new-direct-dependency	natural:human-python-3441479674-2884784925:new-direct-dependency:3	pypi:wheel	"{""end_byte"": null, ""end_line"": null, ""owner"": null, ""path"": ""pyproject.toml"", ""start_byte"": null, ""start_line"": null}"	P00048
agent-python-3078479848:ruff-python-swallowed:1	2	agent-python-3078479848:ruff-python-swallowed	natural:agent-python-3078479848:ruff-python-swallowed:1	BLE001:functions/pipes/openai_responses_api_pipeline.py:446:20:Do not catch blind exception: `Exception`	"{""end_byte"": null, ""end_line"": 446, ""owner"": null, ""path"": ""functions/pipes/openai_responses_api_pipeline.py"", ""start_byte"": null, ""start_line"": 446}"	P01967
agent-python-3078479848:ruff-python-swallowed:2	2	agent-python-3078479848:ruff-python-swallowed	natural:agent-python-3078479848:ruff-python-swallowed:2	BLE001:functions/pipes/openai_responses_api_pipeline.py:594:20:Do not catch blind exception: `Exception`	"{""end_byte"": null, ""end_line"": 594, ""owner"": null, ""path"": ""functions/pipes/openai_responses_api_pipeline.py"", ""start_byte"": null, ""start_line"": 594}"	P00868
agent-python-3078479848:ruff-python-swallowed:3	2	agent-python-3078479848:ruff-python-swallowed	natural:agent-python-3078479848:ruff-python-swallowed:3	BLE001:functions/pipes/openai_responses_api_pipeline.py:605:20:Do not catch blind exception: `Exception`	"{""end_byte"": null, ""end_line"": 605, ""owner"": null, ""path"": ""functions/pipes/openai_responses_api_pipeline.py"", ""start_byte"": null, ""start_line"": 605}"	P01133
agent-python-3078479848:ruff-python-swallowed:4	2	agent-python-3078479848:ruff-python-swallowed	natural:agent-python-3078479848:ruff-python-swallowed:4	BLE001:functions/pipes/openai_responses_api_pipeline.py:639:16:Do not catch blind exception: `Exception`	"{""end_byte"": null, ""end_line"": 639, ""owner"": null, ""path"": ""functions/pipes/openai_responses_api_pipeline.py"", ""start_byte"": null, ""start_line"": 639}"	P00526
agent-python-3078479848:ruff-python-swallowed:5	2	agent-python-3078479848:ruff-python-swallowed	natural:agent-python-3078479848:ruff-python-swallowed:5	BLE001:functions/pipes/openai_responses_api_pipeline.py:932:12:Do not catch blind exception: `Exception`	"{""end_byte"": null, ""end_line"": 932, ""owner"": null, ""path"": ""functions/pipes/openai_responses_api_pipeline.py"", ""start_byte"": null, ""start_line"": 932}"	P01468
human-python-3078479848-2532899281:ruff-python-swallowed:1	2	human-python-3078479848-2532899281:ruff-python-swallowed	natural:human-python-3078479848-2532899281:ruff-python-swallowed:1	BLE001:functions/pipes/openai_responses_api_pipeline.py:424:20:Do not catch blind exception: `Exception`	"{""end_byte"": null, ""end_line"": 424, ""owner"": null, ""path"": ""functions/pipes/openai_responses_api_pipeline.py"", ""start_byte"": null, ""start_line"": 424}"	P00240
human-python-3078479848-2532899281:ruff-python-swallowed:2	2	human-python-3078479848-2532899281:ruff-python-swallowed	natural:human-python-3078479848-2532899281:ruff-python-swallowed:2	BLE001:functions/pipes/openai_responses_api_pipeline.py:567:20:Do not catch blind exception: `Exception`	"{""end_byte"": null, ""end_line"": 567, ""owner"": null, ""path"": ""functions/pipes/openai_responses_api_pipeline.py"", ""start_byte"": null, ""start_line"": 567}"	P00269
human-python-3078479848-2532899281:ruff-python-swallowed:3	2	human-python-3078479848-2532899281:ruff-python-swallowed	natural:human-python-3078479848-2532899281:ruff-python-swallowed:3	BLE001:functions/pipes/openai_responses_api_pipeline.py:578:20:Do not catch blind exception: `Exception`	"{""end_byte"": null, ""end_line"": 578, ""owner"": null, ""path"": ""functions/pipes/openai_responses_api_pipeline.py"", ""start_byte"": null, ""start_line"": 578}"	P00826
human-python-3078479848-2532899281:ruff-python-swallowed:4	2	human-python-3078479848-2532899281:ruff-python-swallowed	natural:human-python-3078479848-2532899281:ruff-python-swallowed:4	BLE001:functions/pipes/openai_responses_api_pipeline.py:906:12:Do not catch blind exception: `Exception`	"{""end_byte"": null, ""end_line"": 906, ""owner"": null, ""path"": ""functions/pipes/openai_responses_api_pipeline.py"", ""start_byte"": null, ""start_line"": 906}"	P01946
human-python-3078479848-2532899281:ruff-python-swallowed:5	2	human-python-3078479848-2532899281:ruff-python-swallowed	natural:human-python-3078479848-2532899281:ruff-python-swallowed:5	BLE001:functions/pipes/openai_responses_api_pipeline.py:973:12:Do not catch blind exception: `Exception`	"{""end_byte"": null, ""end_line"": 973, ""owner"": null, ""path"": ""functions/pipes/openai_responses_api_pipeline.py"", ""start_byte"": null, ""start_line"": 973}"	P00967
agent-python-3346589984:ruff-python-swallowed:1	2	agent-python-3346589984:ruff-python-swallowed	natural:agent-python-3346589984:ruff-python-swallowed:1	BLE001:src/local/butler/lint.py:159:10:Do not catch blind exception: `Exception`	"{""end_byte"": null, ""end_line"": 159, ""owner"": null, ""path"": ""src/local/butler/lint.py"", ""start_byte"": null, ""start_line"": 159}"	P00702
human-python-3346589984-2765009443:ruff-python-swallowed:1	2	human-python-3346589984-2765009443:ruff-python-swallowed	natural:human-python-3346589984-2765009443:ruff-python-swallowed:1	BLE001:src/clusterfuzz/_internal/datastore/data_handler.py:239:12:Do not catch blind exception: `Exception`	"{""end_byte"": null, ""end_line"": 239, ""owner"": null, ""path"": ""src/clusterfuzz/_internal/datastore/data_handler.py"", ""start_byte"": null, ""start_line"": 239}"	P01537
human-python-3346589984-2765009443:ruff-python-swallowed:2	2	human-python-3346589984-2765009443:ruff-python-swallowed	natural:human-python-3346589984-2765009443:ruff-python-swallowed:2	BLE001:src/clusterfuzz/_internal/datastore/data_handler.py:254:10:Do not catch blind exception: `Exception`	"{""end_byte"": null, ""end_line"": 254, ""owner"": null, ""path"": ""src/clusterfuzz/_internal/datastore/data_handler.py"", ""start_byte"": null, ""start_line"": 254}"	P01463
human-python-3346589984-2765009443:ruff-python-swallowed:3	2	human-python-3346589984-2765009443:ruff-python-swallowed	natural:human-python-3346589984-2765009443:ruff-python-swallowed:3	BLE001:src/clusterfuzz/_internal/datastore/data_handler.py:1105:12:Do not catch blind exception: `Exception`	"{""end_byte"": null, ""end_line"": 1105, ""owner"": null, ""path"": ""src/clusterfuzz/_internal/datastore/data_handler.py"", ""start_byte"": null, ""start_line"": 1105}"	P00709
agent-python-3478506066:ruff-python-swallowed:1	2	agent-python-3478506066:ruff-python-swallowed	natural:agent-python-3478506066:ruff-python-swallowed:1	BLE001:sshpilot/sidebar.py:72:12:Do not catch blind exception: `Exception`	"{""end_byte"": null, ""end_line"": 72, ""owner"": null, ""path"": ""sshpilot/sidebar.py"", ""start_byte"": null, ""start_line"": 72}"	P00052
agent-python-3478506066:ruff-python-swallowed:2	2	agent-python-3478506066:ruff-python-swallowed	natural:agent-python-3478506066:ruff-python-swallowed:2	BLE001:sshpilot/sidebar.py:156:12:Do not catch blind exception: `Exception`	"{""end_byte"": null, ""end_line"": 156, ""owner"": null, ""path"": ""sshpilot/sidebar.py"", ""start_byte"": null, ""start_line"": 156}"	P01937
agent-python-3478506066:ruff-python-swallowed:3	2	agent-python-3478506066:ruff-python-swallowed	natural:agent-python-3478506066:ruff-python-swallowed:3	BLE001:sshpilot/sidebar.py:214:12:Do not catch blind exception: `Exception`	"{""end_byte"": null, ""end_line"": 214, ""owner"": null, ""path"": ""sshpilot/sidebar.py"", ""start_byte"": null, ""start_line"": 214}"	P01539
agent-python-3478506066:ruff-python-swallowed:4	2	agent-python-3478506066:ruff-python-swallowed	natural:agent-python-3478506066:ruff-python-swallowed:4	BLE001:sshpilot/sidebar.py:535:16:Do not catch blind exception: `Exception`	"{""end_byte"": null, ""end_line"": 535, ""owner"": null, ""path"": ""sshpilot/sidebar.py"", ""start_byte"": null, ""start_line"": 535}"	P01165
agent-python-3478506066:ruff-python-swallowed:5	2	agent-python-3478506066:ruff-python-swallowed	natural:agent-python-3478506066:ruff-python-swallowed:5	BLE001:sshpilot/sidebar.py:546:16:Do not catch blind exception: `Exception`	"{""end_byte"": null, ""end_line"": 546, ""owner"": null, ""path"": ""sshpilot/sidebar.py"", ""start_byte"": null, ""start_line"": 546}"	P01244
agent-python-3478506066:ruff-python-swallowed:6	2	agent-python-3478506066:ruff-python-swallowed	natural:agent-python-3478506066:ruff-python-swallowed:6	BLE001:sshpilot/sidebar.py:717:16:Do not catch blind exception: `Exception`	"{""end_byte"": null, ""end_line"": 717, ""owner"": null, ""path"": ""sshpilot/sidebar.py"", ""start_byte"": null, ""start_line"": 717}"	P01282
agent-python-3478506066:ruff-python-swallowed:7	2	agent-python-3478506066:ruff-python-swallowed	natural:agent-python-3478506066:ruff-python-swallowed:7	BLE001:sshpilot/sidebar.py:730:20:Do not catch blind exception: `Exception`	"{""end_byte"": null, ""end_line"": 730, ""owner"": null, ""path"": ""sshpilot/sidebar.py"", ""start_byte"": null, ""start_line"": 730}"	P01005
agent-python-3478506066:ruff-python-swallowed:8	2	agent-python-3478506066:ruff-python-swallowed	natural:agent-python-3478506066:ruff-python-swallowed:8	BLE001:sshpilot/sidebar.py:798:20:Do not catch blind exception: `Exception`	"{""end_byte"": null, ""end_line"": 798, ""owner"": null, ""path"": ""sshpilot/sidebar.py"", ""start_byte"": null, ""start_line"": 798}"	P01250
agent-python-3478506066:ruff-python-swallowed:9	2	agent-python-3478506066:ruff-python-swallowed	natural:agent-python-3478506066:ruff-python-swallowed:9	BLE001:sshpilot/sidebar.py:821:24:Do not catch blind exception: `Exception`	"{""end_byte"": null, ""end_line"": 821, ""owner"": null, ""path"": ""sshpilot/sidebar.py"", ""start_byte"": null, ""start_line"": 821}"	P00420
agent-python-3478506066:ruff-python-swallowed:10	2	agent-python-3478506066:ruff-python-swallowed	natural:agent-python-3478506066:ruff-python-swallowed:10	BLE001:sshpilot/sidebar.py:839:20:Do not catch blind exception: `Exception`	"{""end_byte"": null, ""end_line"": 839, ""owner"": null, ""path"": ""sshpilot/sidebar.py"", ""start_byte"": null, ""start_line"": 839}"	P00415
agent-python-3478506066:ruff-python-swallowed:11	2	agent-python-3478506066:ruff-python-swallowed	natural:agent-python-3478506066:ruff-python-swallowed:11	BLE001:sshpilot/sidebar.py:892:16:Do not catch blind exception: `Exception`	"{""end_byte"": null, ""end_line"": 892, ""owner"": null, ""path"": ""sshpilot/sidebar.py"", ""start_byte"": null, ""start_line"": 892}"	P01768
agent-python-3478506066:ruff-python-swallowed:12	2	agent-python-3478506066:ruff-python-swallowed	natural:agent-python-3478506066:ruff-python-swallowed:12	BLE001:sshpilot/sidebar.py:906:16:Do not catch blind exception: `Exception`	"{""end_byte"": null, ""end_line"": 906, ""owner"": null, ""path"": ""sshpilot/sidebar.py"", ""start_byte"": null, ""start_line"": 906}"	P01394
agent-python-3478506066:ruff-python-swallowed:13	2	agent-python-3478506066:ruff-python-swallowed	natural:agent-python-3478506066:ruff-python-swallowed:13	S110:sshpilot/sidebar.py:932:9:`try`-`except`-`pass` detected, consider logging the exception	"{""end_byte"": null, ""end_line"": 932, ""owner"": null, ""path"": ""sshpilot/sidebar.py"", ""start_byte"": null, ""start_line"": 932}"	P00738
agent-python-3478506066:ruff-python-swallowed:14	2	agent-python-3478506066:ruff-python-swallowed	natural:agent-python-3478506066:ruff-python-swallowed:14	BLE001:sshpilot/sidebar.py:932:16:Do not catch blind exception: `Exception`	"{""end_byte"": null, ""end_line"": 932, ""owner"": null, ""path"": ""sshpilot/sidebar.py"", ""start_byte"": null, ""start_line"": 932}"	P01461
agent-python-3478506066:ruff-python-swallowed:15	2	agent-python-3478506066:ruff-python-swallowed	natural:agent-python-3478506066:ruff-python-swallowed:15	BLE001:sshpilot/sidebar.py:986:16:Do not catch blind exception: `Exception`	"{""end_byte"": null, ""end_line"": 986, ""owner"": null, ""path"": ""sshpilot/sidebar.py"", ""start_byte"": null, ""start_line"": 986}"	P01347
agent-python-3478506066:ruff-python-swallowed:16	2	agent-python-3478506066:ruff-python-swallowed	natural:agent-python-3478506066:ruff-python-swallowed:16	BLE001:sshpilot/sidebar.py:1031:16:Do not catch blind exception: `Exception`	"{""end_byte"": null, ""end_line"": 1031, ""owner"": null, ""path"": ""sshpilot/sidebar.py"", ""start_byte"": null, ""start_line"": 1031}"	P01371
agent-python-3478506066:ruff-python-swallowed:17	2	agent-python-3478506066:ruff-python-swallowed	natural:agent-python-3478506066:ruff-python-swallowed:17	BLE001:sshpilot/sidebar.py:1146:12:Do not catch blind exception: `Exception`	"{""end_byte"": null, ""end_line"": 1146, ""owner"": null, ""path"": ""sshpilot/sidebar.py"", ""start_byte"": null, ""start_line"": 1146}"	P01978
agent-python-3478506066:ruff-python-swallowed:18	2	agent-python-3478506066:ruff-python-swallowed	natural:agent-python-3478506066:ruff-python-swallowed:18	BLE001:sshpilot/sidebar.py:1180:12:Do not catch blind exception: `Exception`	"{""end_byte"": null, ""end_line"": 1180, ""owner"": null, ""path"": ""sshpilot/sidebar.py"", ""start_byte"": null, ""start_line"": 1180}"	P01004
agent-python-3478506066:ruff-python-swallowed:19	2	agent-python-3478506066:ruff-python-swallowed	natural:agent-python-3478506066:ruff-python-swallowed:19	BLE001:sshpilot/sidebar.py:1204:12:Do not catch blind exception: `Exception`	"{""end_byte"": null, ""end_line"": 1204, ""owner"": null, ""path"": ""sshpilot/sidebar.py"", ""start_byte"": null, ""start_line"": 1204}"	P00796
agent-python-3478506066:ruff-python-swallowed:20	2	agent-python-3478506066:ruff-python-swallowed	natural:agent-python-3478506066:ruff-python-swallowed:20	BLE001:sshpilot/sidebar.py:1247:12:Do not catch blind exception: `Exception`	"{""end_byte"": null, ""end_line"": 1247, ""owner"": null, ""path"": ""sshpilot/sidebar.py"", ""start_byte"": null, ""start_line"": 1247}"	P01083
agent-python-3478506066:ruff-python-swallowed:21	2	agent-python-3478506066:ruff-python-swallowed	natural:agent-python-3478506066:ruff-python-swallowed:21	BLE001:sshpilot/sidebar.py:1258:12:Do not catch blind exception: `Exception`	"{""end_byte"": null, ""end_line"": 1258, ""owner"": null, ""path"": ""sshpilot/sidebar.py"", ""start_byte"": null, ""start_line"": 1258}"	P01145
agent-python-3478506066:ruff-python-swallowed:22	2	agent-python-3478506066:ruff-python-swallowed	natural:agent-python-3478506066:ruff-python-swallowed:22	BLE001:sshpilot/sidebar.py:1269:12:Do not catch blind exception: `Exception`	"{""end_byte"": null, ""end_line"": 1269, ""owner"": null, ""path"": ""sshpilot/sidebar.py"", ""start_byte"": null, ""start_line"": 1269}"	P02138
agent-python-3478506066:ruff-python-swallowed:23	2	agent-python-3478506066:ruff-python-swallowed	natural:agent-python-3478506066:ruff-python-swallowed:23	S112:sshpilot/sidebar.py:1294:17:`try`-`except`-`continue` detected, consider logging the exception	"{""end_byte"": null, ""end_line"": 1294, ""owner"": null, ""path"": ""sshpilot/sidebar.py"", ""start_byte"": null, ""start_line"": 1294}"	P00407
agent-python-3478506066:ruff-python-swallowed:24	2	agent-python-3478506066:ruff-python-swallowed	natural:agent-python-3478506066:ruff-python-swallowed:24	BLE001:sshpilot/sidebar.py:1294:24:Do not catch blind exception: `Exception`	"{""end_byte"": null, ""end_line"": 1294, ""owner"": null, ""path"": ""sshpilot/sidebar.py"", ""start_byte"": null, ""start_line"": 1294}"	P01131
agent-python-3478506066:ruff-python-swallowed:25	2	agent-python-3478506066:ruff-python-swallowed	natural:agent-python-3478506066:ruff-python-swallowed:25	BLE001:sshpilot/sidebar.py:1447:12:Do not catch blind exception: `Exception`	"{""end_byte"": null, ""end_line"": 1447, ""owner"": null, ""path"": ""sshpilot/sidebar.py"", ""start_byte"": null, ""start_line"": 1447}"	P01593
agent-python-3478506066:ruff-python-swallowed:26	2	agent-python-3478506066:ruff-python-swallowed	natural:agent-python-3478506066:ruff-python-swallowed:26	BLE001:sshpilot/sidebar.py:1461:12:Do not catch blind exception: `Exception`	"{""end_byte"": null, ""end_line"": 1461, ""owner"": null, ""path"": ""sshpilot/sidebar.py"", ""start_byte"": null, ""start_line"": 1461}"	P02123
agent-python-3478506066:ruff-python-swallowed:27	2	agent-python-3478506066:ruff-python-swallowed	natural:agent-python-3478506066:ruff-python-swallowed:27	BLE001:sshpilot/sidebar.py:1501:12:Do not catch blind exception: `Exception`	"{""end_byte"": null, ""end_line"": 1501, ""owner"": null, ""path"": ""sshpilot/sidebar.py"", ""start_byte"": null, ""start_line"": 1501}"	P00152
human-python-3478506066-2888257815:ruff-python-swallowed:1	2	human-python-3478506066-2888257815:ruff-python-swallowed	natural:human-python-3478506066-2888257815:ruff-python-swallowed:1	BLE001:sshpilot/connection_dialog.py:218:16:Do not catch blind exception: `Exception`	"{""end_byte"": null, ""end_line"": 218, ""owner"": null, ""path"": ""sshpilot/connection_dialog.py"", ""start_byte"": null, ""start_line"": 218}"	P01926
human-python-3478506066-2888257815:ruff-python-swallowed:2	2	human-python-3478506066-2888257815:ruff-python-swallowed	natural:human-python-3478506066-2888257815:ruff-python-swallowed:2	BLE001:sshpilot/connection_dialog.py:547:20:Do not catch blind exception: `Exception`	"{""end_byte"": null, ""end_line"": 547, ""owner"": null, ""path"": ""sshpilot/connection_dialog.py"", ""start_byte"": null, ""start_line"": 547}"	P01934
human-python-3478506066-2888257815:ruff-python-swallowed:3	2	human-python-3478506066-2888257815:ruff-python-swallowed	natural:human-python-3478506066-2888257815:ruff-python-swallowed:3	BLE001:sshpilot/connection_dialog.py:572:16:Do not catch blind exception: `Exception`	"{""end_byte"": null, ""end_line"": 572, ""owner"": null, ""path"": ""sshpilot/connection_dialog.py"", ""start_byte"": null, ""start_line"": 572}"	P01698
human-python-3478506066-2888257815:ruff-python-swallowed:4	2	human-python-3478506066-2888257815:ruff-python-swallowed	natural:human-python-3478506066-2888257815:ruff-python-swallowed:4	BLE001:sshpilot/connection_dialog.py:581:16:Do not catch blind exception: `Exception`	"{""end_byte"": null, ""end_line"": 581, ""owner"": null, ""path"": ""sshpilot/connection_dialog.py"", ""start_byte"": null, ""start_line"": 581}"	P00935
human-python-3478506066-2888257815:ruff-python-swallowed:5	2	human-python-3478506066-2888257815:ruff-python-swallowed	natural:human-python-3478506066-2888257815:ruff-python-swallowed:5	BLE001:sshpilot/connection_dialog.py:646:16:Do not catch blind exception: `Exception`	"{""end_byte"": null, ""end_line"": 646, ""owner"": null, ""path"": ""sshpilot/connection_dialog.py"", ""start_byte"": null, ""start_line"": 646}"	P00335
human-python-3478506066-2888257815:ruff-python-swallowed:6	2	human-python-3478506066-2888257815:ruff-python-swallowed	natural:human-python-3478506066-2888257815:ruff-python-swallowed:6	BLE001:sshpilot/connection_dialog.py:669:16:Do not catch blind exception: `Exception`	"{""end_byte"": null, ""end_line"": 669, ""owner"": null, ""path"": ""sshpilot/connection_dialog.py"", ""start_byte"": null, ""start_line"": 669}"	P00689
human-python-3478506066-2888257815:ruff-python-swallowed:7	2	human-python-3478506066-2888257815:ruff-python-swallowed	natural:human-python-3478506066-2888257815:ruff-python-swallowed:7	S112:sshpilot/connection_dialog.py:683:13:`try`-`except`-`continue` detected, consider logging the exception	"{""end_byte"": null, ""end_line"": 683, ""owner"": null, ""path"": ""sshpilot/connection_dialog.py"", ""start_byte"": null, ""start_line"": 683}"	P00970
human-python-3478506066-2888257815:ruff-python-swallowed:8	2	human-python-3478506066-2888257815:ruff-python-swallowed	natural:human-python-3478506066-2888257815:ruff-python-swallowed:8	BLE001:sshpilot/connection_dialog.py:683:20:Do not catch blind exception: `Exception`	"{""end_byte"": null, ""end_line"": 683, ""owner"": null, ""path"": ""sshpilot/connection_dialog.py"", ""start_byte"": null, ""start_line"": 683}"	P01514
human-python-3478506066-2888257815:ruff-python-swallowed:9	2	human-python-3478506066-2888257815:ruff-python-swallowed	natural:human-python-3478506066-2888257815:ruff-python-swallowed:9	S110:sshpilot/connection_dialog.py:700:21:`try`-`except`-`pass` detected, consider logging the exception	"{""end_byte"": null, ""end_line"": 700, ""owner"": null, ""path"": ""sshpilot/connection_dialog.py"", ""start_byte"": null, ""start_line"": 700}"	P01582
human-python-3478506066-2888257815:ruff-python-swallowed:10	2	human-python-3478506066-2888257815:ruff-python-swallowed	natural:human-python-3478506066-2888257815:ruff-python-swallowed:10	BLE001:sshpilot/connection_dialog.py:700:28:Do not catch blind exception: `Exception`	"{""end_byte"": null, ""end_line"": 700, ""owner"": null, ""path"": ""sshpilot/connection_dialog.py"", ""start_byte"": null, ""start_line"": 700}"	P00226
human-python-3478506066-2888257815:ruff-python-swallowed:11	2	human-python-3478506066-2888257815:ruff-python-swallowed	natural:human-python-3478506066-2888257815:ruff-python-swallowed:11	BLE001:sshpilot/connection_dialog.py:721:16:Do not catch blind exception: `Exception`	"{""end_byte"": null, ""end_line"": 721, ""owner"": null, ""path"": ""sshpilot/connection_dialog.py"", ""start_byte"": null, ""start_line"": 721}"	P00532
human-python-3478506066-2888257815:ruff-python-swallowed:12	2	human-python-3478506066-2888257815:ruff-python-swallowed	natural:human-python-3478506066-2888257815:ruff-python-swallowed:12	BLE001:sshpilot/connection_dialog.py:822:16:Do not catch blind exception: `Exception`	"{""end_byte"": null, ""end_line"": 822, ""owner"": null, ""path"": ""sshpilot/connection_dialog.py"", ""start_byte"": null, ""start_line"": 822}"	P01212
human-python-3478506066-2888257815:ruff-python-swallowed:13	2	human-python-3478506066-2888257815:ruff-python-swallowed	natural:human-python-3478506066-2888257815:ruff-python-swallowed:13	S110:sshpilot/connection_dialog.py:830:13:`try`-`except`-`pass` detected, consider logging the exception	"{""end_byte"": null, ""end_line"": 830, ""owner"": null, ""path"": ""sshpilot/connection_dialog.py"", ""start_byte"": null, ""start_line"": 830}"	P01378
human-python-3478506066-2888257815:ruff-python-swallowed:14	2	human-python-3478506066-2888257815:ruff-python-swallowed	natural:human-python-3478506066-2888257815:ruff-python-swallowed:14	BLE001:sshpilot/connection_dialog.py:830:20:Do not catch blind exception: `Exception`	"{""end_byte"": null, ""end_line"": 830, ""owner"": null, ""path"": ""sshpilot/connection_dialog.py"", ""start_byte"": null, ""start_line"": 830}"	P01470
human-python-3478506066-2888257815:ruff-python-swallowed:15	2	human-python-3478506066-2888257815:ruff-python-swallowed	natural:human-python-3478506066-2888257815:ruff-python-swallowed:15	BLE001:sshpilot/connection_dialog.py:832:16:Do not catch blind exception: `Exception`	"{""end_byte"": null, ""end_line"": 832, ""owner"": null, ""path"": ""sshpilot/connection_dialog.py"", ""start_byte"": null, ""start_line"": 832}"	P01088
human-python-3478506066-2888257815:ruff-python-swallowed:16	2	human-python-3478506066-2888257815:ruff-python-swallowed	natural:human-python-3478506066-2888257815:ruff-python-swallowed:16	S110:sshpilot/connection_dialog.py:984:9:`try`-`except`-`pass` detected, consider logging the exception	"{""end_byte"": null, ""end_line"": 984, ""owner"": null, ""path"": ""sshpilot/connection_dialog.py"", ""start_byte"": null, ""start_line"": 984}"	P01639
human-python-3478506066-2888257815:ruff-python-swallowed:17	2	human-python-3478506066-2888257815:ruff-python-swallowed	natural:human-python-3478506066-2888257815:ruff-python-swallowed:17	BLE001:sshpilot/connection_dialog.py:984:16:Do not catch blind exception: `Exception`	"{""end_byte"": null, ""end_line"": 984, ""owner"": null, ""path"": ""sshpilot/connection_dialog.py"", ""start_byte"": null, ""start_line"": 984}"	P01695
human-python-3478506066-2888257815:ruff-python-swallowed:18	2	human-python-3478506066-2888257815:ruff-python-swallowed	natural:human-python-3478506066-2888257815:ruff-python-swallowed:18	BLE001:sshpilot/connection_dialog.py:992:16:Do not catch blind exception: `Exception`	"{""end_byte"": null, ""end_line"": 992, ""owner"": null, ""path"": ""sshpilot/connection_dialog.py"", ""start_byte"": null, ""start_line"": 992}"	P01471
human-python-3478506066-2888257815:ruff-python-swallowed:19	2	human-python-3478506066-2888257815:ruff-python-swallowed	natural:human-python-3478506066-2888257815:ruff-python-swallowed:19	S110:sshpilot/connection_dialog.py:1009:9:`try`-`except`-`pass` detected, consider logging the exception	"{""end_byte"": null, ""end_line"": 1009, ""owner"": null, ""path"": ""sshpilot/connection_dialog.py"", ""start_byte"": null, ""start_line"": 1009}"	P01882
human-python-3478506066-2888257815:ruff-python-swallowed:20	2	human-python-3478506066-2888257815:ruff-python-swallowed	natural:human-python-3478506066-2888257815:ruff-python-swallowed:20	BLE001:sshpilot/connection_dialog.py:1009:16:Do not catch blind exception: `Exception`	"{""end_byte"": null, ""end_line"": 1009, ""owner"": null, ""path"": ""sshpilot/connection_dialog.py"", ""start_byte"": null, ""start_line"": 1009}"	P00057
human-python-3478506066-2888257815:ruff-python-swallowed:21	2	human-python-3478506066-2888257815:ruff-python-swallowed	natural:human-python-3478506066-2888257815:ruff-python-swallowed:21	BLE001:sshpilot/connection_dialog.py:1045:16:Do not catch blind exception: `Exception`	"{""end_byte"": null, ""end_line"": 1045, ""owner"": null, ""path"": ""sshpilot/connection_dialog.py"", ""start_byte"": null, ""start_line"": 1045}"	P00885
human-python-3478506066-2888257815:ruff-python-swallowed:22	2	human-python-3478506066-2888257815:ruff-python-swallowed	natural:human-python-3478506066-2888257815:ruff-python-swallowed:22	BLE001:sshpilot/connection_dialog.py:1073:24:Do not catch blind exception: `Exception`	"{""end_byte"": null, ""end_line"": 1073, ""owner"": null, ""path"": ""sshpilot/connection_dialog.py"", ""start_byte"": null, ""start_line"": 1073}"	P00888
human-python-3478506066-2888257815:ruff-python-swallowed:23	2	human-python-3478506066-2888257815:ruff-python-swallowed	natural:human-python-3478506066-2888257815:ruff-python-swallowed:23	BLE001:sshpilot/connection_dialog.py:1168:16:Do not catch blind exception: `Exception`	"{""end_byte"": null, ""end_line"": 1168, ""owner"": null, ""path"": ""sshpilot/connection_dialog.py"", ""start_byte"": null, ""start_line"": 1168}"	P00763
human-python-3478506066-2888257815:ruff-python-swallowed:24	2	human-python-3478506066-2888257815:ruff-python-swallowed	natural:human-python-3478506066-2888257815:ruff-python-swallowed:24	BLE001:sshpilot/connection_dialog.py:1204:24:Do not catch blind exception: `Exception`	"{""end_byte"": null, ""end_line"": 1204, ""owner"": null, ""path"": ""sshpilot/connection_dialog.py"", ""start_byte"": null, ""start_line"": 1204}"	P00788
human-python-3478506066-2888257815:ruff-python-swallowed:25	2	human-python-3478506066-2888257815:ruff-python-swallowed	natural:human-python-3478506066-2888257815:ruff-python-swallowed:25	BLE001:sshpilot/connection_dialog.py:1213:24:Do not catch blind exception: `Exception`	"{""end_byte"": null, ""end_line"": 1213, ""owner"": null, ""path"": ""sshpilot/connection_dialog.py"", ""start_byte"": null, ""start_line"": 1213}"	P01362
human-python-3478506066-2888257815:ruff-python-swallowed:26	2	human-python-3478506066-2888257815:ruff-python-swallowed	natural:human-python-3478506066-2888257815:ruff-python-swallowed:26	BLE001:sshpilot/connection_dialog.py:1218:24:Do not catch blind exception: `Exception`	"{""end_byte"": null, ""end_line"": 1218, ""owner"": null, ""path"": ""sshpilot/connection_dialog.py"", ""start_byte"": null, ""start_line"": 1218}"	P01760
human-python-3478506066-2888257815:ruff-python-swallowed:27	2	human-python-3478506066-2888257815:ruff-python-swallowed	natural:human-python-3478506066-2888257815:ruff-python-swallowed:27	BLE001:sshpilot/connection_dialog.py:1227:20:Do not catch blind exception: `Exception`	"{""end_byte"": null, ""end_line"": 1227, ""owner"": null, ""path"": ""sshpilot/connection_dialog.py"", ""start_byte"": null, ""start_line"": 1227}"	P00920
human-python-3478506066-2888257815:ruff-python-swallowed:28	2	human-python-3478506066-2888257815:ruff-python-swallowed	natural:human-python-3478506066-2888257815:ruff-python-swallowed:28	S110:sshpilot/connection_dialog.py:1280:17:`try`-`except`-`pass` detected, consider logging the exception	"{""end_byte"": null, ""end_line"": 1280, ""owner"": null, ""path"": ""sshpilot/connection_dialog.py"", ""start_byte"": null, ""start_line"": 1280}"	P00096
human-python-3478506066-2888257815:ruff-python-swallowed:29	2	human-python-3478506066-2888257815:ruff-python-swallowed	natural:human-python-3478506066-2888257815:ruff-python-swallowed:29	BLE001:sshpilot/connection_dialog.py:1280:24:Do not catch blind exception: `Exception`	"{""end_byte"": null, ""end_line"": 1280, ""owner"": null, ""path"": ""sshpilot/connection_dialog.py"", ""start_byte"": null, ""start_line"": 1280}"	P02084
human-python-3478506066-2888257815:ruff-python-swallowed:30	2	human-python-3478506066-2888257815:ruff-python-swallowed	natural:human-python-3478506066-2888257815:ruff-python-swallowed:30	BLE001:sshpilot/connection_dialog.py:1285:20:Do not catch blind exception: `Exception`	"{""end_byte"": null, ""end_line"": 1285, ""owner"": null, ""path"": ""sshpilot/connection_dialog.py"", ""start_byte"": null, ""start_line"": 1285}"	P00584
human-python-3478506066-2888257815:ruff-python-swallowed:31	2	human-python-3478506066-2888257815:ruff-python-swallowed	natural:human-python-3478506066-2888257815:ruff-python-swallowed:31	BLE001:sshpilot/connection_dialog.py:1298:24:Do not catch blind exception: `Exception`	"{""end_byte"": null, ""end_line"": 1298, ""owner"": null, ""path"": ""sshpilot/connection_dialog.py"", ""start_byte"": null, ""start_line"": 1298}"	P01184
human-python-3478506066-2888257815:ruff-python-swallowed:32	2	human-python-3478506066-2888257815:ruff-python-swallowed	natural:human-python-3478506066-2888257815:ruff-python-swallowed:32	BLE001:sshpilot/connection_dialog.py:1312:28:Do not catch blind exception: `Exception`	"{""end_byte"": null, ""end_line"": 1312, ""owner"": null, ""path"": ""sshpilot/connection_dialog.py"", ""start_byte"": null, ""start_line"": 1312}"	P01007
human-python-3478506066-2888257815:ruff-python-swallowed:33	2	human-python-3478506066-2888257815:ruff-python-swallowed	natural:human-python-3478506066-2888257815:ruff-python-swallowed:33	BLE001:sshpilot/connection_dialog.py:1317:32:Do not catch blind exception: `Exception`	"{""end_byte"": null, ""end_line"": 1317, ""owner"": null, ""path"": ""sshpilot/connection_dialog.py"", ""start_byte"": null, ""start_line"": 1317}"	P00170
human-python-3478506066-2888257815:ruff-python-swallowed:34	2	human-python-3478506066-2888257815:ruff-python-swallowed	natural:human-python-3478506066-2888257815:ruff-python-swallowed:34	BLE001:sshpilot/connection_dialog.py:1320:36:Do not catch blind exception: `Exception`	"{""end_byte"": null, ""end_line"": 1320, ""owner"": null, ""path"": ""sshpilot/connection_dialog.py"", ""start_byte"": null, ""start_line"": 1320}"	P01336
human-python-3478506066-2888257815:ruff-python-swallowed:35	2	human-python-3478506066-2888257815:ruff-python-swallowed	natural:human-python-3478506066-2888257815:ruff-python-swallowed:35	S110:sshpilot/connection_dialog.py:1326:25:`try`-`except`-`pass` detected, consider logging the exception	"{""end_byte"": null, ""end_line"": 1326, ""owner"": null, ""path"": ""sshpilot/connection_dialog.py"", ""start_byte"": null, ""start_line"": 1326}"	P00766
human-python-3478506066-2888257815:ruff-python-swallowed:36	2	human-python-3478506066-2888257815:ruff-python-swallowed	natural:human-python-3478506066-2888257815:ruff-python-swallowed:36	BLE001:sshpilot/connection_dialog.py:1326:32:Do not catch blind exception: `Exception`	"{""end_byte"": null, ""end_line"": 1326, ""owner"": null, ""path"": ""sshpilot/connection_dialog.py"", ""start_byte"": null, ""start_line"": 1326}"	P02109
human-python-3478506066-2888257815:ruff-python-swallowed:37	2	human-python-3478506066-2888257815:ruff-python-swallowed	natural:human-python-3478506066-2888257815:ruff-python-swallowed:37	S110:sshpilot/connection_dialog.py:1331:25:`try`-`except`-`pass` detected, consider logging the exception	"{""end_byte"": null, ""end_line"": 1331, ""owner"": null, ""path"": ""sshpilot/connection_dialog.py"", ""start_byte"": null, ""start_line"": 1331}"	P01533
human-python-3478506066-2888257815:ruff-python-swallowed:38	2	human-python-3478506066-2888257815:ruff-python-swallowed	natural:human-python-3478506066-2888257815:ruff-python-swallowed:38	BLE001:sshpilot/connection_dialog.py:1331:32:Do not catch blind exception: `Exception`	"{""end_byte"": null, ""end_line"": 1331, ""owner"": null, ""path"": ""sshpilot/connection_dialog.py"", ""start_byte"": null, ""start_line"": 1331}"	P01190
human-python-3478506066-2888257815:ruff-python-swallowed:39	2	human-python-3478506066-2888257815:ruff-python-swallowed	natural:human-python-3478506066-2888257815:ruff-python-swallowed:39	S110:sshpilot/connection_dialog.py:1338:25:`try`-`except`-`pass` detected, consider logging the exception	"{""end_byte"": null, ""end_line"": 1338, ""owner"": null, ""path"": ""sshpilot/connection_dialog.py"", ""start_byte"": null, ""start_line"": 1338}"	P00834
human-python-3478506066-2888257815:ruff-python-swallowed:40	2	human-python-3478506066-2888257815:ruff-python-swallowed	natural:human-python-3478506066-2888257815:ruff-python-swallowed:40	BLE001:sshpilot/connection_dialog.py:1338:32:Do not catch blind exception: `Exception`	"{""end_byte"": null, ""end_line"": 1338, ""owner"": null, ""path"": ""sshpilot/connection_dialog.py"", ""start_byte"": null, ""start_line"": 1338}"	P00708
human-python-3478506066-2888257815:ruff-python-swallowed:41	2	human-python-3478506066-2888257815:ruff-python-swallowed	natural:human-python-3478506066-2888257815:ruff-python-swallowed:41	S110:sshpilot/connection_dialog.py:1341:13:`try`-`except`-`pass` detected, consider logging the exception	"{""end_byte"": null, ""end_line"": 1341, ""owner"": null, ""path"": ""sshpilot/connection_dialog.py"", ""start_byte"": null, ""start_line"": 1341}"	P01772
human-python-3478506066-2888257815:ruff-python-swallowed:42	2	human-python-3478506066-2888257815:ruff-python-swallowed	natural:human-python-3478506066-2888257815:ruff-python-swallowed:42	BLE001:sshpilot/connection_dialog.py:1341:20:Do not catch blind exception: `Exception`	"{""end_byte"": null, ""end_line"": 1341, ""owner"": null, ""path"": ""sshpilot/connection_dialog.py"", ""start_byte"": null, ""start_line"": 1341}"	P00618
human-python-3478506066-2888257815:ruff-python-swallowed:43	2	human-python-3478506066-2888257815:ruff-python-swallowed	natural:human-python-3478506066-2888257815:ruff-python-swallowed:43	BLE001:sshpilot/connection_dialog.py:1362:20:Do not catch blind exception: `Exception`	"{""end_byte"": null, ""end_line"": 1362, ""owner"": null, ""path"": ""sshpilot/connection_dialog.py"", ""start_byte"": null, ""start_line"": 1362}"	P00887
human-python-3478506066-2888257815:ruff-python-swallowed:44	2	human-python-3478506066-2888257815:ruff-python-swallowed	natural:human-python-3478506066-2888257815:ruff-python-swallowed:44	BLE001:sshpilot/connection_dialog.py:1379:28:Do not catch blind exception: `Exception`	"{""end_byte"": null, ""end_line"": 1379, ""owner"": null, ""path"": ""sshpilot/connection_dialog.py"", ""start_byte"": null, ""start_line"": 1379}"	P01048
human-python-3478506066-2888257815:ruff-python-swallowed:45	2	human-python-3478506066-2888257815:ruff-python-swallowed	natural:human-python-3478506066-2888257815:ruff-python-swallowed:45	BLE001:sshpilot/connection_dialog.py:1388:28:Do not catch blind exception: `Exception`	"{""end_byte"": null, ""end_line"": 1388, ""owner"": null, ""path"": ""sshpilot/connection_dialog.py"", ""start_byte"": null, ""start_line"": 1388}"	P01526
human-python-3478506066-2888257815:ruff-python-swallowed:46	2	human-python-3478506066-2888257815:ruff-python-swallowed	natural:human-python-3478506066-2888257815:ruff-python-swallowed:46	S110:sshpilot/connection_dialog.py:1391:13:`try`-`except`-`pass` detected, consider logging the exception	"{""end_byte"": null, ""end_line"": 1391, ""owner"": null, ""path"": ""sshpilot/connection_dialog.py"", ""start_byte"": null, ""start_line"": 1391}"	P01119
human-python-3478506066-2888257815:ruff-python-swallowed:47	2	human-python-3478506066-2888257815:ruff-python-swallowed	natural:human-python-3478506066-2888257815:ruff-python-swallowed:47	BLE001:sshpilot/connection_dialog.py:1391:20:Do not catch blind exception: `Exception`	"{""end_byte"": null, ""end_line"": 1391, ""owner"": null, ""path"": ""sshpilot/connection_dialog.py"", ""start_byte"": null, ""start_line"": 1391}"	P00065
human-python-3478506066-2888257815:ruff-python-swallowed:48	2	human-python-3478506066-2888257815:ruff-python-swallowed	natural:human-python-3478506066-2888257815:ruff-python-swallowed:48	BLE001:sshpilot/connection_dialog.py:1445:36:Do not catch blind exception: `Exception`	"{""end_byte"": null, ""end_line"": 1445, ""owner"": null, ""path"": ""sshpilot/connection_dialog.py"", ""start_byte"": null, ""start_line"": 1445}"	P00980
human-python-3478506066-2888257815:ruff-python-swallowed:49	2	human-python-3478506066-2888257815:ruff-python-swallowed	natural:human-python-3478506066-2888257815:ruff-python-swallowed:49	BLE001:sshpilot/connection_dialog.py:1452:36:Do not catch blind exception: `Exception`	"{""end_byte"": null, ""end_line"": 1452, ""owner"": null, ""path"": ""sshpilot/connection_dialog.py"", ""start_byte"": null, ""start_line"": 1452}"	P02113
human-python-3478506066-2888257815:ruff-python-swallowed:50	2	human-python-3478506066-2888257815:ruff-python-swallowed	natural:human-python-3478506066-2888257815:ruff-python-swallowed:50	S110:sshpilot/connection_dialog.py:1461:29:`try`-`except`-`pass` detected, consider logging the exception	"{""end_byte"": null, ""end_line"": 1461, ""owner"": null, ""path"": ""sshpilot/connection_dialog.py"", ""start_byte"": null, ""start_line"": 1461}"	P00767
human-python-3478506066-2888257815:ruff-python-swallowed:51	2	human-python-3478506066-2888257815:ruff-python-swallowed	natural:human-python-3478506066-2888257815:ruff-python-swallowed:51	BLE001:sshpilot/connection_dialog.py:1461:36:Do not catch blind exception: `Exception`	"{""end_byte"": null, ""end_line"": 1461, ""owner"": null, ""path"": ""sshpilot/connection_dialog.py"", ""start_byte"": null, ""start_line"": 1461}"	P00015
human-python-3478506066-2888257815:ruff-python-swallowed:52	2	human-python-3478506066-2888257815:ruff-python-swallowed	natural:human-python-3478506066-2888257815:ruff-python-swallowed:52	BLE001:sshpilot/connection_dialog.py:1466:36:Do not catch blind exception: `Exception`	"{""end_byte"": null, ""end_line"": 1466, ""owner"": null, ""path"": ""sshpilot/connection_dialog.py"", ""start_byte"": null, ""start_line"": 1466}"	P00649
human-python-3478506066-2888257815:ruff-python-swallowed:53	2	human-python-3478506066-2888257815:ruff-python-swallowed	natural:human-python-3478506066-2888257815:ruff-python-swallowed:53	S110:sshpilot/connection_dialog.py:1474:29:`try`-`except`-`pass` detected, consider logging the exception	"{""end_byte"": null, ""end_line"": 1474, ""owner"": null, ""path"": ""sshpilot/connection_dialog.py"", ""start_byte"": null, ""start_line"": 1474}"	P02073
human-python-3478506066-2888257815:ruff-python-swallowed:54	2	human-python-3478506066-2888257815:ruff-python-swallowed	natural:human-python-3478506066-2888257815:ruff-python-swallowed:54	BLE001:sshpilot/connection_dialog.py:1474:36:Do not catch blind exception: `Exception`	"{""end_byte"": null, ""end_line"": 1474, ""owner"": null, ""path"": ""sshpilot/connection_dialog.py"", ""start_byte"": null, ""start_line"": 1474}"	P01885
human-python-3478506066-2888257815:ruff-python-swallowed:55	2	human-python-3478506066-2888257815:ruff-python-swallowed	natural:human-python-3478506066-2888257815:ruff-python-swallowed:55	BLE001:sshpilot/connection_dialog.py:1481:36:Do not catch blind exception: `Exception`	"{""end_byte"": null, ""end_line"": 1481, ""owner"": null, ""path"": ""sshpilot/connection_dialog.py"", ""start_byte"": null, ""start_line"": 1481}"	P01086
human-python-3478506066-2888257815:ruff-python-swallowed:56	2	human-python-3478506066-2888257815:ruff-python-swallowed	natural:human-python-3478506066-2888257815:ruff-python-swallowed:56	BLE001:sshpilot/connection_dialog.py:1490:36:Do not catch blind exception: `Exception`	"{""end_byte"": null, ""end_line"": 1490, ""owner"": null, ""path"": ""sshpilot/connection_dialog.py"", ""start_byte"": null, ""start_line"": 1490}"	P01031
human-python-3478506066-2888257815:ruff-python-swallowed:57	2	human-python-3478506066-2888257815:ruff-python-swallowed	natural:human-python-3478506066-2888257815:ruff-python-swallowed:57	BLE001:sshpilot/connection_dialog.py:1496:16:Do not catch blind exception: `Exception`	"{""end_byte"": null, ""end_line"": 1496, ""owner"": null, ""path"": ""sshpilot/connection_dialog.py"", ""start_byte"": null, ""start_line"": 1496}"	P01571
human-python-3478506066-2888257815:ruff-python-swallowed:58	2	human-python-3478506066-2888257815:ruff-python-swallowed	natural:human-python-3478506066-2888257815:ruff-python-swallowed:58	S110:sshpilot/connection_dialog.py:1507:9:`try`-`except`-`pass` detected, consider logging the exception	"{""end_byte"": null, ""end_line"": 1507, ""owner"": null, ""path"": ""sshpilot/connection_dialog.py"", ""start_byte"": null, ""start_line"": 1507}"	P00475
human-python-3478506066-2888257815:ruff-python-swallowed:59	2	human-python-3478506066-2888257815:ruff-python-swallowed	natural:human-python-3478506066-2888257815:ruff-python-swallowed:59	BLE001:sshpilot/connection_dialog.py:1507:16:Do not catch blind exception: `Exception`	"{""end_byte"": null, ""end_line"": 1507, ""owner"": null, ""path"": ""sshpilot/connection_dialog.py"", ""start_byte"": null, ""start_line"": 1507}"	P00519
human-python-3478506066-2888257815:ruff-python-swallowed:60	2	human-python-3478506066-2888257815:ruff-python-swallowed	natural:human-python-3478506066-2888257815:ruff-python-swallowed:60	S110:sshpilot/connection_dialog.py:1516:9:`try`-`except`-`pass` detected, consider logging the exception	"{""end_byte"": null, ""end_line"": 1516, ""owner"": null, ""path"": ""sshpilot/connection_dialog.py"", ""start_byte"": null, ""start_line"": 1516}"	P00985
human-python-3478506066-2888257815:ruff-python-swallowed:61	2	human-python-3478506066-2888257815:ruff-python-swallowed	natural:human-python-3478506066-2888257815:ruff-python-swallowed:61	BLE001:sshpilot/connection_dialog.py:1516:16:Do not catch blind exception: `Exception`	"{""end_byte"": null, ""end_line"": 1516, ""owner"": null, ""path"": ""sshpilot/connection_dialog.py"", ""start_byte"": null, ""start_line"": 1516}"	P00704
human-python-3478506066-2888257815:ruff-python-swallowed:62	2	human-python-3478506066-2888257815:ruff-python-swallowed	natural:human-python-3478506066-2888257815:ruff-python-swallowed:62	S110:sshpilot/connection_dialog.py:1522:9:`try`-`except`-`pass` detected, consider logging the exception	"{""end_byte"": null, ""end_line"": 1522, ""owner"": null, ""path"": ""sshpilot/connection_dialog.py"", ""start_byte"": null, ""start_line"": 1522}"	P01806
human-python-3478506066-2888257815:ruff-python-swallowed:63	2	human-python-3478506066-2888257815:ruff-python-swallowed	natural:human-python-3478506066-2888257815:ruff-python-swallowed:63	BLE001:sshpilot/connection_dialog.py:1522:16:Do not catch blind exception: `Exception`	"{""end_byte"": null, ""end_line"": 1522, ""owner"": null, ""path"": ""sshpilot/connection_dialog.py"", ""start_byte"": null, ""start_line"": 1522}"	P01987
human-python-3478506066-2888257815:ruff-python-swallowed:64	2	human-python-3478506066-2888257815:ruff-python-swallowed	natural:human-python-3478506066-2888257815:ruff-python-swallowed:64	S110:sshpilot/connection_dialog.py:1529:9:`try`-`except`-`pass` detected, consider logging the exception	"{""end_byte"": null, ""end_line"": 1529, ""owner"": null, ""path"": ""sshpilot/connection_dialog.py"", ""start_byte"": null, ""start_line"": 1529}"	P00816
human-python-3478506066-2888257815:ruff-python-swallowed:65	2	human-python-3478506066-2888257815:ruff-python-swallowed	natural:human-python-3478506066-2888257815:ruff-python-swallowed:65	BLE001:sshpilot/connection_dialog.py:1529:16:Do not catch blind exception: `Exception`	"{""end_byte"": null, ""end_line"": 1529, ""owner"": null, ""path"": ""sshpilot/connection_dialog.py"", ""start_byte"": null, ""start_line"": 1529}"	P02155
human-python-3478506066-2888257815:ruff-python-swallowed:66	2	human-python-3478506066-2888257815:ruff-python-swallowed	natural:human-python-3478506066-2888257815:ruff-python-swallowed:66	BLE001:sshpilot/connection_dialog.py:1542:24:Do not catch blind exception: `Exception`	"{""end_byte"": null, ""end_line"": 1542, ""owner"": null, ""path"": ""sshpilot/connection_dialog.py"", ""start_byte"": null, ""start_line"": 1542}"	P01594
human-python-3478506066-2888257815:ruff-python-swallowed:67	2	human-python-3478506066-2888257815:ruff-python-swallowed	natural:human-python-3478506066-2888257815:ruff-python-swallowed:67	S110:sshpilot/connection_dialog.py:1557:13:`try`-`except`-`pass` detected, consider logging the exception	"{""end_byte"": null, ""end_line"": 1557, ""owner"": null, ""path"": ""sshpilot/connection_dialog.py"", ""start_byte"": null, ""start_line"": 1557}"	P00137
human-python-3478506066-2888257815:ruff-python-swallowed:68	2	human-python-3478506066-2888257815:ruff-python-swallowed	natural:human-python-3478506066-2888257815:ruff-python-swallowed:68	BLE001:sshpilot/connection_dialog.py:1557:20:Do not catch blind exception: `Exception`	"{""end_byte"": null, ""end_line"": 1557, ""owner"": null, ""path"": ""sshpilot/connection_dialog.py"", ""start_byte"": null, ""start_line"": 1557}"	P00009
human-python-3478506066-2888257815:ruff-python-swallowed:69	2	human-python-3478506066-2888257815:ruff-python-swallowed	natural:human-python-3478506066-2888257815:ruff-python-swallowed:69	S110:sshpilot/connection_dialog.py:1561:9:`try`-`except`-`pass` detected, consider logging the exception	"{""end_byte"": null, ""end_line"": 1561, ""owner"": null, ""path"": ""sshpilot/connection_dialog.py"", ""start_byte"": null, ""start_line"": 1561}"	P00592
human-python-3478506066-2888257815:ruff-python-swallowed:70	2	human-python-3478506066-2888257815:ruff-python-swallowed	natural:human-python-3478506066-2888257815:ruff-python-swallowed:70	BLE001:sshpilot/connection_dialog.py:1561:16:Do not catch blind exception: `Exception`	"{""end_byte"": null, ""end_line"": 1561, ""owner"": null, ""path"": ""sshpilot/connection_dialog.py"", ""start_byte"": null, ""start_line"": 1561}"	P01147
human-python-3478506066-2888257815:ruff-python-swallowed:71	2	human-python-3478506066-2888257815:ruff-python-swallowed	natural:human-python-3478506066-2888257815:ruff-python-swallowed:71	S110:sshpilot/connection_dialog.py:1602:17:`try`-`except`-`pass` detected, consider logging the exception	"{""end_byte"": null, ""end_line"": 1602, ""owner"": null, ""path"": ""sshpilot/connection_dialog.py"", ""start_byte"": null, ""start_line"": 1602}"	P01310
human-python-3478506066-2888257815:ruff-python-swallowed:72	2	human-python-3478506066-2888257815:ruff-python-swallowed	natural:human-python-3478506066-2888257815:ruff-python-swallowed:72	BLE001:sshpilot/connection_dialog.py:1602:24:Do not catch blind exception: `Exception`	"{""end_byte"": null, ""end_line"": 1602, ""owner"": null, ""path"": ""sshpilot/connection_dialog.py"", ""start_byte"": null, ""start_line"": 1602}"	P01303
human-python-3478506066-2888257815:ruff-python-swallowed:73	2	human-python-3478506066-2888257815:ruff-python-swallowed	natural:human-python-3478506066-2888257815:ruff-python-swallowed:73	S110:sshpilot/connection_dialog.py:1607:17:`try`-`except`-`pass` detected, consider logging the exception	"{""end_byte"": null, ""end_line"": 1607, ""owner"": null, ""path"": ""sshpilot/connection_dialog.py"", ""start_byte"": null, ""start_line"": 1607}"	P01264
human-python-3478506066-2888257815:ruff-python-swallowed:74	2	human-python-3478506066-2888257815:ruff-python-swallowed	natural:human-python-3478506066-2888257815:ruff-python-swallowed:74	BLE001:sshpilot/connection_dialog.py:1607:24:Do not catch blind exception: `Exception`	"{""end_byte"": null, ""end_line"": 1607, ""owner"": null, ""path"": ""sshpilot/connection_dialog.py"", ""start_byte"": null, ""start_line"": 1607}"	P01542
human-python-3478506066-2888257815:ruff-python-swallowed:75	2	human-python-3478506066-2888257815:ruff-python-swallowed	natural:human-python-3478506066-2888257815:ruff-python-swallowed:75	S110:sshpilot/connection_dialog.py:1609:9:`try`-`except`-`pass` detected, consider logging the exception	"{""end_byte"": null, ""end_line"": 1609, ""owner"": null, ""path"": ""sshpilot/connection_dialog.py"", ""start_byte"": null, ""start_line"": 1609}"	P01592
human-python-3478506066-2888257815:ruff-python-swallowed:76	2	human-python-3478506066-2888257815:ruff-python-swallowed	natural:human-python-3478506066-2888257815:ruff-python-swallowed:76	BLE001:sshpilot/connection_dialog.py:1609:16:Do not catch blind exception: `Exception`	"{""end_byte"": null, ""end_line"": 1609, ""owner"": null, ""path"": ""sshpilot/connection_dialog.py"", ""start_byte"": null, ""start_line"": 1609}"	P00942
human-python-3478506066-2888257815:ruff-python-swallowed:77	2	human-python-3478506066-2888257815:ruff-python-swallowed	natural:human-python-3478506066-2888257815:ruff-python-swallowed:77	S110:sshpilot/connection_dialog.py:1615:9:`try`-`except`-`pass` detected, consider logging the exception	"{""end_byte"": null, ""end_line"": 1615, ""owner"": null, ""path"": ""sshpilot/connection_dialog.py"", ""start_byte"": null, ""start_line"": 1615}"	P00561
human-python-3478506066-2888257815:ruff-python-swallowed:78	2	human-python-3478506066-2888257815:ruff-python-swallowed	natural:human-python-3478506066-2888257815:ruff-python-swallowed:78	BLE001:sshpilot/connection_dialog.py:1615:16:Do not catch blind exception: `Exception`	"{""end_byte"": null, ""end_line"": 1615, ""owner"": null, ""path"": ""sshpilot/connection_dialog.py"", ""start_byte"": null, ""start_line"": 1615}"	P01417
human-python-3478506066-2888257815:ruff-python-swallowed:79	2	human-python-3478506066-2888257815:ruff-python-swallowed	natural:human-python-3478506066-2888257815:ruff-python-swallowed:79	S110:sshpilot/connection_dialog.py:1621:9:`try`-`except`-`pass` detected, consider logging the exception	"{""end_byte"": null, ""end_line"": 1621, ""owner"": null, ""path"": ""sshpilot/connection_dialog.py"", ""start_byte"": null, ""start_line"": 1621}"	P01709
human-python-3478506066-2888257815:ruff-python-swallowed:80	2	human-python-3478506066-2888257815:ruff-python-swallowed	natural:human-python-3478506066-2888257815:ruff-python-swallowed:80	BLE001:sshpilot/connection_dialog.py:1621:16:Do not catch blind exception: `Exception`	"{""end_byte"": null, ""end_line"": 1621, ""owner"": null, ""path"": ""sshpilot/connection_dialog.py"", ""start_byte"": null, ""start_line"": 1621}"	P00756
human-python-3478506066-2888257815:ruff-python-swallowed:81	2	human-python-3478506066-2888257815:ruff-python-swallowed	natural:human-python-3478506066-2888257815:ruff-python-swallowed:81	S110:sshpilot/connection_dialog.py:1627:9:`try`-`except`-`pass` detected, consider logging the exception	"{""end_byte"": null, ""end_line"": 1627, ""owner"": null, ""path"": ""sshpilot/connection_dialog.py"", ""start_byte"": null, ""start_line"": 1627}"	P00387
human-python-3478506066-2888257815:ruff-python-swallowed:82	2	human-python-3478506066-2888257815:ruff-python-swallowed	natural:human-python-3478506066-2888257815:ruff-python-swallowed:82	BLE001:sshpilot/connection_dialog.py:1627:16:Do not catch blind exception: `Exception`	"{""end_byte"": null, ""end_line"": 1627, ""owner"": null, ""path"": ""sshpilot/connection_dialog.py"", ""start_byte"": null, ""start_line"": 1627}"	P01890
human-python-3478506066-2888257815:ruff-python-swallowed:83	2	human-python-3478506066-2888257815:ruff-python-swallowed	natural:human-python-3478506066-2888257815:ruff-python-swallowed:83	S110:sshpilot/connection_dialog.py:1634:9:`try`-`except`-`pass` detected, consider logging the exception	"{""end_byte"": null, ""end_line"": 1634, ""owner"": null, ""path"": ""sshpilot/connection_dialog.py"", ""start_byte"": null, ""start_line"": 1634}"	P01462
human-python-3478506066-2888257815:ruff-python-swallowed:84	2	human-python-3478506066-2888257815:ruff-python-swallowed	natural:human-python-3478506066-2888257815:ruff-python-swallowed:84	BLE001:sshpilot/connection_dialog.py:1634:16:Do not catch blind exception: `Exception`	"{""end_byte"": null, ""end_line"": 1634, ""owner"": null, ""path"": ""sshpilot/connection_dialog.py"", ""start_byte"": null, ""start_line"": 1634}"	P02131
human-python-3478506066-2888257815:ruff-python-swallowed:85	2	human-python-3478506066-2888257815:ruff-python-swallowed	natural:human-python-3478506066-2888257815:ruff-python-swallowed:85	S110:sshpilot/connection_dialog.py:1645:9:`try`-`except`-`pass` detected, consider logging the exception	"{""end_byte"": null, ""end_line"": 1645, ""owner"": null, ""path"": ""sshpilot/connection_dialog.py"", ""start_byte"": null, ""start_line"": 1645}"	P01574
human-python-3478506066-2888257815:ruff-python-swallowed:86	2	human-python-3478506066-2888257815:ruff-python-swallowed	natural:human-python-3478506066-2888257815:ruff-python-swallowed:86	BLE001:sshpilot/connection_dialog.py:1645:16:Do not catch blind exception: `Exception`	"{""end_byte"": null, ""end_line"": 1645, ""owner"": null, ""path"": ""sshpilot/connection_dialog.py"", ""start_byte"": null, ""start_line"": 1645}"	P01598
human-python-3478506066-2888257815:ruff-python-swallowed:87	2	human-python-3478506066-2888257815:ruff-python-swallowed	natural:human-python-3478506066-2888257815:ruff-python-swallowed:87	S110:sshpilot/connection_dialog.py:1651:9:`try`-`except`-`pass` detected, consider logging the exception	"{""end_byte"": null, ""end_line"": 1651, ""owner"": null, ""path"": ""sshpilot/connection_dialog.py"", ""start_byte"": null, ""start_line"": 1651}"	P01609
human-python-3478506066-2888257815:ruff-python-swallowed:88	2	human-python-3478506066-2888257815:ruff-python-swallowed	natural:human-python-3478506066-2888257815:ruff-python-swallowed:88	BLE001:sshpilot/connection_dialog.py:1651:16:Do not catch blind exception: `Exception`	"{""end_byte"": null, ""end_line"": 1651, ""owner"": null, ""path"": ""sshpilot/connection_dialog.py"", ""start_byte"": null, ""start_line"": 1651}"	P01410
human-python-3478506066-2888257815:ruff-python-swallowed:89	2	human-python-3478506066-2888257815:ruff-python-swallowed	natural:human-python-3478506066-2888257815:ruff-python-swallowed:89	BLE001:sshpilot/connection_dialog.py:1672:20:Do not catch blind exception: `Exception`	"{""end_byte"": null, ""end_line"": 1672, ""owner"": null, ""path"": ""sshpilot/connection_dialog.py"", ""start_byte"": null, ""start_line"": 1672}"	P00466
human-python-3478506066-2888257815:ruff-python-swallowed:90	2	human-python-3478506066-2888257815:ruff-python-swallowed	natural:human-python-3478506066-2888257815:ruff-python-swallowed:90	BLE001:sshpilot/connection_dialog.py:1684:16:Do not catch blind exception: `Exception`	"{""end_byte"": null, ""end_line"": 1684, ""owner"": null, ""path"": ""sshpilot/connection_dialog.py"", ""start_byte"": null, ""start_line"": 1684}"	P02103
human-python-3478506066-2888257815:ruff-python-swallowed:91	2	human-python-3478506066-2888257815:ruff-python-swallowed	natural:human-python-3478506066-2888257815:ruff-python-swallowed:91	BLE001:sshpilot/connection_dialog.py:1717:16:Do not catch blind exception: `Exception`	"{""end_byte"": null, ""end_line"": 1717, ""owner"": null, ""path"": ""sshpilot/connection_dialog.py"", ""start_byte"": null, ""start_line"": 1717}"	P00125
human-python-3478506066-2888257815:ruff-python-swallowed:92	2	human-python-3478506066-2888257815:ruff-python-swallowed	natural:human-python-3478506066-2888257815:ruff-python-swallowed:92	BLE001:sshpilot/connection_dialog.py:1743:16:Do not catch blind exception: `Exception`	"{""end_byte"": null, ""end_line"": 1743, ""owner"": null, ""path"": ""sshpilot/connection_dialog.py"", ""start_byte"": null, ""start_line"": 1743}"	P01689
human-python-3478506066-2888257815:ruff-python-swallowed:93	2	human-python-3478506066-2888257815:ruff-python-swallowed	natural:human-python-3478506066-2888257815:ruff-python-swallowed:93	S110:sshpilot/connection_dialog.py:1796:17:`try`-`except`-`pass` detected, consider logging the exception	"{""end_byte"": null, ""end_line"": 1796, ""owner"": null, ""path"": ""sshpilot/connection_dialog.py"", ""start_byte"": null, ""start_line"": 1796}"	P02158
human-python-3478506066-2888257815:ruff-python-swallowed:94	2	human-python-3478506066-2888257815:ruff-python-swallowed	natural:human-python-3478506066-2888257815:ruff-python-swallowed:94	BLE001:sshpilot/connection_dialog.py:1796:24:Do not catch blind exception: `Exception`	"{""end_byte"": null, ""end_line"": 1796, ""owner"": null, ""path"": ""sshpilot/connection_dialog.py"", ""start_byte"": null, ""start_line"": 1796}"	P01766
human-python-3478506066-2888257815:ruff-python-swallowed:95	2	human-python-3478506066-2888257815:ruff-python-swallowed	natural:human-python-3478506066-2888257815:ruff-python-swallowed:95	BLE001:sshpilot/connection_dialog.py:1822:20:Do not catch blind exception: `Exception`	"{""end_byte"": null, ""end_line"": 1822, ""owner"": null, ""path"": ""sshpilot/connection_dialog.py"", ""start_byte"": null, ""start_line"": 1822}"	P01608
human-python-3478506066-2888257815:ruff-python-swallowed:96	2	human-python-3478506066-2888257815:ruff-python-swallowed	natural:human-python-3478506066-2888257815:ruff-python-swallowed:96	S110:sshpilot/connection_dialog.py:1826:13:`try`-`except`-`pass` detected, consider logging the exception	"{""end_byte"": null, ""end_line"": 1826, ""owner"": null, ""path"": ""sshpilot/connection_dialog.py"", ""start_byte"": null, ""start_line"": 1826}"	P00046
human-python-3478506066-2888257815:ruff-python-swallowed:97	2	human-python-3478506066-2888257815:ruff-python-swallowed	natural:human-python-3478506066-2888257815:ruff-python-swallowed:97	BLE001:sshpilot/connection_dialog.py:1826:20:Do not catch blind exception: `Exception`	"{""end_byte"": null, ""end_line"": 1826, ""owner"": null, ""path"": ""sshpilot/connection_dialog.py"", ""start_byte"": null, ""start_line"": 1826}"	P01910
human-python-3478506066-2888257815:ruff-python-swallowed:98	2	human-python-3478506066-2888257815:ruff-python-swallowed	natural:human-python-3478506066-2888257815:ruff-python-swallowed:98	BLE001:sshpilot/connection_dialog.py:1828:16:Do not catch blind exception: `Exception`	"{""end_byte"": null, ""end_line"": 1828, ""owner"": null, ""path"": ""sshpilot/connection_dialog.py"", ""start_byte"": null, ""start_line"": 1828}"	P01103
human-python-3478506066-2888257815:ruff-python-swallowed:99	2	human-python-3478506066-2888257815:ruff-python-swallowed	natural:human-python-3478506066-2888257815:ruff-python-swallowed:99	BLE001:sshpilot/connection_dialog.py:1891:20:Do not catch blind exception: `Exception`	"{""end_byte"": null, ""end_line"": 1891, ""owner"": null, ""path"": ""sshpilot/connection_dialog.py"", ""start_byte"": null, ""start_line"": 1891}"	P01076
human-python-3478506066-2888257815:ruff-python-swallowed:100	2	human-python-3478506066-2888257815:ruff-python-swallowed	natural:human-python-3478506066-2888257815:ruff-python-swallowed:100	S110:sshpilot/connection_dialog.py:1896:13:`try`-`except`-`pass` detected, consider logging the exception	"{""end_byte"": null, ""end_line"": 1896, ""owner"": null, ""path"": ""sshpilot/connection_dialog.py"", ""start_byte"": null, ""start_line"": 1896}"	P01056
human-python-3478506066-2888257815:ruff-python-swallowed:101	2	human-python-3478506066-2888257815:ruff-python-swallowed	natural:human-python-3478506066-2888257815:ruff-python-swallowed:101	BLE001:sshpilot/connection_dialog.py:1896:20:Do not catch blind exception: `Exception`	"{""end_byte"": null, ""end_line"": 1896, ""owner"": null, ""path"": ""sshpilot/connection_dialog.py"", ""start_byte"": null, ""start_line"": 1896}"	P01275
human-python-3478506066-2888257815:ruff-python-swallowed:102	2	human-python-3478506066-2888257815:ruff-python-swallowed	natural:human-python-3478506066-2888257815:ruff-python-swallowed:102	BLE001:sshpilot/connection_dialog.py:1899:16:Do not catch blind exception: `Exception`	"{""end_byte"": null, ""end_line"": 1899, ""owner"": null, ""path"": ""sshpilot/connection_dialog.py"", ""start_byte"": null, ""start_line"": 1899}"	P01976
human-python-3478506066-2888257815:ruff-python-swallowed:103	2	human-python-3478506066-2888257815:ruff-python-swallowed	natural:human-python-3478506066-2888257815:ruff-python-swallowed:103	BLE001:sshpilot/connection_dialog.py:1927:16:Do not catch blind exception: `Exception`	"{""end_byte"": null, ""end_line"": 1927, ""owner"": null, ""path"": ""sshpilot/connection_dialog.py"", ""start_byte"": null, ""start_line"": 1927}"	P01660
human-python-3478506066-2888257815:ruff-python-swallowed:104	2	human-python-3478506066-2888257815:ruff-python-swallowed	natural:human-python-3478506066-2888257815:ruff-python-swallowed:104	BLE001:sshpilot/connection_dialog.py:1963:16:Do not catch blind exception: `Exception`	"{""end_byte"": null, ""end_line"": 1963, ""owner"": null, ""path"": ""sshpilot/connection_dialog.py"", ""start_byte"": null, ""start_line"": 1963}"	P00746
human-python-3478506066-2888257815:ruff-python-swallowed:105	2	human-python-3478506066-2888257815:ruff-python-swallowed	natural:human-python-3478506066-2888257815:ruff-python-swallowed:105	S110:sshpilot/connection_dialog.py:1976:9:`try`-`except`-`pass` detected, consider logging the exception	"{""end_byte"": null, ""end_line"": 1976, ""owner"": null, ""path"": ""sshpilot/connection_dialog.py"", ""start_byte"": null, ""start_line"": 1976}"	P01308
human-python-3478506066-2888257815:ruff-python-swallowed:106	2	human-python-3478506066-2888257815:ruff-python-swallowed	natural:human-python-3478506066-2888257815:ruff-python-swallowed:106	BLE001:sshpilot/connection_dialog.py:1976:16:Do not catch blind exception: `Exception`	"{""end_byte"": null, ""end_line"": 1976, ""owner"": null, ""path"": ""sshpilot/connection_dialog.py"", ""start_byte"": null, ""start_line"": 1976}"	P01535
human-python-3478506066-2888257815:ruff-python-swallowed:107	2	human-python-3478506066-2888257815:ruff-python-swallowed	natural:human-python-3478506066-2888257815:ruff-python-swallowed:107	S110:sshpilot/connection_dialog.py:1983:9:`try`-`except`-`pass` detected, consider logging the exception	"{""end_byte"": null, ""end_line"": 1983, ""owner"": null, ""path"": ""sshpilot/connection_dialog.py"", ""start_byte"": null, ""start_line"": 1983}"	P00725
human-python-3478506066-2888257815:ruff-python-swallowed:108	2	human-python-3478506066-2888257815:ruff-python-swallowed	natural:human-python-3478506066-2888257815:ruff-python-swallowed:108	BLE001:sshpilot/connection_dialog.py:1983:16:Do not catch blind exception: `Exception`	"{""end_byte"": null, ""end_line"": 1983, ""owner"": null, ""path"": ""sshpilot/connection_dialog.py"", ""start_byte"": null, ""start_line"": 1983}"	P00873
human-python-3478506066-2888257815:ruff-python-swallowed:109	2	human-python-3478506066-2888257815:ruff-python-swallowed	natural:human-python-3478506066-2888257815:ruff-python-swallowed:109	S110:sshpilot/connection_dialog.py:1989:9:`try`-`except`-`pass` detected, consider logging the exception	"{""end_byte"": null, ""end_line"": 1989, ""owner"": null, ""path"": ""sshpilot/connection_dialog.py"", ""start_byte"": null, ""start_line"": 1989}"	P01895
human-python-3478506066-2888257815:ruff-python-swallowed:110	2	human-python-3478506066-2888257815:ruff-python-swallowed	natural:human-python-3478506066-2888257815:ruff-python-swallowed:110	BLE001:sshpilot/connection_dialog.py:1989:16:Do not catch blind exception: `Exception`	"{""end_byte"": null, ""end_line"": 1989, ""owner"": null, ""path"": ""sshpilot/connection_dialog.py"", ""start_byte"": null, ""start_line"": 1989}"	P00051
human-python-3478506066-2888257815:ruff-python-swallowed:111	2	human-python-3478506066-2888257815:ruff-python-swallowed	natural:human-python-3478506066-2888257815:ruff-python-swallowed:111	S110:sshpilot/connection_dialog.py:2071:9:`try`-`except`-`pass` detected, consider logging the exception	"{""end_byte"": null, ""end_line"": 2071, ""owner"": null, ""path"": ""sshpilot/connection_dialog.py"", ""start_byte"": null, ""start_line"": 2071}"	P00264
human-python-3478506066-2888257815:ruff-python-swallowed:112	2	human-python-3478506066-2888257815:ruff-python-swallowed	natural:human-python-3478506066-2888257815:ruff-python-swallowed:112	BLE001:sshpilot/connection_dialog.py:2071:16:Do not catch blind exception: `Exception`	"{""end_byte"": null, ""end_line"": 2071, ""owner"": null, ""path"": ""sshpilot/connection_dialog.py"", ""start_byte"": null, ""start_line"": 2071}"	P00711
human-python-3478506066-2888257815:ruff-python-swallowed:113	2	human-python-3478506066-2888257815:ruff-python-swallowed	natural:human-python-3478506066-2888257815:ruff-python-swallowed:113	S110:sshpilot/connection_dialog.py:2091:9:`try`-`except`-`pass` detected, consider logging the exception	"{""end_byte"": null, ""end_line"": 2091, ""owner"": null, ""path"": ""sshpilot/connection_dialog.py"", ""start_byte"": null, ""start_line"": 2091}"	P02056
human-python-3478506066-2888257815:ruff-python-swallowed:114	2	human-python-3478506066-2888257815:ruff-python-swallowed	natural:human-python-3478506066-2888257815:ruff-python-swallowed:114	BLE001:sshpilot/connection_dialog.py:2091:16:Do not catch blind exception: `Exception`	"{""end_byte"": null, ""end_line"": 2091, ""owner"": null, ""path"": ""sshpilot/connection_dialog.py"", ""start_byte"": null, ""start_line"": 2091}"	P00162
human-python-3478506066-2888257815:ruff-python-swallowed:115	2	human-python-3478506066-2888257815:ruff-python-swallowed	natural:human-python-3478506066-2888257815:ruff-python-swallowed:115	S110:sshpilot/connection_dialog.py:2126:21:`try`-`except`-`pass` detected, consider logging the exception	"{""end_byte"": null, ""end_line"": 2126, ""owner"": null, ""path"": ""sshpilot/connection_dialog.py"", ""start_byte"": null, ""start_line"": 2126}"	P00956
human-python-3478506066-2888257815:ruff-python-swallowed:116	2	human-python-3478506066-2888257815:ruff-python-swallowed	natural:human-python-3478506066-2888257815:ruff-python-swallowed:116	BLE001:sshpilot/connection_dialog.py:2126:28:Do not catch blind exception: `Exception`	"{""end_byte"": null, ""end_line"": 2126, ""owner"": null, ""path"": ""sshpilot/connection_dialog.py"", ""start_byte"": null, ""start_line"": 2126}"	P01209
human-python-3478506066-2888257815:ruff-python-swallowed:117	2	human-python-3478506066-2888257815:ruff-python-swallowed	natural:human-python-3478506066-2888257815:ruff-python-swallowed:117	S110:sshpilot/connection_dialog.py:2140:13:`try`-`except`-`pass` detected, consider logging the exception	"{""end_byte"": null, ""end_line"": 2140, ""owner"": null, ""path"": ""sshpilot/connection_dialog.py"", ""start_byte"": null, ""start_line"": 2140}"	P01407
human-python-3478506066-2888257815:ruff-python-swallowed:118	2	human-python-3478506066-2888257815:ruff-python-swallowed	natural:human-python-3478506066-2888257815:ruff-python-swallowed:118	BLE001:sshpilot/connection_dialog.py:2140:20:Do not catch blind exception: `Exception`	"{""end_byte"": null, ""end_line"": 2140, ""owner"": null, ""path"": ""sshpilot/connection_dialog.py"", ""start_byte"": null, ""start_line"": 2140}"	P02111
human-python-3478506066-2888257815:ruff-python-swallowed:119	2	human-python-3478506066-2888257815:ruff-python-swallowed	natural:human-python-3478506066-2888257815:ruff-python-swallowed:119	S110:sshpilot/connection_dialog.py:2144:9:`try`-`except`-`pass` detected, consider logging the exception	"{""end_byte"": null, ""end_line"": 2144, ""owner"": null, ""path"": ""sshpilot/connection_dialog.py"", ""start_byte"": null, ""start_line"": 2144}"	P02046
human-python-3478506066-2888257815:ruff-python-swallowed:120	2	human-python-3478506066-2888257815:ruff-python-swallowed	natural:human-python-3478506066-2888257815:ruff-python-swallowed:120	BLE001:sshpilot/connection_dialog.py:2144:16:Do not catch blind exception: `Exception`	"{""end_byte"": null, ""end_line"": 2144, ""owner"": null, ""path"": ""sshpilot/connection_dialog.py"", ""start_byte"": null, ""start_line"": 2144}"	P00258
human-python-3478506066-2888257815:ruff-python-swallowed:121	2	human-python-3478506066-2888257815:ruff-python-swallowed	natural:human-python-3478506066-2888257815:ruff-python-swallowed:121	S110:sshpilot/connection_dialog.py:2180:21:`try`-`except`-`pass` detected, consider logging the exception	"{""end_byte"": null, ""end_line"": 2180, ""owner"": null, ""path"": ""sshpilot/connection_dialog.py"", ""start_byte"": null, ""start_line"": 2180}"	P01220
human-python-3478506066-2888257815:ruff-python-swallowed:122	2	human-python-3478506066-2888257815:ruff-python-swallowed	natural:human-python-3478506066-2888257815:ruff-python-swallowed:122	BLE001:sshpilot/connection_dialog.py:2180:28:Do not catch blind exception: `Exception`	"{""end_byte"": null, ""end_line"": 2180, ""owner"": null, ""path"": ""sshpilot/connection_dialog.py"", ""start_byte"": null, ""start_line"": 2180}"	P00145
human-python-3478506066-2888257815:ruff-python-swallowed:123	2	human-python-3478506066-2888257815:ruff-python-swallowed	natural:human-python-3478506066-2888257815:ruff-python-swallowed:123	S110:sshpilot/connection_dialog.py:2188:13:`try`-`except`-`pass` detected, consider logging the exception	"{""end_byte"": null, ""end_line"": 2188, ""owner"": null, ""path"": ""sshpilot/connection_dialog.py"", ""start_byte"": null, ""start_line"": 2188}"	P00354
human-python-3478506066-2888257815:ruff-python-swallowed:124	2	human-python-3478506066-2888257815:ruff-python-swallowed	natural:human-python-3478506066-2888257815:ruff-python-swallowed:124	BLE001:sshpilot/connection_dialog.py:2188:20:Do not catch blind exception: `Exception`	"{""end_byte"": null, ""end_line"": 2188, ""owner"": null, ""path"": ""sshpilot/connection_dialog.py"", ""start_byte"": null, ""start_line"": 2188}"	P01059
human-python-3478506066-2888257815:ruff-python-swallowed:125	2	human-python-3478506066-2888257815:ruff-python-swallowed	natural:human-python-3478506066-2888257815:ruff-python-swallowed:125	S110:sshpilot/connection_dialog.py:2192:9:`try`-`except`-`pass` detected, consider logging the exception	"{""end_byte"": null, ""end_line"": 2192, ""owner"": null, ""path"": ""sshpilot/connection_dialog.py"", ""start_byte"": null, ""start_line"": 2192}"	P00088
human-python-3478506066-2888257815:ruff-python-swallowed:126	2	human-python-3478506066-2888257815:ruff-python-swallowed	natural:human-python-3478506066-2888257815:ruff-python-swallowed:126	BLE001:sshpilot/connection_dialog.py:2192:16:Do not catch blind exception: `Exception`	"{""end_byte"": null, ""end_line"": 2192, ""owner"": null, ""path"": ""sshpilot/connection_dialog.py"", ""start_byte"": null, ""start_line"": 2192}"	P01436
human-python-3478506066-2888257815:ruff-python-swallowed:127	2	human-python-3478506066-2888257815:ruff-python-swallowed	natural:human-python-3478506066-2888257815:ruff-python-swallowed:127	S110:sshpilot/connection_dialog.py:2207:9:`try`-`except`-`pass` detected, consider logging the exception	"{""end_byte"": null, ""end_line"": 2207, ""owner"": null, ""path"": ""sshpilot/connection_dialog.py"", ""start_byte"": null, ""start_line"": 2207}"	P01557
human-python-3478506066-2888257815:ruff-python-swallowed:128	2	human-python-3478506066-2888257815:ruff-python-swallowed	natural:human-python-3478506066-2888257815:ruff-python-swallowed:128	BLE001:sshpilot/connection_dialog.py:2207:16:Do not catch blind exception: `Exception`	"{""end_byte"": null, ""end_line"": 2207, ""owner"": null, ""path"": ""sshpilot/connection_dialog.py"", ""start_byte"": null, ""start_line"": 2207}"	P00095
human-python-3478506066-2888257815:ruff-python-swallowed:129	2	human-python-3478506066-2888257815:ruff-python-swallowed	natural:human-python-3478506066-2888257815:ruff-python-swallowed:129	S110:sshpilot/connection_dialog.py:2264:9:`try`-`except`-`pass` detected, consider logging the exception	"{""end_byte"": null, ""end_line"": 2264, ""owner"": null, ""path"": ""sshpilot/connection_dialog.py"", ""start_byte"": null, ""start_line"": 2264}"	P01180
human-python-3478506066-2888257815:ruff-python-swallowed:130	2	human-python-3478506066-2888257815:ruff-python-swallowed	natural:human-python-3478506066-2888257815:ruff-python-swallowed:130	BLE001:sshpilot/connection_dialog.py:2264:16:Do not catch blind exception: `Exception`	"{""end_byte"": null, ""end_line"": 2264, ""owner"": null, ""path"": ""sshpilot/connection_dialog.py"", ""start_byte"": null, ""start_line"": 2264}"	P00870
human-python-3478506066-2888257815:ruff-python-swallowed:131	2	human-python-3478506066-2888257815:ruff-python-swallowed	natural:human-python-3478506066-2888257815:ruff-python-swallowed:131	S110:sshpilot/connection_dialog.py:2272:9:`try`-`except`-`pass` detected, consider logging the exception	"{""end_byte"": null, ""end_line"": 2272, ""owner"": null, ""path"": ""sshpilot/connection_dialog.py"", ""start_byte"": null, ""start_line"": 2272}"	P01911
human-python-3478506066-2888257815:ruff-python-swallowed:132	2	human-python-3478506066-2888257815:ruff-python-swallowed	natural:human-python-3478506066-2888257815:ruff-python-swallowed:132	BLE001:sshpilot/connection_dialog.py:2272:16:Do not catch blind exception: `Exception`	"{""end_byte"": null, ""end_line"": 2272, ""owner"": null, ""path"": ""sshpilot/connection_dialog.py"", ""start_byte"": null, ""start_line"": 2272}"	P01044
human-python-3478506066-2888257815:ruff-python-swallowed:133	2	human-python-3478506066-2888257815:ruff-python-swallowed	natural:human-python-3478506066-2888257815:ruff-python-swallowed:133	S110:sshpilot/connection_dialog.py:2288:9:`try`-`except`-`pass` detected, consider logging the exception	"{""end_byte"": null, ""end_line"": 2288, ""owner"": null, ""path"": ""sshpilot/connection_dialog.py"", ""start_byte"": null, ""start_line"": 2288}"	P00817
human-python-3478506066-2888257815:ruff-python-swallowed:134	2	human-python-3478506066-2888257815:ruff-python-swallowed	natural:human-python-3478506066-2888257815:ruff-python-swallowed:134	BLE001:sshpilot/connection_dialog.py:2288:16:Do not catch blind exception: `Exception`	"{""end_byte"": null, ""end_line"": 2288, ""owner"": null, ""path"": ""sshpilot/connection_dialog.py"", ""start_byte"": null, ""start_line"": 2288}"	P00843
human-python-3478506066-2888257815:ruff-python-swallowed:135	2	human-python-3478506066-2888257815:ruff-python-swallowed	natural:human-python-3478506066-2888257815:ruff-python-swallowed:135	S110:sshpilot/connection_dialog.py:2296:9:`try`-`except`-`pass` detected, consider logging the exception	"{""end_byte"": null, ""end_line"": 2296, ""owner"": null, ""path"": ""sshpilot/connection_dialog.py"", ""start_byte"": null, ""start_line"": 2296}"	P00223
human-python-3478506066-2888257815:ruff-python-swallowed:136	2	human-python-3478506066-2888257815:ruff-python-swallowed	natural:human-python-3478506066-2888257815:ruff-python-swallowed:136	BLE001:sshpilot/connection_dialog.py:2296:16:Do not catch blind exception: `Exception`	"{""end_byte"": null, ""end_line"": 2296, ""owner"": null, ""path"": ""sshpilot/connection_dialog.py"", ""start_byte"": null, ""start_line"": 2296}"	P00999
human-python-3478506066-2888257815:ruff-python-swallowed:137	2	human-python-3478506066-2888257815:ruff-python-swallowed	natural:human-python-3478506066-2888257815:ruff-python-swallowed:137	S110:sshpilot/connection_dialog.py:2350:9:`try`-`except`-`pass` detected, consider logging the exception	"{""end_byte"": null, ""end_line"": 2350, ""owner"": null, ""path"": ""sshpilot/connection_dialog.py"", ""start_byte"": null, ""start_line"": 2350}"	P00206
human-python-3478506066-2888257815:ruff-python-swallowed:138	2	human-python-3478506066-2888257815:ruff-python-swallowed	natural:human-python-3478506066-2888257815:ruff-python-swallowed:138	BLE001:sshpilot/connection_dialog.py:2350:16:Do not catch blind exception: `Exception`	"{""end_byte"": null, ""end_line"": 2350, ""owner"": null, ""path"": ""sshpilot/connection_dialog.py"", ""start_byte"": null, ""start_line"": 2350}"	P00915
human-python-3478506066-2888257815:ruff-python-swallowed:139	2	human-python-3478506066-2888257815:ruff-python-swallowed	natural:human-python-3478506066-2888257815:ruff-python-swallowed:139	S110:sshpilot/connection_dialog.py:2368:9:`try`-`except`-`pass` detected, consider logging the exception	"{""end_byte"": null, ""end_line"": 2368, ""owner"": null, ""path"": ""sshpilot/connection_dialog.py"", ""start_byte"": null, ""start_line"": 2368}"	P02063
human-python-3478506066-2888257815:ruff-python-swallowed:140	2	human-python-3478506066-2888257815:ruff-python-swallowed	natural:human-python-3478506066-2888257815:ruff-python-swallowed:140	BLE001:sshpilot/connection_dialog.py:2368:16:Do not catch blind exception: `Exception`	"{""end_byte"": null, ""end_line"": 2368, ""owner"": null, ""path"": ""sshpilot/connection_dialog.py"", ""start_byte"": null, ""start_line"": 2368}"	P01679
human-python-3478506066-2888257815:ruff-python-swallowed:141	2	human-python-3478506066-2888257815:ruff-python-swallowed	natural:human-python-3478506066-2888257815:ruff-python-swallowed:141	S110:sshpilot/connection_dialog.py:2376:9:`try`-`except`-`pass` detected, consider logging the exception	"{""end_byte"": null, ""end_line"": 2376, ""owner"": null, ""path"": ""sshpilot/connection_dialog.py"", ""start_byte"": null, ""start_line"": 2376}"	P01777
human-python-3478506066-2888257815:ruff-python-swallowed:142	2	human-python-3478506066-2888257815:ruff-python-swallowed	natural:human-python-3478506066-2888257815:ruff-python-swallowed:142	BLE001:sshpilot/connection_dialog.py:2376:16:Do not catch blind exception: `Exception`	"{""end_byte"": null, ""end_line"": 2376, ""owner"": null, ""path"": ""sshpilot/connection_dialog.py"", ""start_byte"": null, ""start_line"": 2376}"	P00364
human-python-3478506066-2888257815:ruff-python-swallowed:143	2	human-python-3478506066-2888257815:ruff-python-swallowed	natural:human-python-3478506066-2888257815:ruff-python-swallowed:143	S110:sshpilot/connection_dialog.py:2419:9:`try`-`except`-`pass` detected, consider logging the exception	"{""end_byte"": null, ""end_line"": 2419, ""owner"": null, ""path"": ""sshpilot/connection_dialog.py"", ""start_byte"": null, ""start_line"": 2419}"	P01268
human-python-3478506066-2888257815:ruff-python-swallowed:144	2	human-python-3478506066-2888257815:ruff-python-swallowed	natural:human-python-3478506066-2888257815:ruff-python-swallowed:144	BLE001:sshpilot/connection_dialog.py:2419:16:Do not catch blind exception: `Exception`	"{""end_byte"": null, ""end_line"": 2419, ""owner"": null, ""path"": ""sshpilot/connection_dialog.py"", ""start_byte"": null, ""start_line"": 2419}"	P00922
human-python-3478506066-2888257815:ruff-python-swallowed:145	2	human-python-3478506066-2888257815:ruff-python-swallowed	natural:human-python-3478506066-2888257815:ruff-python-swallowed:145	S110:sshpilot/connection_dialog.py:2431:9:`try`-`except`-`pass` detected, consider logging the exception	"{""end_byte"": null, ""end_line"": 2431, ""owner"": null, ""path"": ""sshpilot/connection_dialog.py"", ""start_byte"": null, ""start_line"": 2431}"	P00074
human-python-3478506066-2888257815:ruff-python-swallowed:146	2	human-python-3478506066-2888257815:ruff-python-swallowed	natural:human-python-3478506066-2888257815:ruff-python-swallowed:146	BLE001:sshpilot/connection_dialog.py:2431:16:Do not catch blind exception: `Exception`	"{""end_byte"": null, ""end_line"": 2431, ""owner"": null, ""path"": ""sshpilot/connection_dialog.py"", ""start_byte"": null, ""start_line"": 2431}"	P01618
human-python-3478506066-2888257815:ruff-python-swallowed:147	2	human-python-3478506066-2888257815:ruff-python-swallowed	natural:human-python-3478506066-2888257815:ruff-python-swallowed:147	S110:sshpilot/connection_dialog.py:2554:9:`try`-`except`-`pass` detected, consider logging the exception	"{""end_byte"": null, ""end_line"": 2554, ""owner"": null, ""path"": ""sshpilot/connection_dialog.py"", ""start_byte"": null, ""start_line"": 2554}"	P00166
human-python-3478506066-2888257815:ruff-python-swallowed:148	2	human-python-3478506066-2888257815:ruff-python-swallowed	natural:human-python-3478506066-2888257815:ruff-python-swallowed:148	BLE001:sshpilot/connection_dialog.py:2554:16:Do not catch blind exception: `Exception`	"{""end_byte"": null, ""end_line"": 2554, ""owner"": null, ""path"": ""sshpilot/connection_dialog.py"", ""start_byte"": null, ""start_line"": 2554}"	P01248
human-python-3478506066-2888257815:ruff-python-swallowed:149	2	human-python-3478506066-2888257815:ruff-python-swallowed	natural:human-python-3478506066-2888257815:ruff-python-swallowed:149	S110:sshpilot/connection_dialog.py:2559:9:`try`-`except`-`pass` detected, consider logging the exception	"{""end_byte"": null, ""end_line"": 2559, ""owner"": null, ""path"": ""sshpilot/connection_dialog.py"", ""start_byte"": null, ""start_line"": 2559}"	P00546
human-python-3478506066-2888257815:ruff-python-swallowed:150	2	human-python-3478506066-2888257815:ruff-python-swallowed	natural:human-python-3478506066-2888257815:ruff-python-swallowed:150	BLE001:sshpilot/connection_dialog.py:2559:16:Do not catch blind exception: `Exception`	"{""end_byte"": null, ""end_line"": 2559, ""owner"": null, ""path"": ""sshpilot/connection_dialog.py"", ""start_byte"": null, ""start_line"": 2559}"	P01561
human-python-3478506066-2888257815:ruff-python-swallowed:151	2	human-python-3478506066-2888257815:ruff-python-swallowed	natural:human-python-3478506066-2888257815:ruff-python-swallowed:151	S110:sshpilot/connection_dialog.py:2659:13:`try`-`except`-`pass` detected, consider logging the exception	"{""end_byte"": null, ""end_line"": 2659, ""owner"": null, ""path"": ""sshpilot/connection_dialog.py"", ""start_byte"": null, ""start_line"": 2659}"	P00552
human-python-3478506066-2888257815:ruff-python-swallowed:152	2	human-python-3478506066-2888257815:ruff-python-swallowed	natural:human-python-3478506066-2888257815:ruff-python-swallowed:152	BLE001:sshpilot/connection_dialog.py:2659:20:Do not catch blind exception: `Exception`	"{""end_byte"": null, ""end_line"": 2659, ""owner"": null, ""path"": ""sshpilot/connection_dialog.py"", ""start_byte"": null, ""start_line"": 2659}"	P00840
human-python-3478506066-2888257815:ruff-python-swallowed:153	2	human-python-3478506066-2888257815:ruff-python-swallowed	natural:human-python-3478506066-2888257815:ruff-python-swallowed:153	BLE001:sshpilot/connection_dialog.py:2667:16:Do not catch blind exception: `Exception`	"{""end_byte"": null, ""end_line"": 2667, ""owner"": null, ""path"": ""sshpilot/connection_dialog.py"", ""start_byte"": null, ""start_line"": 2667}"	P00607
human-python-3478506066-2888257815:ruff-python-swallowed:154	2	human-python-3478506066-2888257815:ruff-python-swallowed	natural:human-python-3478506066-2888257815:ruff-python-swallowed:154	S110:sshpilot/connection_dialog.py:2680:13:`try`-`except`-`pass` detected, consider logging the exception	"{""end_byte"": null, ""end_line"": 2680, ""owner"": null, ""path"": ""sshpilot/connection_dialog.py"", ""start_byte"": null, ""start_line"": 2680}"	P01957
human-python-3478506066-2888257815:ruff-python-swallowed:155	2	human-python-3478506066-2888257815:ruff-python-swallowed	natural:human-python-3478506066-2888257815:ruff-python-swallowed:155	BLE001:sshpilot/connection_dialog.py:2680:20:Do not catch blind exception: `Exception`	"{""end_byte"": null, ""end_line"": 2680, ""owner"": null, ""path"": ""sshpilot/connection_dialog.py"", ""start_byte"": null, ""start_line"": 2680}"	P01833
human-python-3478506066-2888257815:ruff-python-swallowed:156	2	human-python-3478506066-2888257815:ruff-python-swallowed	natural:human-python-3478506066-2888257815:ruff-python-swallowed:156	BLE001:sshpilot/connection_dialog.py:2702:16:Do not catch blind exception: `Exception`	"{""end_byte"": null, ""end_line"": 2702, ""owner"": null, ""path"": ""sshpilot/connection_dialog.py"", ""start_byte"": null, ""start_line"": 2702}"	P00207
human-python-3478506066-2888257815:ruff-python-swallowed:157	2	human-python-3478506066-2888257815:ruff-python-swallowed	natural:human-python-3478506066-2888257815:ruff-python-swallowed:157	BLE001:sshpilot/connection_dialog.py:2792:16:Do not catch blind exception: `Exception`	"{""end_byte"": null, ""end_line"": 2792, ""owner"": null, ""path"": ""sshpilot/connection_dialog.py"", ""start_byte"": null, ""start_line"": 2792}"	P02029
human-python-3478506066-2888257815:ruff-python-swallowed:158	2	human-python-3478506066-2888257815:ruff-python-swallowed	natural:human-python-3478506066-2888257815:ruff-python-swallowed:158	S110:sshpilot/connection_dialog.py:2852:9:`try`-`except`-`pass` detected, consider logging the exception	"{""end_byte"": null, ""end_line"": 2852, ""owner"": null, ""path"": ""sshpilot/connection_dialog.py"", ""start_byte"": null, ""start_line"": 2852}"	P01852
human-python-3478506066-2888257815:ruff-python-swallowed:159	2	human-python-3478506066-2888257815:ruff-python-swallowed	natural:human-python-3478506066-2888257815:ruff-python-swallowed:159	BLE001:sshpilot/connection_dialog.py:2852:16:Do not catch blind exception: `Exception`	"{""end_byte"": null, ""end_line"": 2852, ""owner"": null, ""path"": ""sshpilot/connection_dialog.py"", ""start_byte"": null, ""start_line"": 2852}"	P01623
human-python-3478506066-2888257815:ruff-python-swallowed:160	2	human-python-3478506066-2888257815:ruff-python-swallowed	natural:human-python-3478506066-2888257815:ruff-python-swallowed:160	S110:sshpilot/connection_dialog.py:2864:9:`try`-`except`-`pass` detected, consider logging the exception	"{""end_byte"": null, ""end_line"": 2864, ""owner"": null, ""path"": ""sshpilot/connection_dialog.py"", ""start_byte"": null, ""start_line"": 2864}"	P01658
human-python-3478506066-2888257815:ruff-python-swallowed:161	2	human-python-3478506066-2888257815:ruff-python-swallowed	natural:human-python-3478506066-2888257815:ruff-python-swallowed:161	BLE001:sshpilot/connection_dialog.py:2864:16:Do not catch blind exception: `Exception`	"{""end_byte"": null, ""end_line"": 2864, ""owner"": null, ""path"": ""sshpilot/connection_dialog.py"", ""start_byte"": null, ""start_line"": 2864}"	P00178
human-python-3478506066-2888257815:ruff-python-swallowed:162	2	human-python-3478506066-2888257815:ruff-python-swallowed	natural:human-python-3478506066-2888257815:ruff-python-swallowed:162	BLE001:sshpilot/connection_dialog.py:2904:20:Do not catch blind exception: `Exception`	"{""end_byte"": null, ""end_line"": 2904, ""owner"": null, ""path"": ""sshpilot/connection_dialog.py"", ""start_byte"": null, ""start_line"": 2904}"	P01862
human-python-3478506066-2888257815:ruff-python-swallowed:163	2	human-python-3478506066-2888257815:ruff-python-swallowed	natural:human-python-3478506066-2888257815:ruff-python-swallowed:163	BLE001:sshpilot/connection_dialog.py:2911:24:Do not catch blind exception: `Exception`	"{""end_byte"": null, ""end_line"": 2911, ""owner"": null, ""path"": ""sshpilot/connection_dialog.py"", ""start_byte"": null, ""start_line"": 2911}"	P00369
human-python-3478506066-2888257815:ruff-python-swallowed:164	2	human-python-3478506066-2888257815:ruff-python-swallowed	natural:human-python-3478506066-2888257815:ruff-python-swallowed:164	BLE001:sshpilot/connection_dialog.py:2917:24:Do not catch blind exception: `Exception`	"{""end_byte"": null, ""end_line"": 2917, ""owner"": null, ""path"": ""sshpilot/connection_dialog.py"", ""start_byte"": null, ""start_line"": 2917}"	P00522
human-python-3478506066-2888257815:ruff-python-swallowed:165	2	human-python-3478506066-2888257815:ruff-python-swallowed	natural:human-python-3478506066-2888257815:ruff-python-swallowed:165	BLE001:sshpilot/connection_dialog.py:2964:28:Do not catch blind exception: `Exception`	"{""end_byte"": null, ""end_line"": 2964, ""owner"": null, ""path"": ""sshpilot/connection_dialog.py"", ""start_byte"": null, ""start_line"": 2964}"	P02121
human-python-3478506066-2888257815:ruff-python-swallowed:166	2	human-python-3478506066-2888257815:ruff-python-swallowed	natural:human-python-3478506066-2888257815:ruff-python-swallowed:166	BLE001:sshpilot/connection_dialog.py:2971:28:Do not catch blind exception: `Exception`	"{""end_byte"": null, ""end_line"": 2971, ""owner"": null, ""path"": ""sshpilot/connection_dialog.py"", ""start_byte"": null, ""start_line"": 2971}"	P00819
human-python-3478506066-2888257815:ruff-python-swallowed:167	2	human-python-3478506066-2888257815:ruff-python-swallowed	natural:human-python-3478506066-2888257815:ruff-python-swallowed:167	BLE001:sshpilot/connection_dialog.py:2979:28:Do not catch blind exception: `Exception`	"{""end_byte"": null, ""end_line"": 2979, ""owner"": null, ""path"": ""sshpilot/connection_dialog.py"", ""start_byte"": null, ""start_line"": 2979}"	P00650
human-python-3478506066-2888257815:ruff-python-swallowed:168	2	human-python-3478506066-2888257815:ruff-python-swallowed	natural:human-python-3478506066-2888257815:ruff-python-swallowed:168	BLE001:sshpilot/connection_dialog.py:2986:28:Do not catch blind exception: `Exception`	"{""end_byte"": null, ""end_line"": 2986, ""owner"": null, ""path"": ""sshpilot/connection_dialog.py"", ""start_byte"": null, ""start_line"": 2986}"	P00799
human-python-3478506066-2888257815:ruff-python-swallowed:169	2	human-python-3478506066-2888257815:ruff-python-swallowed	natural:human-python-3478506066-2888257815:ruff-python-swallowed:169	BLE001:sshpilot/connection_dialog.py:2994:28:Do not catch blind exception: `Exception`	"{""end_byte"": null, ""end_line"": 2994, ""owner"": null, ""path"": ""sshpilot/connection_dialog.py"", ""start_byte"": null, ""start_line"": 2994}"	P01972
human-python-3478506066-2888257815:ruff-python-swallowed:170	2	human-python-3478506066-2888257815:ruff-python-swallowed	natural:human-python-3478506066-2888257815:ruff-python-swallowed:170	S110:sshpilot/connection_dialog.py:2996:13:`try`-`except`-`pass` detected, consider logging the exception	"{""end_byte"": null, ""end_line"": 2996, ""owner"": null, ""path"": ""sshpilot/connection_dialog.py"", ""start_byte"": null, ""start_line"": 2996}"	P01358
human-python-3478506066-2888257815:ruff-python-swallowed:171	2	human-python-3478506066-2888257815:ruff-python-swallowed	natural:human-python-3478506066-2888257815:ruff-python-swallowed:171	BLE001:sshpilot/connection_dialog.py:2996:20:Do not catch blind exception: `Exception`	"{""end_byte"": null, ""end_line"": 2996, ""owner"": null, ""path"": ""sshpilot/connection_dialog.py"", ""start_byte"": null, ""start_line"": 2996}"	P00510
human-python-3478506066-2888257815:ruff-python-swallowed:172	2	human-python-3478506066-2888257815:ruff-python-swallowed	natural:human-python-3478506066-2888257815:ruff-python-swallowed:172	BLE001:sshpilot/connection_dialog.py:3021:16:Do not catch blind exception: `Exception`	"{""end_byte"": null, ""end_line"": 3021, ""owner"": null, ""path"": ""sshpilot/connection_dialog.py"", ""start_byte"": null, ""start_line"": 3021}"	P00249
human-python-3478506066-2888257815:ruff-python-swallowed:173	2	human-python-3478506066-2888257815:ruff-python-swallowed	natural:human-python-3478506066-2888257815:ruff-python-swallowed:173	BLE001:sshpilot/connection_dialog.py:3051:20:Do not catch blind exception: `Exception`	"{""end_byte"": null, ""end_line"": 3051, ""owner"": null, ""path"": ""sshpilot/connection_dialog.py"", ""start_byte"": null, ""start_line"": 3051}"	P00304
human-python-3478506066-2888257815:ruff-python-swallowed:174	2	human-python-3478506066-2888257815:ruff-python-swallowed	natural:human-python-3478506066-2888257815:ruff-python-swallowed:174	BLE001:sshpilot/connection_dialog.py:3065:20:Do not catch blind exception: `Exception`	"{""end_byte"": null, ""end_line"": 3065, ""owner"": null, ""path"": ""sshpilot/connection_dialog.py"", ""start_byte"": null, ""start_line"": 3065}"	P00908
human-python-3478506066-2888257815:ruff-python-swallowed:175	2	human-python-3478506066-2888257815:ruff-python-swallowed	natural:human-python-3478506066-2888257815:ruff-python-swallowed:175	BLE001:sshpilot/connection_dialog.py:3072:20:Do not catch blind exception: `Exception`	"{""end_byte"": null, ""end_line"": 3072, ""owner"": null, ""path"": ""sshpilot/connection_dialog.py"", ""start_byte"": null, ""start_line"": 3072}"	P02078
human-python-3478506066-2888257815:ruff-python-swallowed:176	2	human-python-3478506066-2888257815:ruff-python-swallowed	natural:human-python-3478506066-2888257815:ruff-python-swallowed:176	BLE001:sshpilot/connection_dialog.py:3186:20:Do not catch blind exception: `Exception`	"{""end_byte"": null, ""end_line"": 3186, ""owner"": null, ""path"": ""sshpilot/connection_dialog.py"", ""start_byte"": null, ""start_line"": 3186}"	P01152
human-python-3478506066-2888257815:ruff-python-swallowed:177	2	human-python-3478506066-2888257815:ruff-python-swallowed	natural:human-python-3478506066-2888257815:ruff-python-swallowed:177	BLE001:sshpilot/connection_dialog.py:3231:16:Do not catch blind exception: `Exception`	"{""end_byte"": null, ""end_line"": 3231, ""owner"": null, ""path"": ""sshpilot/connection_dialog.py"", ""start_byte"": null, ""start_line"": 3231}"	P01032
human-python-3478506066-2888257815:ruff-python-swallowed:178	2	human-python-3478506066-2888257815:ruff-python-swallowed	natural:human-python-3478506066-2888257815:ruff-python-swallowed:178	S110:sshpilot/connection_dialog.py:3236:13:`try`-`except`-`pass` detected, consider logging the exception	"{""end_byte"": null, ""end_line"": 3236, ""owner"": null, ""path"": ""sshpilot/connection_dialog.py"", ""start_byte"": null, ""start_line"": 3236}"	P00772
human-python-3478506066-2888257815:ruff-python-swallowed:179	2	human-python-3478506066-2888257815:ruff-python-swallowed	natural:human-python-3478506066-2888257815:ruff-python-swallowed:179	BLE001:sshpilot/connection_dialog.py:3236:20:Do not catch blind exception: `Exception`	"{""end_byte"": null, ""end_line"": 3236, ""owner"": null, ""path"": ""sshpilot/connection_dialog.py"", ""start_byte"": null, ""start_line"": 3236}"	P00003
human-python-3478506066-2888257815:ruff-python-swallowed:180	2	human-python-3478506066-2888257815:ruff-python-swallowed	natural:human-python-3478506066-2888257815:ruff-python-swallowed:180	S110:sshpilot/connection_dialog.py:3256:9:`try`-`except`-`pass` detected, consider logging the exception	"{""end_byte"": null, ""end_line"": 3256, ""owner"": null, ""path"": ""sshpilot/connection_dialog.py"", ""start_byte"": null, ""start_line"": 3256}"	P00398
human-python-3478506066-2888257815:ruff-python-swallowed:181	2	human-python-3478506066-2888257815:ruff-python-swallowed	natural:human-python-3478506066-2888257815:ruff-python-swallowed:181	BLE001:sshpilot/connection_dialog.py:3256:16:Do not catch blind exception: `Exception`	"{""end_byte"": null, ""end_line"": 3256, ""owner"": null, ""path"": ""sshpilot/connection_dialog.py"", ""start_byte"": null, ""start_line"": 3256}"	P01876
human-python-3478506066-2888257815:ruff-python-swallowed:182	2	human-python-3478506066-2888257815:ruff-python-swallowed	natural:human-python-3478506066-2888257815:ruff-python-swallowed:182	BLE001:sshpilot/connection_dialog.py:3262:16:Do not catch blind exception: `Exception`	"{""end_byte"": null, ""end_line"": 3262, ""owner"": null, ""path"": ""sshpilot/connection_dialog.py"", ""start_byte"": null, ""start_line"": 3262}"	P00849
human-python-3478506066-2888257815:ruff-python-swallowed:183	2	human-python-3478506066-2888257815:ruff-python-swallowed	natural:human-python-3478506066-2888257815:ruff-python-swallowed:183	BLE001:sshpilot/connection_dialog.py:3280:16:Do not catch blind exception: `Exception`	"{""end_byte"": null, ""end_line"": 3280, ""owner"": null, ""path"": ""sshpilot/connection_dialog.py"", ""start_byte"": null, ""start_line"": 3280}"	P00723
human-python-3478506066-2888257815:ruff-python-swallowed:184	2	human-python-3478506066-2888257815:ruff-python-swallowed	natural:human-python-3478506066-2888257815:ruff-python-swallowed:184	BLE001:sshpilot/connection_dialog.py:3303:20:Do not catch blind exception: `Exception`	"{""end_byte"": null, ""end_line"": 3303, ""owner"": null, ""path"": ""sshpilot/connection_dialog.py"", ""start_byte"": null, ""start_line"": 3303}"	P00397
human-python-3478506066-2888257815:ruff-python-swallowed:185	2	human-python-3478506066-2888257815:ruff-python-swallowed	natural:human-python-3478506066-2888257815:ruff-python-swallowed:185	BLE001:sshpilot/connection_dialog.py:3327:16:Do not catch blind exception: `Exception`	"{""end_byte"": null, ""end_line"": 3327, ""owner"": null, ""path"": ""sshpilot/connection_dialog.py"", ""start_byte"": null, ""start_line"": 3327}"	P01693
human-python-3478506066-2888257815:ruff-python-swallowed:186	2	human-python-3478506066-2888257815:ruff-python-swallowed	natural:human-python-3478506066-2888257815:ruff-python-swallowed:186	BLE001:sshpilot/connection_dialog.py:3337:20:Do not catch blind exception: `Exception`	"{""end_byte"": null, ""end_line"": 3337, ""owner"": null, ""path"": ""sshpilot/connection_dialog.py"", ""start_byte"": null, ""start_line"": 3337}"	P00491
human-python-3478506066-2888257815:ruff-python-swallowed:187	2	human-python-3478506066-2888257815:ruff-python-swallowed	natural:human-python-3478506066-2888257815:ruff-python-swallowed:187	BLE001:sshpilot/connection_dialog.py:3349:16:Do not catch blind exception: `Exception`	"{""end_byte"": null, ""end_line"": 3349, ""owner"": null, ""path"": ""sshpilot/connection_dialog.py"", ""start_byte"": null, ""start_line"": 3349}"	P01242
human-python-3478506066-2888257815:ruff-python-swallowed:188	2	human-python-3478506066-2888257815:ruff-python-swallowed	natural:human-python-3478506066-2888257815:ruff-python-swallowed:188	S110:sshpilot/connection_dialog.py:3388:13:`try`-`except`-`pass` detected, consider logging the exception	"{""end_byte"": null, ""end_line"": 3388, ""owner"": null, ""path"": ""sshpilot/connection_dialog.py"", ""start_byte"": null, ""start_line"": 3388}"	P00275
human-python-3478506066-2888257815:ruff-python-swallowed:189	2	human-python-3478506066-2888257815:ruff-python-swallowed	natural:human-python-3478506066-2888257815:ruff-python-swallowed:189	BLE001:sshpilot/connection_dialog.py:3388:20:Do not catch blind exception: `Exception`	"{""end_byte"": null, ""end_line"": 3388, ""owner"": null, ""path"": ""sshpilot/connection_dialog.py"", ""start_byte"": null, ""start_line"": 3388}"	P00858
human-python-3478506066-2888257815:ruff-python-swallowed:190	2	human-python-3478506066-2888257815:ruff-python-swallowed	natural:human-python-3478506066-2888257815:ruff-python-swallowed:190	S110:sshpilot/connection_dialog.py:3449:13:`try`-`except`-`pass` detected, consider logging the exception	"{""end_byte"": null, ""end_line"": 3449, ""owner"": null, ""path"": ""sshpilot/connection_dialog.py"", ""start_byte"": null, ""start_line"": 3449}"	P01778
human-python-3478506066-2888257815:ruff-python-swallowed:191	2	human-python-3478506066-2888257815:ruff-python-swallowed	natural:human-python-3478506066-2888257815:ruff-python-swallowed:191	BLE001:sshpilot/connection_dialog.py:3449:20:Do not catch blind exception: `Exception`	"{""end_byte"": null, ""end_line"": 3449, ""owner"": null, ""path"": ""sshpilot/connection_dialog.py"", ""start_byte"": null, ""start_line"": 3449}"	P00298
human-python-3478506066-2888257815:ruff-python-swallowed:192	2	human-python-3478506066-2888257815:ruff-python-swallowed	natural:human-python-3478506066-2888257815:ruff-python-swallowed:192	S110:sshpilot/connection_dialog.py:3484:9:`try`-`except`-`pass` detected, consider logging the exception	"{""end_byte"": null, ""end_line"": 3484, ""owner"": null, ""path"": ""sshpilot/connection_dialog.py"", ""start_byte"": null, ""start_line"": 3484}"	P00283
human-python-3478506066-2888257815:ruff-python-swallowed:193	2	human-python-3478506066-2888257815:ruff-python-swallowed	natural:human-python-3478506066-2888257815:ruff-python-swallowed:193	BLE001:sshpilot/connection_dialog.py:3484:16:Do not catch blind exception: `Exception`	"{""end_byte"": null, ""end_line"": 3484, ""owner"": null, ""path"": ""sshpilot/connection_dialog.py"", ""start_byte"": null, ""start_line"": 3484}"	P00977
human-python-3478506066-2888257815:ruff-python-swallowed:194	2	human-python-3478506066-2888257815:ruff-python-swallowed	natural:human-python-3478506066-2888257815:ruff-python-swallowed:194	S110:sshpilot/connection_dialog.py:3543:9:`try`-`except`-`pass` detected, consider logging the exception	"{""end_byte"": null, ""end_line"": 3543, ""owner"": null, ""path"": ""sshpilot/connection_dialog.py"", ""start_byte"": null, ""start_line"": 3543}"	P00586
human-python-3478506066-2888257815:ruff-python-swallowed:195	2	human-python-3478506066-2888257815:ruff-python-swallowed	natural:human-python-3478506066-2888257815:ruff-python-swallowed:195	BLE001:sshpilot/connection_dialog.py:3543:16:Do not catch blind exception: `Exception`	"{""end_byte"": null, ""end_line"": 3543, ""owner"": null, ""path"": ""sshpilot/connection_dialog.py"", ""start_byte"": null, ""start_line"": 3543}"	P02146
human-python-3478506066-2888257815:ruff-python-swallowed:196	2	human-python-3478506066-2888257815:ruff-python-swallowed	natural:human-python-3478506066-2888257815:ruff-python-swallowed:196	BLE001:sshpilot/connection_dialog.py:3577:16:Do not catch blind exception: `Exception`	"{""end_byte"": null, ""end_line"": 3577, ""owner"": null, ""path"": ""sshpilot/connection_dialog.py"", ""start_byte"": null, ""start_line"": 3577}"	P01366
agent-python-3251895270:ruff-python-injection:1	2	agent-python-3251895270:ruff-python-injection	natural:agent-python-3251895270:ruff-python-injection:1	S608:api/api_helpers.py:236:13:Possible SQL injection vector through string-based query construction	"{""end_byte"": null, ""end_line"": 236, ""owner"": null, ""path"": ""api/api_helpers.py"", ""start_byte"": null, ""start_line"": 236}"	P01914
agent-python-3251895270:ruff-python-injection:2	2	agent-python-3251895270:ruff-python-injection	natural:agent-python-3251895270:ruff-python-injection:2	S608:api/scenario_runner.py:82:13:Possible SQL injection vector through string-based query construction	"{""end_byte"": null, ""end_line"": 82, ""owner"": null, ""path"": ""api/scenario_runner.py"", ""start_byte"": null, ""start_line"": 82}"	P01304
agent-python-3251895270:ruff-python-injection:3	2	agent-python-3251895270:ruff-python-injection	natural:agent-python-3251895270:ruff-python-injection:3	S608:api/scenario_runner.py:543:13:Possible SQL injection vector through string-based query construction	"{""end_byte"": null, ""end_line"": 543, ""owner"": null, ""path"": ""api/scenario_runner.py"", ""start_byte"": null, ""start_line"": 543}"	P01700
agent-python-3251895270:ruff-python-injection:4	2	agent-python-3251895270:ruff-python-injection	natural:agent-python-3251895270:ruff-python-injection:4	S602:lib/scenario_runner.py:457:9:`subprocess` call with `shell=True` seems safe, but may be changed in the future; consider rewriting without `shell`	"{""end_byte"": null, ""end_line"": 457, ""owner"": null, ""path"": ""lib/scenario_runner.py"", ""start_byte"": null, ""start_line"": 457}"	P00440
agent-python-3251895270:ruff-python-injection:5	2	agent-python-3251895270:ruff-python-injection	natural:agent-python-3251895270:ruff-python-injection:5	S602:lib/scenario_runner.py:466:13:`subprocess` call with `shell=True` seems safe, but may be changed in the future; consider rewriting without `shell`	"{""end_byte"": null, ""end_line"": 466, ""owner"": null, ""path"": ""lib/scenario_runner.py"", ""start_byte"": null, ""start_line"": 466}"	P00802
agent-python-3251895270:ruff-python-injection:6	2	agent-python-3251895270:ruff-python-injection	natural:agent-python-3251895270:ruff-python-injection:6	S602:lib/scenario_runner.py:467:13:`subprocess` call with `shell=True` seems safe, but may be changed in the future; consider rewriting without `shell`	"{""end_byte"": null, ""end_line"": 467, ""owner"": null, ""path"": ""lib/scenario_runner.py"", ""start_byte"": null, ""start_line"": 467}"	P01323
agent-python-3251895270:ruff-python-injection:7	2	agent-python-3251895270:ruff-python-injection	natural:agent-python-3251895270:ruff-python-injection:7	S602:lib/scenario_runner.py:746:22:`subprocess` call with `shell=True` identified, security issue	"{""end_byte"": null, ""end_line"": 746, ""owner"": null, ""path"": ""lib/scenario_runner.py"", ""start_byte"": null, ""start_line"": 746}"	P00499
agent-python-3251895270:ruff-python-swallowed:1	2	agent-python-3251895270:ruff-python-swallowed	natural:agent-python-3251895270:ruff-python-swallowed:1	BLE001:lib/scenario_runner.py:1564:20:Do not catch blind exception: `Exception`	"{""end_byte"": null, ""end_line"": 1564, ""owner"": null, ""path"": ""lib/scenario_runner.py"", ""start_byte"": null, ""start_line"": 1564}"	P01590
agent-python-3251895270:ruff-python-swallowed:2	2	agent-python-3251895270:ruff-python-swallowed	natural:agent-python-3251895270:ruff-python-swallowed:2	BLE001:lib/scenario_runner.py:1792:24:Do not catch blind exception: `Exception`	"{""end_byte"": null, ""end_line"": 1792, ""owner"": null, ""path"": ""lib/scenario_runner.py"", ""start_byte"": null, ""start_line"": 1792}"	P01456
human-python-3251895270-2846112780:ruff-python-injection:1	2	human-python-3251895270-2846112780:ruff-python-injection	natural:human-python-3251895270-2846112780:ruff-python-injection:1	S608:api/main.py:205:13:Possible SQL injection vector through string-based query construction	"{""end_byte"": null, ""end_line"": 205, ""owner"": null, ""path"": ""api/main.py"", ""start_byte"": null, ""start_line"": 205}"	P00726
human-python-3251895270-2846112780:ruff-python-swallowed:1	2	human-python-3251895270-2846112780:ruff-python-swallowed	natural:human-python-3251895270-2846112780:ruff-python-swallowed:1	BLE001:api/main.py:75:12:Do not catch blind exception: `Exception`	"{""end_byte"": null, ""end_line"": 75, ""owner"": null, ""path"": ""api/main.py"", ""start_byte"": null, ""start_line"": 75}"	P00743
human-python-3431807788-2861466861:shipped-escapes:1	2	human-python-3431807788-2861466861:shipped-escapes	natural:human-python-3431807788-2861466861:shipped-escapes:1	bd3451d038d2cd95	"{""end_byte"": null, ""end_line"": 23, ""owner"": null, ""path"": ""examples/autogen/agentchat/autogen_mcp_2/autogen_mcp_2.py"", ""start_byte"": null, ""start_line"": 23}"	P01587
human-python-3431807788-2861466861:shipped-test-skip:1	2	human-python-3431807788-2861466861:shipped-test-skip	natural:human-python-3431807788-2861466861:shipped-test-skip:1	bd3451d038d2cd95	"{""end_byte"": null, ""end_line"": 23, ""owner"": null, ""path"": ""examples/autogen/agentchat/autogen_mcp_2/autogen_mcp_2.py"", ""start_byte"": null, ""start_line"": 23}"	P00855
human-python-3431807788-2861466861:ruff-python-swallowed:1	2	human-python-3431807788-2861466861:ruff-python-swallowed	natural:human-python-3431807788-2861466861:ruff-python-swallowed:1	S112:agentic_radar/analysis/ast_utils.py:296:13:`try`-`except`-`continue` detected, consider logging the exception	"{""end_byte"": null, ""end_line"": 296, ""owner"": null, ""path"": ""agentic_radar/analysis/ast_utils.py"", ""start_byte"": null, ""start_line"": 296}"	P01326
human-python-3431807788-2861466861:ruff-python-swallowed:2	2	human-python-3431807788-2861466861:ruff-python-swallowed	natural:human-python-3431807788-2861466861:ruff-python-swallowed:2	BLE001:agentic_radar/analysis/ast_utils.py:296:20:Do not catch blind exception: `Exception`	"{""end_byte"": null, ""end_line"": 296, ""owner"": null, ""path"": ""agentic_radar/analysis/ast_utils.py"", ""start_byte"": null, ""start_line"": 296}"	P00728
agent-python-3201428116:shipped-escapes:1	2	agent-python-3201428116:shipped-escapes	natural:agent-python-3201428116:shipped-escapes:1	289ef223d3265c8a	"{""end_byte"": null, ""end_line"": 122, ""owner"": null, ""path"": ""tests/test_rubric_group.py"", ""start_byte"": null, ""start_line"": 122}"	P00730
agent-python-3201428116:shipped-test-skip:1	2	agent-python-3201428116:shipped-test-skip	natural:agent-python-3201428116:shipped-test-skip:1	289ef223d3265c8a	"{""end_byte"": null, ""end_line"": 122, ""owner"": null, ""path"": ""tests/test_rubric_group.py"", ""start_byte"": null, ""start_line"": 122}"	P00594
human-python-3201428116-2731966064:shipped-escapes:1	2	human-python-3201428116-2731966064:shipped-escapes	natural:human-python-3201428116-2731966064:shipped-escapes:1	521271c81cc9a7cf	"{""end_byte"": null, ""end_line"": 6, ""owner"": null, ""path"": ""verifiers/utils/data_utils.py"", ""start_byte"": null, ""start_line"": 6}"	P02006
human-python-3201428116-2731966064:shipped-test-skip:1	2	human-python-3201428116-2731966064:shipped-test-skip	natural:human-python-3201428116-2731966064:shipped-test-skip:1	521271c81cc9a7cf	"{""end_byte"": null, ""end_line"": 6, ""owner"": null, ""path"": ""verifiers/utils/data_utils.py"", ""start_byte"": null, ""start_line"": 6}"	P01070
human-python-3201428116-2731966064:ruff-python-swallowed:1	2	human-python-3201428116-2731966064:ruff-python-swallowed	natural:human-python-3201428116-2731966064:ruff-python-swallowed:1	BLE001:verifiers/scripts/eval.py:152:12:Do not catch blind exception: `Exception`	"{""end_byte"": null, ""end_line"": 152, ""owner"": null, ""path"": ""verifiers/scripts/eval.py"", ""start_byte"": null, ""start_line"": 152}"	P01379
agent-python-3435741365:shipped-escapes:1	2	agent-python-3435741365:shipped-escapes	natural:agent-python-3435741365:shipped-escapes:1	446546f214944443	"{""end_byte"": null, ""end_line"": 27, ""owner"": null, ""path"": ""lib/onetime/cli/migrate_redis_data_command.rb"", ""start_byte"": null, ""start_line"": 27}"	P00447
agent-python-3435741365:shipped-escapes:2	2	agent-python-3435741365:shipped-escapes	natural:agent-python-3435741365:shipped-escapes:2	0a0d4efbb79d3572	"{""end_byte"": null, ""end_line"": 28, ""owner"": null, ""path"": ""lib/onetime/initializers/detect_legacy_data.rb"", ""start_byte"": null, ""start_line"": 28}"	P01968
agent-python-3435741365:shipped-test-skip:1	2	agent-python-3435741365:shipped-test-skip	natural:agent-python-3435741365:shipped-test-skip:1	446546f214944443	"{""end_byte"": null, ""end_line"": 27, ""owner"": null, ""path"": ""lib/onetime/cli/migrate_redis_data_command.rb"", ""start_byte"": null, ""start_line"": 27}"	P02077
agent-python-3435741365:shipped-test-skip:2	2	agent-python-3435741365:shipped-test-skip	natural:agent-python-3435741365:shipped-test-skip:2	0a0d4efbb79d3572	"{""end_byte"": null, ""end_line"": 28, ""owner"": null, ""path"": ""lib/onetime/initializers/detect_legacy_data.rb"", ""start_byte"": null, ""start_line"": 28}"	P01459
agent-python-3136525932:ruff-python-swallowed:1	2	agent-python-3136525932:ruff-python-swallowed	natural:agent-python-3136525932:ruff-python-swallowed:1	BLE001:handlers/wavetable_param_editor_handler_class.py:166:20:Do not catch blind exception: `Exception`	"{""end_byte"": null, ""end_line"": 166, ""owner"": null, ""path"": ""handlers/wavetable_param_editor_handler_class.py"", ""start_byte"": null, ""start_line"": 166}"	P01672
agent-python-3136525932:ruff-python-swallowed:2	2	agent-python-3136525932:ruff-python-swallowed	natural:agent-python-3136525932:ruff-python-swallowed:2	BLE001:handlers/wavetable_param_editor_handler_class.py:227:24:Do not catch blind exception: `Exception`	"{""end_byte"": null, ""end_line"": 227, ""owner"": null, ""path"": ""handlers/wavetable_param_editor_handler_class.py"", ""start_byte"": null, ""start_line"": 227}"	P00589
agent-python-3136525932:ruff-python-swallowed:3	2	agent-python-3136525932:ruff-python-swallowed	natural:agent-python-3136525932:ruff-python-swallowed:3	BLE001:handlers/wavetable_param_editor_handler_class.py:280:24:Do not catch blind exception: `Exception`	"{""end_byte"": null, ""end_line"": 280, ""owner"": null, ""path"": ""handlers/wavetable_param_editor_handler_class.py"", ""start_byte"": null, ""start_line"": 280}"	P00422
agent-python-3136525932:ruff-python-swallowed:4	2	agent-python-3136525932:ruff-python-swallowed	natural:agent-python-3136525932:ruff-python-swallowed:4	BLE001:handlers/wavetable_param_editor_handler_class.py:1289:20:Do not catch blind exception: `Exception`	"{""end_byte"": null, ""end_line"": 1289, ""owner"": null, ""path"": ""handlers/wavetable_param_editor_handler_class.py"", ""start_byte"": null, ""start_line"": 1289}"	P01518
agent-python-3327267830:shipped-escapes:1	2	agent-python-3327267830:shipped-escapes	natural:agent-python-3327267830:shipped-escapes:1	1e9b267567b4a9df	"{""end_byte"": null, ""end_line"": 32, ""owner"": null, ""path"": ""app/components/DonateDialog.py"", ""start_byte"": null, ""start_line"": 32}"	P00820
agent-python-3327267830:shipped-escapes:2	2	agent-python-3327267830:shipped-escapes	natural:agent-python-3327267830:shipped-escapes:2	04f19a20d5958594	"{""end_byte"": null, ""end_line"": 42, ""owner"": null, ""path"": ""app/components/DonateDialog.py"", ""start_byte"": null, ""start_line"": 42}"	P00317
agent-python-3327267830:shipped-escapes:3	2	agent-python-3327267830:shipped-escapes	natural:agent-python-3327267830:shipped-escapes:3	dd90380a76c2aea8	"{""end_byte"": null, ""end_line"": 46, ""owner"": null, ""path"": ""app/components/DonateDialog.py"", ""start_byte"": null, ""start_line"": 46}"	P00644
agent-python-3327267830:shipped-escapes:4	2	agent-python-3327267830:shipped-escapes	natural:agent-python-3327267830:shipped-escapes:4	500152f992b1e934	"{""end_byte"": null, ""end_line"": 47, ""owner"": null, ""path"": ""app/components/DonateDialog.py"", ""start_byte"": null, ""start_line"": 47}"	P01986
agent-python-3327267830:shipped-escapes:5	2	agent-python-3327267830:shipped-escapes	natural:agent-python-3327267830:shipped-escapes:5	50e4fa9a580261c4	"{""end_byte"": null, ""end_line"": 59, ""owner"": null, ""path"": ""app/components/DonateDialog.py"", ""start_byte"": null, ""start_line"": 59}"	P00099
agent-python-3327267830:shipped-escapes:6	2	agent-python-3327267830:shipped-escapes	natural:agent-python-3327267830:shipped-escapes:6	804556e5cfbe1bf4	"{""end_byte"": null, ""end_line"": 60, ""owner"": null, ""path"": ""app/components/DonateDialog.py"", ""start_byte"": null, ""start_line"": 60}"	P01989
agent-python-3327267830:shipped-escapes:7	2	agent-python-3327267830:shipped-escapes	natural:agent-python-3327267830:shipped-escapes:7	978e82f9b373e106	"{""end_byte"": null, ""end_line"": 34, ""owner"": null, ""path"": ""app/components/EditComboBoxSettingCard.py"", ""start_byte"": null, ""start_line"": 34}"	P01818
agent-python-3327267830:shipped-escapes:8	2	agent-python-3327267830:shipped-escapes	natural:agent-python-3327267830:shipped-escapes:8	0bca6fb8917f59a4	"{""end_byte"": null, ""end_line"": 355, ""owner"": null, ""path"": ""app/components/FasterWhisperSettingWidget.py"", ""start_byte"": null, ""start_line"": 355}"	P00669
agent-python-3327267830:shipped-escapes:9	2	agent-python-3327267830:shipped-escapes	natural:agent-python-3327267830:shipped-escapes:9	bfb699ecd302a606	"{""end_byte"": null, ""end_line"": 360, ""owner"": null, ""path"": ""app/components/FasterWhisperSettingWidget.py"", ""start_byte"": null, ""start_line"": 360}"	P01421
agent-python-3327267830:shipped-escapes:10	2	agent-python-3327267830:shipped-escapes	natural:agent-python-3327267830:shipped-escapes:10	af138e3cbee91a95	"{""end_byte"": null, ""end_line"": 372, ""owner"": null, ""path"": ""app/components/FasterWhisperSettingWidget.py"", ""start_byte"": null, ""start_line"": 372}"	P01849
agent-python-3327267830:shipped-escapes:11	2	agent-python-3327267830:shipped-escapes	natural:agent-python-3327267830:shipped-escapes:11	743af6d0b9091c21	"{""end_byte"": null, ""end_line"": 373, ""owner"": null, ""path"": ""app/components/FasterWhisperSettingWidget.py"", ""start_byte"": null, ""start_line"": 373}"	P01431
agent-python-3327267830:shipped-escapes:12	2	agent-python-3327267830:shipped-escapes	natural:agent-python-3327267830:shipped-escapes:12	383d2f54907357d4	"{""end_byte"": null, ""end_line"": 660, ""owner"": null, ""path"": ""app/components/FasterWhisperSettingWidget.py"", ""start_byte"": null, ""start_line"": 660}"	P02128
agent-python-3327267830:shipped-escapes:13	2	agent-python-3327267830:shipped-escapes	natural:agent-python-3327267830:shipped-escapes:13	cd0b221ef0bba78c	"{""end_byte"": null, ""end_line"": 750, ""owner"": null, ""path"": ""app/components/FasterWhisperSettingWidget.py"", ""start_byte"": null, ""start_line"": 750}"	P00228
agent-python-3327267830:shipped-escapes:14	2	agent-python-3327267830:shipped-escapes	natural:agent-python-3327267830:shipped-escapes:14	870d9b3c608273c2	"{""end_byte"": null, ""end_line"": 27, ""owner"": null, ""path"": ""app/components/LineEditSettingCard.py"", ""start_byte"": null, ""start_line"": 27}"	P00459
agent-python-3327267830:shipped-escapes:15	2	agent-python-3327267830:shipped-escapes	natural:agent-python-3327267830:shipped-escapes:15	785d7e1f178e0102	"{""end_byte"": null, ""end_line"": 63, ""owner"": null, ""path"": ""app/components/MySettingCard.py"", ""start_byte"": null, ""start_line"": 63}"	P01603
agent-python-3327267830:shipped-escapes:16	2	agent-python-3327267830:shipped-escapes	natural:agent-python-3327267830:shipped-escapes:16	e98946e5be7e9ca0	"{""end_byte"": null, ""end_line"": 66, ""owner"": null, ""path"": ""app/components/MySettingCard.py"", ""start_byte"": null, ""start_line"": 66}"	P00882
agent-python-3327267830:shipped-escapes:17	2	agent-python-3327267830:shipped-escapes	natural:agent-python-3327267830:shipped-escapes:17	81009f262b605a8b	"{""end_byte"": null, ""end_line"": 68, ""owner"": null, ""path"": ""app/components/MySettingCard.py"", ""start_byte"": null, ""start_line"": 68}"	P00411
agent-python-3327267830:shipped-escapes:18	2	agent-python-3327267830:shipped-escapes	natural:agent-python-3327267830:shipped-escapes:18	e54b7e10ed73756a	"{""end_byte"": null, ""end_line"": 72, ""owner"": null, ""path"": ""app/components/MySettingCard.py"", ""start_byte"": null, ""start_line"": 72}"	P00615
agent-python-3327267830:shipped-escapes:19	2	agent-python-3327267830:shipped-escapes	natural:agent-python-3327267830:shipped-escapes:19	fa79d9321fabfae7	"{""end_byte"": null, ""end_line"": 73, ""owner"": null, ""path"": ""app/components/MySettingCard.py"", ""start_byte"": null, ""start_line"": 73}"	P00551
agent-python-3327267830:shipped-escapes:20	2	agent-python-3327267830:shipped-escapes	natural:agent-python-3327267830:shipped-escapes:20	cf0bc88c66fc97ce	"{""end_byte"": null, ""end_line"": 137, ""owner"": null, ""path"": ""app/components/MySettingCard.py"", ""start_byte"": null, ""start_line"": 137}"	P01429
agent-python-3327267830:shipped-escapes:21	2	agent-python-3327267830:shipped-escapes	natural:agent-python-3327267830:shipped-escapes:21	7ec1fbc2e066bfde	"{""end_byte"": null, ""end_line"": 210, ""owner"": null, ""path"": ""app/components/MySettingCard.py"", ""start_byte"": null, ""start_line"": 210}"	P01824
agent-python-3327267830:shipped-escapes:22	2	agent-python-3327267830:shipped-escapes	natural:agent-python-3327267830:shipped-escapes:22	ef61f21da3e7c0d2	"{""end_byte"": null, ""end_line"": 289, ""owner"": null, ""path"": ""app/components/MySettingCard.py"", ""start_byte"": null, ""start_line"": 289}"	P00684
agent-python-3327267830:shipped-escapes:23	2	agent-python-3327267830:shipped-escapes	natural:agent-python-3327267830:shipped-escapes:23	f8ce0a5b71500812	"{""end_byte"": null, ""end_line"": 312, ""owner"": null, ""path"": ""app/components/MySettingCard.py"", ""start_byte"": null, ""start_line"": 312}"	P01563
agent-python-3327267830:shipped-escapes:24	2	agent-python-3327267830:shipped-escapes	natural:agent-python-3327267830:shipped-escapes:24	9e29973ff6c54e0d	"{""end_byte"": null, ""end_line"": 315, ""owner"": null, ""path"": ""app/components/MySettingCard.py"", ""start_byte"": null, ""start_line"": 315}"	P00500
agent-python-3327267830:shipped-escapes:25	2	agent-python-3327267830:shipped-escapes	natural:agent-python-3327267830:shipped-escapes:25	dd74c290b2944645	"{""end_byte"": null, ""end_line"": 304, ""owner"": null, ""path"": ""app/components/MyVideoWidget.py"", ""start_byte"": null, ""start_line"": 304}"	P01836
agent-python-3327267830:shipped-escapes:26	2	agent-python-3327267830:shipped-escapes	natural:agent-python-3327267830:shipped-escapes:26	2af69eb96a255e16	"{""end_byte"": null, ""end_line"": 422, ""owner"": null, ""path"": ""app/components/MyVideoWidget.py"", ""start_byte"": null, ""start_line"": 422}"	P00381
agent-python-3327267830:shipped-escapes:27	2	agent-python-3327267830:shipped-escapes	natural:agent-python-3327267830:shipped-escapes:27	640e4c3976c50df5	"{""end_byte"": null, ""end_line"": 426, ""owner"": null, ""path"": ""app/components/MyVideoWidget.py"", ""start_byte"": null, ""start_line"": 426}"	P00101
agent-python-3327267830:shipped-escapes:28	2	agent-python-3327267830:shipped-escapes	natural:agent-python-3327267830:shipped-escapes:28	055a014551dbea35	"{""end_byte"": null, ""end_line"": 427, ""owner"": null, ""path"": ""app/components/MyVideoWidget.py"", ""start_byte"": null, ""start_line"": 427}"	P02068
agent-python-3327267830:shipped-escapes:29	2	agent-python-3327267830:shipped-escapes	natural:agent-python-3327267830:shipped-escapes:29	62b2180509c9c959	"{""end_byte"": null, ""end_line"": 436, ""owner"": null, ""path"": ""app/components/MyVideoWidget.py"", ""start_byte"": null, ""start_line"": 436}"	P00851
agent-python-3327267830:shipped-escapes:30	2	agent-python-3327267830:shipped-escapes	natural:agent-python-3327267830:shipped-escapes:30	0d8a081e7a404d8c	"{""end_byte"": null, ""end_line"": 441, ""owner"": null, ""path"": ""app/components/MyVideoWidget.py"", ""start_byte"": null, ""start_line"": 441}"	P02066
agent-python-3327267830:shipped-escapes:31	2	agent-python-3327267830:shipped-escapes	natural:agent-python-3327267830:shipped-escapes:31	9152541868d80a16	"{""end_byte"": null, ""end_line"": 442, ""owner"": null, ""path"": ""app/components/MyVideoWidget.py"", ""start_byte"": null, ""start_line"": 442}"	P02105
agent-python-3327267830:shipped-escapes:32	2	agent-python-3327267830:shipped-escapes	natural:agent-python-3327267830:shipped-escapes:32	3a3dd816973514ee	"{""end_byte"": null, ""end_line"": 443, ""owner"": null, ""path"": ""app/components/MyVideoWidget.py"", ""start_byte"": null, ""start_line"": 443}"	P01815
agent-python-3327267830:shipped-escapes:33	2	agent-python-3327267830:shipped-escapes	natural:agent-python-3327267830:shipped-escapes:33	2089eb1ae3a44c9e	"{""end_byte"": null, ""end_line"": 503, ""owner"": null, ""path"": ""app/components/MyVideoWidget.py"", ""start_byte"": null, ""start_line"": 503}"	P00548
agent-python-3327267830:shipped-escapes:34	2	agent-python-3327267830:shipped-escapes	natural:agent-python-3327267830:shipped-escapes:34	9a2f13dd6fb0e796	"{""end_byte"": null, ""end_line"": 507, ""owner"": null, ""path"": ""app/components/MyVideoWidget.py"", ""start_byte"": null, ""start_line"": 507}"	P01755
agent-python-3327267830:shipped-escapes:35	2	agent-python-3327267830:shipped-escapes	natural:agent-python-3327267830:shipped-escapes:35	daf8c7ff4cf31fbd	"{""end_byte"": null, ""end_line"": 523, ""owner"": null, ""path"": ""app/components/MyVideoWidget.py"", ""start_byte"": null, ""start_line"": 523}"	P00853
agent-python-3327267830:shipped-escapes:36	2	agent-python-3327267830:shipped-escapes	natural:agent-python-3327267830:shipped-escapes:36	6fa2b6fdb35d502c	"{""end_byte"": null, ""end_line"": 529, ""owner"": null, ""path"": ""app/components/MyVideoWidget.py"", ""start_byte"": null, ""start_line"": 529}"	P01881
agent-python-3327267830:shipped-escapes:37	2	agent-python-3327267830:shipped-escapes	natural:agent-python-3327267830:shipped-escapes:37	54169889eef5889b	"{""end_byte"": null, ""end_line"": 530, ""owner"": null, ""path"": ""app/components/MyVideoWidget.py"", ""start_byte"": null, ""start_line"": 530}"	P02015
agent-python-3327267830:shipped-escapes:38	2	agent-python-3327267830:shipped-escapes	natural:agent-python-3327267830:shipped-escapes:38	fc6a4519f28343e7	"{""end_byte"": null, ""end_line"": 611, ""owner"": null, ""path"": ""app/components/MyVideoWidget.py"", ""start_byte"": null, ""start_line"": 611}"	P01508
agent-python-3327267830:shipped-escapes:39	2	agent-python-3327267830:shipped-escapes	natural:agent-python-3327267830:shipped-escapes:39	c7f0b6785a131b0f	"{""end_byte"": null, ""end_line"": 613, ""owner"": null, ""path"": ""app/components/MyVideoWidget.py"", ""start_byte"": null, ""start_line"": 613}"	P00469
agent-python-3327267830:shipped-escapes:40	2	agent-python-3327267830:shipped-escapes	natural:agent-python-3327267830:shipped-escapes:40	4a2b1539abdf4c90	"{""end_byte"": null, ""end_line"": 615, ""owner"": null, ""path"": ""app/components/MyVideoWidget.py"", ""start_byte"": null, ""start_line"": 615}"	P00005
agent-python-3327267830:shipped-escapes:41	2	agent-python-3327267830:shipped-escapes	natural:agent-python-3327267830:shipped-escapes:41	c70062acd6ddefb5	"{""end_byte"": null, ""end_line"": 652, ""owner"": null, ""path"": ""app/components/MyVideoWidget.py"", ""start_byte"": null, ""start_line"": 652}"	P01823
agent-python-3327267830:shipped-escapes:42	2	agent-python-3327267830:shipped-escapes	natural:agent-python-3327267830:shipped-escapes:42	1bebc45fb0c24445	"{""end_byte"": null, ""end_line"": 51, ""owner"": null, ""path"": ""app/components/SimpleSettingCard.py"", ""start_byte"": null, ""start_line"": 51}"	P01260
agent-python-3327267830:shipped-escapes:43	2	agent-python-3327267830:shipped-escapes	natural:agent-python-3327267830:shipped-escapes:43	d2c06e3a7ea99a1d	"{""end_byte"": null, ""end_line"": 74, ""owner"": null, ""path"": ""app/components/SimpleSettingCard.py"", ""start_byte"": null, ""start_line"": 74}"	P02120
agent-python-3327267830:shipped-escapes:44	2	agent-python-3327267830:shipped-escapes	natural:agent-python-3327267830:shipped-escapes:44	03ee06aa62ec773f	"{""end_byte"": null, ""end_line"": 77, ""owner"": null, ""path"": ""app/components/SimpleSettingCard.py"", ""start_byte"": null, ""start_line"": 77}"	P01450
agent-python-3327267830:shipped-escapes:45	2	agent-python-3327267830:shipped-escapes	natural:agent-python-3327267830:shipped-escapes:45	506313089fab437d	"{""end_byte"": null, ""end_line"": 38, ""owner"": null, ""path"": ""app/components/SpinBoxSettingCard.py"", ""start_byte"": null, ""start_line"": 38}"	P00062
agent-python-3327267830:shipped-escapes:46	2	agent-python-3327267830:shipped-escapes	natural:agent-python-3327267830:shipped-escapes:46	4f07d3cc4e4f146c	"{""end_byte"": null, ""end_line"": 31, ""owner"": null, ""path"": ""app/components/SubtitleSettingDialog.py"", ""start_byte"": null, ""start_line"": 31}"	P00541
agent-python-3327267830:shipped-escapes:47	2	agent-python-3327267830:shipped-escapes	natural:agent-python-3327267830:shipped-escapes:47	247580c5b296d277	"{""end_byte"": null, ""end_line"": 34, ""owner"": null, ""path"": ""app/components/SubtitleSettingDialog.py"", ""start_byte"": null, ""start_line"": 34}"	P02060
agent-python-3327267830:shipped-escapes:48	2	agent-python-3327267830:shipped-escapes	natural:agent-python-3327267830:shipped-escapes:48	d8ff26376cd0c0b9	"{""end_byte"": null, ""end_line"": 28, ""owner"": null, ""path"": ""app/components/WhisperAPISettingWidget.py"", ""start_byte"": null, ""start_line"": 28}"	P00337
agent-python-3327267830:shipped-escapes:49	2	agent-python-3327267830:shipped-escapes	natural:agent-python-3327267830:shipped-escapes:49	98980f1d26f3e2dd	"{""end_byte"": null, ""end_line"": 62, ""owner"": null, ""path"": ""app/components/WhisperAPISettingWidget.py"", ""start_byte"": null, ""start_line"": 62}"	P01030
agent-python-3327267830:shipped-escapes:50	2	agent-python-3327267830:shipped-escapes	natural:agent-python-3327267830:shipped-escapes:50	528a072813a3c4aa	"{""end_byte"": null, ""end_line"": 347, ""owner"": null, ""path"": ""app/components/WhisperCppSettingWidget.py"", ""start_byte"": null, ""start_line"": 347}"	P00164
agent-python-3327267830:shipped-escapes:51	2	agent-python-3327267830:shipped-escapes	natural:agent-python-3327267830:shipped-escapes:51	2539dc1f6231c258	"{""end_byte"": null, ""end_line"": 352, ""owner"": null, ""path"": ""app/components/WhisperCppSettingWidget.py"", ""start_byte"": null, ""start_line"": 352}"	P01575
agent-python-3327267830:shipped-escapes:52	2	agent-python-3327267830:shipped-escapes	natural:agent-python-3327267830:shipped-escapes:52	ae57504473755f8b	"{""end_byte"": null, ""end_line"": 361, ""owner"": null, ""path"": ""app/components/WhisperCppSettingWidget.py"", ""start_byte"": null, ""start_line"": 361}"	P01523
agent-python-3327267830:shipped-escapes:53	2	agent-python-3327267830:shipped-escapes	natural:agent-python-3327267830:shipped-escapes:53	09ca68beb2b42043	"{""end_byte"": null, ""end_line"": 362, ""owner"": null, ""path"": ""app/components/WhisperCppSettingWidget.py"", ""start_byte"": null, ""start_line"": 362}"	P01735
agent-python-3327267830:shipped-escapes:54	2	agent-python-3327267830:shipped-escapes	natural:agent-python-3327267830:shipped-escapes:54	9559a9ea1974b02a	"{""end_byte"": null, ""end_line"": 499, ""owner"": null, ""path"": ""app/components/WhisperCppSettingWidget.py"", ""start_byte"": null, ""start_line"": 499}"	P01522
agent-python-3327267830:shipped-escapes:55	2	agent-python-3327267830:shipped-escapes	natural:agent-python-3327267830:shipped-escapes:55	0373e8bb0815f7c2	"{""end_byte"": null, ""end_line"": 340, ""owner"": null, ""path"": ""app/core/storage/cache_manager.py"", ""start_byte"": null, ""start_line"": 340}"	P00255
agent-python-3327267830:shipped-escapes:56	2	agent-python-3327267830:shipped-escapes	natural:agent-python-3327267830:shipped-escapes:56	fc720355b2ef0716	"{""end_byte"": null, ""end_line"": 342, ""owner"": null, ""path"": ""app/core/storage/cache_manager.py"", ""start_byte"": null, ""start_line"": 342}"	P00071
agent-python-3327267830:shipped-escapes:57	2	agent-python-3327267830:shipped-escapes	natural:agent-python-3327267830:shipped-escapes:57	d3c8e9297d2c2e17	"{""end_byte"": null, ""end_line"": 381, ""owner"": null, ""path"": ""app/core/storage/cache_manager.py"", ""start_byte"": null, ""start_line"": 381}"	P01397
agent-python-3327267830:shipped-escapes:58	2	agent-python-3327267830:shipped-escapes	natural:agent-python-3327267830:shipped-escapes:58	21bd8408efb244da	"{""end_byte"": null, ""end_line"": 405, ""owner"": null, ""path"": ""app/core/storage/cache_manager.py"", ""start_byte"": null, ""start_line"": 405}"	P01452
agent-python-3327267830:shipped-escapes:59	2	agent-python-3327267830:shipped-escapes	natural:agent-python-3327267830:shipped-escapes:59	e5dbb4a61fbadbd2	"{""end_byte"": null, ""end_line"": 122, ""owner"": null, ""path"": ""app/thread/batch_process_thread.py"", ""start_byte"": null, ""start_line"": 122}"	P02072
agent-python-3327267830:shipped-escapes:60	2	agent-python-3327267830:shipped-escapes	natural:agent-python-3327267830:shipped-escapes:60	cbefd2238d0ea3df	"{""end_byte"": null, ""end_line"": 123, ""owner"": null, ""path"": ""app/thread/batch_process_thread.py"", ""start_byte"": null, ""start_line"": 123}"	P01040
agent-python-3327267830:shipped-escapes:61	2	agent-python-3327267830:shipped-escapes	natural:agent-python-3327267830:shipped-escapes:61	8cb426c2350f86b1	"{""end_byte"": null, ""end_line"": 125, ""owner"": null, ""path"": ""app/thread/batch_process_thread.py"", ""start_byte"": null, ""start_line"": 125}"	P01829
agent-python-3327267830:shipped-escapes:62	2	agent-python-3327267830:shipped-escapes	natural:agent-python-3327267830:shipped-escapes:62	13950aa46b3d7d2c	"{""end_byte"": null, ""end_line"": 126, ""owner"": null, ""path"": ""app/thread/batch_process_thread.py"", ""start_byte"": null, ""start_line"": 126}"	P02101
agent-python-3327267830:shipped-escapes:63	2	agent-python-3327267830:shipped-escapes	natural:agent-python-3327267830:shipped-escapes:63	4c8292fc3a516c49	"{""end_byte"": null, ""end_line"": 128, ""owner"": null, ""path"": ""app/thread/batch_process_thread.py"", ""start_byte"": null, ""start_line"": 128}"	P01904
agent-python-3327267830:shipped-escapes:64	2	agent-python-3327267830:shipped-escapes	natural:agent-python-3327267830:shipped-escapes:64	42f26e08ae6d407c	"{""end_byte"": null, ""end_line"": 129, ""owner"": null, ""path"": ""app/thread/batch_process_thread.py"", ""start_byte"": null, ""start_line"": 129}"	P00573
agent-python-3327267830:shipped-escapes:65	2	agent-python-3327267830:shipped-escapes	natural:agent-python-3327267830:shipped-escapes:65	61d674b6bbd93e75	"{""end_byte"": null, ""end_line"": 321, ""owner"": null, ""path"": ""app/thread/batch_process_thread.py"", ""start_byte"": null, ""start_line"": 321}"	P00094
agent-python-3327267830:shipped-escapes:66	2	agent-python-3327267830:shipped-escapes	natural:agent-python-3327267830:shipped-escapes:66	eb1d06df647ab3ec	"{""end_byte"": null, ""end_line"": 332, ""owner"": null, ""path"": ""app/thread/batch_process_thread.py"", ""start_byte"": null, ""start_line"": 332}"	P01120
agent-python-3327267830:shipped-escapes:67	2	agent-python-3327267830:shipped-escapes	natural:agent-python-3327267830:shipped-escapes:67	17f94a31025e171b	"{""end_byte"": null, ""end_line"": 122, ""owner"": null, ""path"": ""app/thread/subtitle_pipeline_thread.py"", ""start_byte"": null, ""start_line"": 122}"	P00087
agent-python-3327267830:shipped-escapes:68	2	agent-python-3327267830:shipped-escapes	natural:agent-python-3327267830:shipped-escapes:68	46e3f11d9ea9e805	"{""end_byte"": null, ""end_line"": 128, ""owner"": null, ""path"": ""app/thread/subtitle_pipeline_thread.py"", ""start_byte"": null, ""start_line"": 128}"	P00830
agent-python-3327267830:shipped-escapes:69	2	agent-python-3327267830:shipped-escapes	natural:agent-python-3327267830:shipped-escapes:69	5cb48f3c4a18522b	"{""end_byte"": null, ""end_line"": 298, ""owner"": null, ""path"": ""app/thread/subtitle_thread.py"", ""start_byte"": null, ""start_line"": 298}"	P01219
agent-python-3327267830:shipped-escapes:70	2	agent-python-3327267830:shipped-escapes	natural:agent-python-3327267830:shipped-escapes:70	674c4241347635ac	"{""end_byte"": null, ""end_line"": 42, ""owner"": null, ""path"": ""app/thread/version_manager_thread.py"", ""start_byte"": null, ""start_line"": 42}"	P00831
agent-python-3327267830:shipped-escapes:71	2	agent-python-3327267830:shipped-escapes	natural:agent-python-3327267830:shipped-escapes:71	9364cebd4472f70e	"{""end_byte"": null, ""end_line"": 128, ""owner"": null, ""path"": ""app/view/batch_process_interface.py"", ""start_byte"": null, ""start_line"": 128}"	P00272
agent-python-3327267830:shipped-escapes:72	2	agent-python-3327267830:shipped-escapes	natural:agent-python-3327267830:shipped-escapes:72	b6c6ed5000e81877	"{""end_byte"": null, ""end_line"": 280, ""owner"": null, ""path"": ""app/view/batch_process_interface.py"", ""start_byte"": null, ""start_line"": 280}"	P01343
agent-python-3327267830:shipped-escapes:73	2	agent-python-3327267830:shipped-escapes	natural:agent-python-3327267830:shipped-escapes:73	43bf31f9e92f8850	"{""end_byte"": null, ""end_line"": 281, ""owner"": null, ""path"": ""app/view/batch_process_interface.py"", ""start_byte"": null, ""start_line"": 281}"	P00028
agent-python-3327267830:shipped-escapes:74	2	agent-python-3327267830:shipped-escapes	natural:agent-python-3327267830:shipped-escapes:74	ba09f905ef8d1469	"{""end_byte"": null, ""end_line"": 26, ""owner"": null, ""path"": ""app/view/log_window.py"", ""start_byte"": null, ""start_line"": 26}"	P01920
agent-python-3327267830:shipped-escapes:75	2	agent-python-3327267830:shipped-escapes	natural:agent-python-3327267830:shipped-escapes:75	886f289d77ab3e76	"{""end_byte"": null, ""end_line"": 29, ""owner"": null, ""path"": ""app/view/log_window.py"", ""start_byte"": null, ""start_line"": 29}"	P01364
agent-python-3327267830:shipped-escapes:76	2	agent-python-3327267830:shipped-escapes	natural:agent-python-3327267830:shipped-escapes:76	eebf35a42b451750	"{""end_byte"": null, ""end_line"": 30, ""owner"": null, ""path"": ""app/view/log_window.py"", ""start_byte"": null, ""start_line"": 30}"	P01483
agent-python-3327267830:shipped-escapes:77	2	agent-python-3327267830:shipped-escapes	natural:agent-python-3327267830:shipped-escapes:77	a1986371c5647a1f	"{""end_byte"": null, ""end_line"": 31, ""owner"": null, ""path"": ""app/view/log_window.py"", ""start_byte"": null, ""start_line"": 31}"	P01649
agent-python-3327267830:shipped-escapes:78	2	agent-python-3327267830:shipped-escapes	natural:agent-python-3327267830:shipped-escapes:78	e197326dd4e037fd	"{""end_byte"": null, ""end_line"": 161, ""owner"": null, ""path"": ""app/view/log_window.py"", ""start_byte"": null, ""start_line"": 161}"	P00147
agent-python-3327267830:shipped-escapes:79	2	agent-python-3327267830:shipped-escapes	natural:agent-python-3327267830:shipped-escapes:79	17ac5808a82ad11a	"{""end_byte"": null, ""end_line"": 85, ""owner"": null, ""path"": ""app/view/setting_interface.py"", ""start_byte"": null, ""start_line"": 85}"	P00111
agent-python-3327267830:shipped-escapes:80	2	agent-python-3327267830:shipped-escapes	natural:agent-python-3327267830:shipped-escapes:80	2cb419ba39efa431	"{""end_byte"": null, ""end_line"": 115, ""owner"": null, ""path"": ""app/view/setting_interface.py"", ""start_byte"": null, ""start_line"": 115}"	P00768
agent-python-3327267830:shipped-escapes:81	2	agent-python-3327267830:shipped-escapes	natural:agent-python-3327267830:shipped-escapes:81	061b8dc3b7bbdab6	"{""end_byte"": null, ""end_line"": 251, ""owner"": null, ""path"": ""app/view/setting_interface.py"", ""start_byte"": null, ""start_line"": 251}"	P00085
agent-python-3327267830:shipped-escapes:82	2	agent-python-3327267830:shipped-escapes	natural:agent-python-3327267830:shipped-escapes:82	671b5156f60d1f0a	"{""end_byte"": null, ""end_line"": 381, ""owner"": null, ""path"": ""app/view/setting_interface.py"", ""start_byte"": null, ""start_line"": 381}"	P01746
agent-python-3327267830:shipped-escapes:83	2	agent-python-3327267830:shipped-escapes	natural:agent-python-3327267830:shipped-escapes:83	59e95fcf2a202d80	"{""end_byte"": null, ""end_line"": 420, ""owner"": null, ""path"": ""app/view/setting_interface.py"", ""start_byte"": null, ""start_line"": 420}"	P01585
agent-python-3327267830:shipped-escapes:84	2	agent-python-3327267830:shipped-escapes	natural:agent-python-3327267830:shipped-escapes:84	486b91be2ad123e7	"{""end_byte"": null, ""end_line"": 478, ""owner"": null, ""path"": ""app/view/setting_interface.py"", ""start_byte"": null, ""start_line"": 478}"	P00285
agent-python-3327267830:shipped-escapes:85	2	agent-python-3327267830:shipped-escapes	natural:agent-python-3327267830:shipped-escapes:85	b897692c6ede2637	"{""end_byte"": null, ""end_line"": 572, ""owner"": null, ""path"": ""app/view/setting_interface.py"", ""start_byte"": null, ""start_line"": 572}"	P00017
agent-python-3327267830:shipped-escapes:86	2	agent-python-3327267830:shipped-escapes	natural:agent-python-3327267830:shipped-escapes:86	b7af7f1b7b356529	"{""end_byte"": null, ""end_line"": 71, ""owner"": null, ""path"": ""app/view/subtitle_interface.py"", ""start_byte"": null, ""start_line"": 71}"	P01529
agent-python-3327267830:shipped-escapes:87	2	agent-python-3327267830:shipped-escapes	natural:agent-python-3327267830:shipped-escapes:87	702f451ddd16b6ab	"{""end_byte"": null, ""end_line"": 82, ""owner"": null, ""path"": ""app/view/subtitle_interface.py"", ""start_byte"": null, ""start_line"": 82}"	P00628
agent-python-3327267830:shipped-escapes:88	2	agent-python-3327267830:shipped-escapes	natural:agent-python-3327267830:shipped-escapes:88	d13081b99a170716	"{""end_byte"": null, ""end_line"": 99, ""owner"": null, ""path"": ""app/view/subtitle_interface.py"", ""start_byte"": null, ""start_line"": 99}"	P00630
agent-python-3327267830:shipped-escapes:89	2	agent-python-3327267830:shipped-escapes	natural:agent-python-3327267830:shipped-escapes:89	a206c2f94b6e16ec	"{""end_byte"": null, ""end_line"": 101, ""owner"": null, ""path"": ""app/view/subtitle_interface.py"", ""start_byte"": null, ""start_line"": 101}"	P01869
agent-python-3327267830:shipped-escapes:90	2	agent-python-3327267830:shipped-escapes	natural:agent-python-3327267830:shipped-escapes:90	53a0501bf7a53a8e	"{""end_byte"": null, ""end_line"": 104, ""owner"": null, ""path"": ""app/view/subtitle_interface.py"", ""start_byte"": null, ""start_line"": 104}"	P01867
agent-python-3327267830:shipped-escapes:91	2	agent-python-3327267830:shipped-escapes	natural:agent-python-3327267830:shipped-escapes:91	39515f01fc8f5e47	"{""end_byte"": null, ""end_line"": 108, ""owner"": null, ""path"": ""app/view/subtitle_interface.py"", ""start_byte"": null, ""start_line"": 108}"	P00233
agent-python-3327267830:shipped-escapes:92	2	agent-python-3327267830:shipped-escapes	natural:agent-python-3327267830:shipped-escapes:92	3f3934d8f9d295a9	"{""end_byte"": null, ""end_line"": 123, ""owner"": null, ""path"": ""app/view/subtitle_interface.py"", ""start_byte"": null, ""start_line"": 123}"	P01351
agent-python-3327267830:shipped-escapes:93	2	agent-python-3327267830:shipped-escapes	natural:agent-python-3327267830:shipped-escapes:93	6c89db4afc6bb495	"{""end_byte"": null, ""end_line"": 128, ""owner"": null, ""path"": ""app/view/subtitle_interface.py"", ""start_byte"": null, ""start_line"": 128}"	P01532
agent-python-3327267830:shipped-escapes:94	2	agent-python-3327267830:shipped-escapes	natural:agent-python-3327267830:shipped-escapes:94	a3722f40c9a83143	"{""end_byte"": null, ""end_line"": 129, ""owner"": null, ""path"": ""app/view/subtitle_interface.py"", ""start_byte"": null, ""start_line"": 129}"	P01477
agent-python-3327267830:shipped-escapes:95	2	agent-python-3327267830:shipped-escapes	natural:agent-python-3327267830:shipped-escapes:95	9e7e124efae1bf61	"{""end_byte"": null, ""end_line"": 130, ""owner"": null, ""path"": ""app/view/subtitle_interface.py"", ""start_byte"": null, ""start_line"": 130}"	P01344
agent-python-3327267830:shipped-escapes:96	2	agent-python-3327267830:shipped-escapes	natural:agent-python-3327267830:shipped-escapes:96	0cbe40c9d16df92f	"{""end_byte"": null, ""end_line"": 131, ""owner"": null, ""path"": ""app/view/subtitle_interface.py"", ""start_byte"": null, ""start_line"": 131}"	P01285
agent-python-3327267830:shipped-escapes:97	2	agent-python-3327267830:shipped-escapes	natural:agent-python-3327267830:shipped-escapes:97	72aca33bb1c330cc	"{""end_byte"": null, ""end_line"": 142, ""owner"": null, ""path"": ""app/view/subtitle_interface.py"", ""start_byte"": null, ""start_line"": 142}"	P01826
agent-python-3327267830:shipped-escapes:98	2	agent-python-3327267830:shipped-escapes	natural:agent-python-3327267830:shipped-escapes:98	3d7eaf403cde6c94	"{""end_byte"": null, ""end_line"": 145, ""owner"": null, ""path"": ""app/view/subtitle_interface.py"", ""start_byte"": null, ""start_line"": 145}"	P00978
agent-python-3327267830:shipped-escapes:99	2	agent-python-3327267830:shipped-escapes	natural:agent-python-3327267830:shipped-escapes:99	6532a39655fb4647	"{""end_byte"": null, ""end_line"": 156, ""owner"": null, ""path"": ""app/view/subtitle_interface.py"", ""start_byte"": null, ""start_line"": 156}"	P01052
agent-python-3327267830:shipped-escapes:100	2	agent-python-3327267830:shipped-escapes	natural:agent-python-3327267830:shipped-escapes:100	b972ffbf02e929d8	"{""end_byte"": null, ""end_line"": 158, ""owner"": null, ""path"": ""app/view/subtitle_interface.py"", ""start_byte"": null, ""start_line"": 158}"	P01318
agent-python-3327267830:shipped-escapes:101	2	agent-python-3327267830:shipped-escapes	natural:agent-python-3327267830:shipped-escapes:101	222ede82ba510a4e	"{""end_byte"": null, ""end_line"": 159, ""owner"": null, ""path"": ""app/view/subtitle_interface.py"", ""start_byte"": null, ""start_line"": 159}"	P01201
agent-python-3327267830:shipped-escapes:102	2	agent-python-3327267830:shipped-escapes	natural:agent-python-3327267830:shipped-escapes:102	da9467d76dfb1562	"{""end_byte"": null, ""end_line"": 183, ""owner"": null, ""path"": ""app/view/subtitle_interface.py"", ""start_byte"": null, ""start_line"": 183}"	P01095
agent-python-3327267830:shipped-escapes:103	2	agent-python-3327267830:shipped-escapes	natural:agent-python-3327267830:shipped-escapes:103	a8ba6ea1ac1c02ee	"{""end_byte"": null, ""end_line"": 200, ""owner"": null, ""path"": ""app/view/subtitle_interface.py"", ""start_byte"": null, ""start_line"": 200}"	P01599
agent-python-3327267830:shipped-escapes:104	2	agent-python-3327267830:shipped-escapes	natural:agent-python-3327267830:shipped-escapes:104	c73a37f8d711c59e	"{""end_byte"": null, ""end_line"": 229, ""owner"": null, ""path"": ""app/view/subtitle_interface.py"", ""start_byte"": null, ""start_line"": 229}"	P00747
agent-python-3327267830:shipped-escapes:105	2	agent-python-3327267830:shipped-escapes	natural:agent-python-3327267830:shipped-escapes:105	ccbc920fad9bb652	"{""end_byte"": null, ""end_line"": 361, ""owner"": null, ""path"": ""app/view/subtitle_interface.py"", ""start_byte"": null, ""start_line"": 361}"	P00362
agent-python-3327267830:shipped-escapes:106	2	agent-python-3327267830:shipped-escapes	natural:agent-python-3327267830:shipped-escapes:106	cd297dfc1aaf7010	"{""end_byte"": null, ""end_line"": 367, ""owner"": null, ""path"": ""app/view/subtitle_interface.py"", ""start_byte"": null, ""start_line"": 367}"	P00151
agent-python-3327267830:shipped-escapes:107	2	agent-python-3327267830:shipped-escapes	natural:agent-python-3327267830:shipped-escapes:107	a8b7d77eef0b8b99	"{""end_byte"": null, ""end_line"": 371, ""owner"": null, ""path"": ""app/view/subtitle_interface.py"", ""start_byte"": null, ""start_line"": 371}"	P02081
agent-python-3327267830:shipped-escapes:108	2	agent-python-3327267830:shipped-escapes	natural:agent-python-3327267830:shipped-escapes:108	6ac62d42a2405969	"{""end_byte"": null, ""end_line"": 380, ""owner"": null, ""path"": ""app/view/subtitle_interface.py"", ""start_byte"": null, ""start_line"": 380}"	P01367
agent-python-3327267830:shipped-escapes:109	2	agent-python-3327267830:shipped-escapes	natural:agent-python-3327267830:shipped-escapes:109	fbb6e56d99499553	"{""end_byte"": null, ""end_line"": 422, ""owner"": null, ""path"": ""app/view/subtitle_interface.py"", ""start_byte"": null, ""start_line"": 422}"	P01420
agent-python-3327267830:shipped-escapes:110	2	agent-python-3327267830:shipped-escapes	natural:agent-python-3327267830:shipped-escapes:110	3a5d76ce644c0ea3	"{""end_byte"": null, ""end_line"": 796, ""owner"": null, ""path"": ""app/view/subtitle_interface.py"", ""start_byte"": null, ""start_line"": 796}"	P00405
agent-python-3327267830:shipped-escapes:111	2	agent-python-3327267830:shipped-escapes	natural:agent-python-3327267830:shipped-escapes:111	52e07b7784a6fd0e	"{""end_byte"": null, ""end_line"": 895, ""owner"": null, ""path"": ""app/view/subtitle_interface.py"", ""start_byte"": null, ""start_line"": 895}"	P00043
agent-python-3327267830:shipped-escapes:112	2	agent-python-3327267830:shipped-escapes	natural:agent-python-3327267830:shipped-escapes:112	6472db515548d194	"{""end_byte"": null, ""end_line"": 897, ""owner"": null, ""path"": ""app/view/subtitle_interface.py"", ""start_byte"": null, ""start_line"": 897}"	P01854
agent-python-3327267830:shipped-escapes:113	2	agent-python-3327267830:shipped-escapes	natural:agent-python-3327267830:shipped-escapes:113	f6810e774c0b0ad7	"{""end_byte"": null, ""end_line"": 898, ""owner"": null, ""path"": ""app/view/subtitle_interface.py"", ""start_byte"": null, ""start_line"": 898}"	P02110
agent-python-3327267830:shipped-escapes:114	2	agent-python-3327267830:shipped-escapes	natural:agent-python-3327267830:shipped-escapes:114	e188c273821a04e9	"{""end_byte"": null, ""end_line"": 144, ""owner"": null, ""path"": ""app/view/subtitle_style_interface.py"", ""start_byte"": null, ""start_line"": 144}"	P02160
agent-python-3327267830:shipped-escapes:115	2	agent-python-3327267830:shipped-escapes	natural:agent-python-3327267830:shipped-escapes:115	b161db5a2f71902c	"{""end_byte"": null, ""end_line"": 145, ""owner"": null, ""path"": ""app/view/subtitle_style_interface.py"", ""start_byte"": null, ""start_line"": 145}"	P00847
agent-python-3327267830:shipped-escapes:116	2	agent-python-3327267830:shipped-escapes	natural:agent-python-3327267830:shipped-escapes:116	5961e616cc01a9df	"{""end_byte"": null, ""end_line"": 146, ""owner"": null, ""path"": ""app/view/subtitle_style_interface.py"", ""start_byte"": null, ""start_line"": 146}"	P01855
agent-python-3327267830:shipped-escapes:117	2	agent-python-3327267830:shipped-escapes	natural:agent-python-3327267830:shipped-escapes:117	0c725ccea3ddc1ef	"{""end_byte"": null, ""end_line"": 153, ""owner"": null, ""path"": ""app/view/subtitle_style_interface.py"", ""start_byte"": null, ""start_line"": 153}"	P01685
agent-python-3327267830:shipped-escapes:118	2	agent-python-3327267830:shipped-escapes	natural:agent-python-3327267830:shipped-escapes:118	55f50bfc026f73c1	"{""end_byte"": null, ""end_line"": 182, ""owner"": null, ""path"": ""app/view/subtitle_style_interface.py"", ""start_byte"": null, ""start_line"": 182}"	P01749
agent-python-3327267830:shipped-escapes:119	2	agent-python-3327267830:shipped-escapes	natural:agent-python-3327267830:shipped-escapes:119	2dabba74765ab297	"{""end_byte"": null, ""end_line"": 199, ""owner"": null, ""path"": ""app/view/subtitle_style_interface.py"", ""start_byte"": null, ""start_line"": 199}"	P01153
agent-python-3327267830:shipped-escapes:120	2	agent-python-3327267830:shipped-escapes	natural:agent-python-3327267830:shipped-escapes:120	243b35bbd9438c93	"{""end_byte"": null, ""end_line"": 206, ""owner"": null, ""path"": ""app/view/subtitle_style_interface.py"", ""start_byte"": null, ""start_line"": 206}"	P01289
agent-python-3327267830:shipped-escapes:121	2	agent-python-3327267830:shipped-escapes	natural:agent-python-3327267830:shipped-escapes:121	efa17cfbc633b037	"{""end_byte"": null, ""end_line"": 224, ""owner"": null, ""path"": ""app/view/subtitle_style_interface.py"", ""start_byte"": null, ""start_line"": 224}"	P01247
agent-python-3327267830:shipped-escapes:122	2	agent-python-3327267830:shipped-escapes	natural:agent-python-3327267830:shipped-escapes:122	4e7e791a3fe7b71d	"{""end_byte"": null, ""end_line"": 237, ""owner"": null, ""path"": ""app/view/subtitle_style_interface.py"", ""start_byte"": null, ""start_line"": 237}"	P00748
agent-python-3327267830:shipped-escapes:123	2	agent-python-3327267830:shipped-escapes	natural:agent-python-3327267830:shipped-escapes:123	77f98a0fa0f818b3	"{""end_byte"": null, ""end_line"": 295, ""owner"": null, ""path"": ""app/view/subtitle_style_interface.py"", ""start_byte"": null, ""start_line"": 295}"	P01017
agent-python-3327267830:shipped-escapes:124	2	agent-python-3327267830:shipped-escapes	natural:agent-python-3327267830:shipped-escapes:124	617c1ac8d61a820e	"{""end_byte"": null, ""end_line"": 303, ""owner"": null, ""path"": ""app/view/subtitle_style_interface.py"", ""start_byte"": null, ""start_line"": 303}"	P01291
agent-python-3327267830:shipped-escapes:125	2	agent-python-3327267830:shipped-escapes	natural:agent-python-3327267830:shipped-escapes:125	cffcb9554026ac58	"{""end_byte"": null, ""end_line"": 689, ""owner"": null, ""path"": ""app/view/subtitle_style_interface.py"", ""start_byte"": null, ""start_line"": 689}"	P01661
agent-python-3327267830:shipped-escapes:126	2	agent-python-3327267830:shipped-escapes	natural:agent-python-3327267830:shipped-escapes:126	ef6fb421ad805ef6	"{""end_byte"": null, ""end_line"": 56, ""owner"": null, ""path"": ""app/view/task_creation_interface.py"", ""start_byte"": null, ""start_line"": 56}"	P00310
agent-python-3327267830:shipped-escapes:127	2	agent-python-3327267830:shipped-escapes	natural:agent-python-3327267830:shipped-escapes:127	c979c85d04ae2995	"{""end_byte"": null, ""end_line"": 77, ""owner"": null, ""path"": ""app/view/task_creation_interface.py"", ""start_byte"": null, ""start_line"": 77}"	P00430
agent-python-3327267830:shipped-escapes:128	2	agent-python-3327267830:shipped-escapes	natural:agent-python-3327267830:shipped-escapes:128	572015dd338e28ff	"{""end_byte"": null, ""end_line"": 81, ""owner"": null, ""path"": ""app/view/task_creation_interface.py"", ""start_byte"": null, ""start_line"": 81}"	P01556
agent-python-3327267830:shipped-escapes:129	2	agent-python-3327267830:shipped-escapes	natural:agent-python-3327267830:shipped-escapes:129	ef656e7e1fe5610f	"{""end_byte"": null, ""end_line"": 139, ""owner"": null, ""path"": ""app/view/task_creation_interface.py"", ""start_byte"": null, ""start_line"": 139}"	P00239
agent-python-3327267830:shipped-escapes:130	2	agent-python-3327267830:shipped-escapes	natural:agent-python-3327267830:shipped-escapes:130	4802d9ba625859cd	"{""end_byte"": null, ""end_line"": 142, ""owner"": null, ""path"": ""app/view/task_creation_interface.py"", ""start_byte"": null, ""start_line"": 142}"	P01185
agent-python-3327267830:shipped-escapes:131	2	agent-python-3327267830:shipped-escapes	natural:agent-python-3327267830:shipped-escapes:131	023299ee60755def	"{""end_byte"": null, ""end_line"": 147, ""owner"": null, ""path"": ""app/view/task_creation_interface.py"", ""start_byte"": null, ""start_line"": 147}"	P00891
agent-python-3327267830:shipped-escapes:132	2	agent-python-3327267830:shipped-escapes	natural:agent-python-3327267830:shipped-escapes:132	e406e23436190f6e	"{""end_byte"": null, ""end_line"": 188, ""owner"": null, ""path"": ""app/view/task_creation_interface.py"", ""start_byte"": null, ""start_line"": 188}"	P00138
agent-python-3327267830:shipped-escapes:133	2	agent-python-3327267830:shipped-escapes	natural:agent-python-3327267830:shipped-escapes:133	796d6d76ae1722e7	"{""end_byte"": null, ""end_line"": 411, ""owner"": null, ""path"": ""app/view/task_creation_interface.py"", ""start_byte"": null, ""start_line"": 411}"	P01923
agent-python-3327267830:shipped-escapes:134	2	agent-python-3327267830:shipped-escapes	natural:agent-python-3327267830:shipped-escapes:134	83a87e85314efa9a	"{""end_byte"": null, ""end_line"": 412, ""owner"": null, ""path"": ""app/view/task_creation_interface.py"", ""start_byte"": null, ""start_line"": 412}"	P00907
agent-python-3327267830:shipped-escapes:135	2	agent-python-3327267830:shipped-escapes	natural:agent-python-3327267830:shipped-escapes:135	2482eb282910d80a	"{""end_byte"": null, ""end_line"": 84, ""owner"": null, ""path"": ""app/view/transcription_interface.py"", ""start_byte"": null, ""start_line"": 84}"	P01265
agent-python-3327267830:shipped-escapes:136	2	agent-python-3327267830:shipped-escapes	natural:agent-python-3327267830:shipped-escapes:136	f6eb9b158b489ed0	"{""end_byte"": null, ""end_line"": 86, ""owner"": null, ""path"": ""app/view/transcription_interface.py"", ""start_byte"": null, ""start_line"": 86}"	P01817
agent-python-3327267830:shipped-escapes:137	2	agent-python-3327267830:shipped-escapes	natural:agent-python-3327267830:shipped-escapes:137	c1e8ddab5854c7b6	"{""end_byte"": null, ""end_line"": 89, ""owner"": null, ""path"": ""app/view/transcription_interface.py"", ""start_byte"": null, ""start_line"": 89}"	P01357
agent-python-3327267830:shipped-escapes:138	2	agent-python-3327267830:shipped-escapes	natural:agent-python-3327267830:shipped-escapes:138	7f8debaf0eb928e3	"{""end_byte"": null, ""end_line"": 99, ""owner"": null, ""path"": ""app/view/transcription_interface.py"", ""start_byte"": null, ""start_line"": 99}"	P00910
agent-python-3327267830:shipped-escapes:139	2	agent-python-3327267830:shipped-escapes	natural:agent-python-3327267830:shipped-escapes:139	6d0d56a39c042536	"{""end_byte"": null, ""end_line"": 119, ""owner"": null, ""path"": ""app/view/transcription_interface.py"", ""start_byte"": null, ""start_line"": 119}"	P01123
agent-python-3327267830:shipped-escapes:140	2	agent-python-3327267830:shipped-escapes	natural:agent-python-3327267830:shipped-escapes:140	932cd22d27066218	"{""end_byte"": null, ""end_line"": 141, ""owner"": null, ""path"": ""app/view/transcription_interface.py"", ""start_byte"": null, ""start_line"": 141}"	P00490
agent-python-3327267830:shipped-escapes:141	2	agent-python-3327267830:shipped-escapes	natural:agent-python-3327267830:shipped-escapes:141	07f0f450b9bd21d7	"{""end_byte"": null, ""end_line"": 278, ""owner"": null, ""path"": ""app/view/transcription_interface.py"", ""start_byte"": null, ""start_line"": 278}"	P02095
agent-python-3327267830:shipped-escapes:142	2	agent-python-3327267830:shipped-escapes	natural:agent-python-3327267830:shipped-escapes:142	d602c0e069a83119	"{""end_byte"": null, ""end_line"": 306, ""owner"": null, ""path"": ""app/view/transcription_interface.py"", ""start_byte"": null, ""start_line"": 306}"	P00256
agent-python-3327267830:shipped-escapes:143	2	agent-python-3327267830:shipped-escapes	natural:agent-python-3327267830:shipped-escapes:143	4283e5a89459d22e	"{""end_byte"": null, ""end_line"": 481, ""owner"": null, ""path"": ""app/view/transcription_interface.py"", ""start_byte"": null, ""start_line"": 481}"	P00539
agent-python-3327267830:shipped-escapes:144	2	agent-python-3327267830:shipped-escapes	natural:agent-python-3327267830:shipped-escapes:144	4ef0cf41e3f45135	"{""end_byte"": null, ""end_line"": 482, ""owner"": null, ""path"": ""app/view/transcription_interface.py"", ""start_byte"": null, ""start_line"": 482}"	P01434
agent-python-3327267830:shipped-escapes:145	2	agent-python-3327267830:shipped-escapes	natural:agent-python-3327267830:shipped-escapes:145	cf9302fb27bc6e35	"{""end_byte"": null, ""end_line"": 47, ""owner"": null, ""path"": ""app/view/video_synthesis_interface.py"", ""start_byte"": null, ""start_line"": 47}"	P02098
agent-python-3327267830:shipped-escapes:146	2	agent-python-3327267830:shipped-escapes	natural:agent-python-3327267830:shipped-escapes:146	65468a507f55f2a3	"{""end_byte"": null, ""end_line"": 66, ""owner"": null, ""path"": ""app/view/video_synthesis_interface.py"", ""start_byte"": null, ""start_line"": 66}"	P01555
agent-python-3327267830:shipped-escapes:147	2	agent-python-3327267830:shipped-escapes	natural:agent-python-3327267830:shipped-escapes:147	ba70798ffcbaea5e	"{""end_byte"": null, ""end_line"": 122, ""owner"": null, ""path"": ""app/view/video_synthesis_interface.py"", ""start_byte"": null, ""start_line"": 122}"	P01495
agent-python-3327267830:shipped-escapes:148	2	agent-python-3327267830:shipped-escapes	natural:agent-python-3327267830:shipped-escapes:148	d5ff102b7e263374	"{""end_byte"": null, ""end_line"": 399, ""owner"": null, ""path"": ""app/view/video_synthesis_interface.py"", ""start_byte"": null, ""start_line"": 399}"	P00259
agent-python-3327267830:shipped-escapes:149	2	agent-python-3327267830:shipped-escapes	natural:agent-python-3327267830:shipped-escapes:149	0571cc5c1d45b737	"{""end_byte"": null, ""end_line"": 400, ""owner"": null, ""path"": ""app/view/video_synthesis_interface.py"", ""start_byte"": null, ""start_line"": 400}"	P00682
agent-python-3327267830:shipped-escapes:150	2	agent-python-3327267830:shipped-escapes	natural:agent-python-3327267830:shipped-escapes:150	09c3a09985250e49	"{""end_byte"": null, ""end_line"": 54, ""owner"": null, ""path"": ""main.py"", ""start_byte"": null, ""start_line"": 54}"	P01249
agent-python-3327267830:shipped-escapes:151	2	agent-python-3327267830:shipped-escapes	natural:agent-python-3327267830:shipped-escapes:151	9f12afe11e7f5817	"{""end_byte"": null, ""end_line"": 56, ""owner"": null, ""path"": ""main.py"", ""start_byte"": null, ""start_line"": 56}"	P01391
agent-python-3327267830:shipped-escapes:152	2	agent-python-3327267830:shipped-escapes	natural:agent-python-3327267830:shipped-escapes:152	a24fd4c102433df6	"{""end_byte"": null, ""end_line"": 60, ""owner"": null, ""path"": ""main.py"", ""start_byte"": null, ""start_line"": 60}"	P01023
agent-python-3327267830:shipped-escapes:153	2	agent-python-3327267830:shipped-escapes	natural:agent-python-3327267830:shipped-escapes:153	535aa7ae4d70e329	"{""end_byte"": null, ""end_line"": 63, ""owner"": null, ""path"": ""main.py"", ""start_byte"": null, ""start_line"": 63}"	P00503
agent-python-3327267830:shipped-test-skip:1	2	agent-python-3327267830:shipped-test-skip	natural:agent-python-3327267830:shipped-test-skip:1	1e9b267567b4a9df	"{""end_byte"": null, ""end_line"": 32, ""owner"": null, ""path"": ""app/components/DonateDialog.py"", ""start_byte"": null, ""start_line"": 32}"	P01896
agent-python-3327267830:shipped-test-skip:2	2	agent-python-3327267830:shipped-test-skip	natural:agent-python-3327267830:shipped-test-skip:2	04f19a20d5958594	"{""end_byte"": null, ""end_line"": 42, ""owner"": null, ""path"": ""app/components/DonateDialog.py"", ""start_byte"": null, ""start_line"": 42}"	P00449
agent-python-3327267830:shipped-test-skip:3	2	agent-python-3327267830:shipped-test-skip	natural:agent-python-3327267830:shipped-test-skip:3	dd90380a76c2aea8	"{""end_byte"": null, ""end_line"": 46, ""owner"": null, ""path"": ""app/components/DonateDialog.py"", ""start_byte"": null, ""start_line"": 46}"	P00413
agent-python-3327267830:shipped-test-skip:4	2	agent-python-3327267830:shipped-test-skip	natural:agent-python-3327267830:shipped-test-skip:4	500152f992b1e934	"{""end_byte"": null, ""end_line"": 47, ""owner"": null, ""path"": ""app/components/DonateDialog.py"", ""start_byte"": null, ""start_line"": 47}"	P01393
agent-python-3327267830:shipped-test-skip:5	2	agent-python-3327267830:shipped-test-skip	natural:agent-python-3327267830:shipped-test-skip:5	50e4fa9a580261c4	"{""end_byte"": null, ""end_line"": 59, ""owner"": null, ""path"": ""app/components/DonateDialog.py"", ""start_byte"": null, ""start_line"": 59}"	P00210
agent-python-3327267830:shipped-test-skip:6	2	agent-python-3327267830:shipped-test-skip	natural:agent-python-3327267830:shipped-test-skip:6	804556e5cfbe1bf4	"{""end_byte"": null, ""end_line"": 60, ""owner"": null, ""path"": ""app/components/DonateDialog.py"", ""start_byte"": null, ""start_line"": 60}"	P00246
agent-python-3327267830:shipped-test-skip:7	2	agent-python-3327267830:shipped-test-skip	natural:agent-python-3327267830:shipped-test-skip:7	978e82f9b373e106	"{""end_byte"": null, ""end_line"": 34, ""owner"": null, ""path"": ""app/components/EditComboBoxSettingCard.py"", ""start_byte"": null, ""start_line"": 34}"	P00192
agent-python-3327267830:shipped-test-skip:8	2	agent-python-3327267830:shipped-test-skip	natural:agent-python-3327267830:shipped-test-skip:8	0bca6fb8917f59a4	"{""end_byte"": null, ""end_line"": 355, ""owner"": null, ""path"": ""app/components/FasterWhisperSettingWidget.py"", ""start_byte"": null, ""start_line"": 355}"	P00493
agent-python-3327267830:shipped-test-skip:9	2	agent-python-3327267830:shipped-test-skip	natural:agent-python-3327267830:shipped-test-skip:9	bfb699ecd302a606	"{""end_byte"": null, ""end_line"": 360, ""owner"": null, ""path"": ""app/components/FasterWhisperSettingWidget.py"", ""start_byte"": null, ""start_line"": 360}"	P00714
agent-python-3327267830:shipped-test-skip:10	2	agent-python-3327267830:shipped-test-skip	natural:agent-python-3327267830:shipped-test-skip:10	af138e3cbee91a95	"{""end_byte"": null, ""end_line"": 372, ""owner"": null, ""path"": ""app/components/FasterWhisperSettingWidget.py"", ""start_byte"": null, ""start_line"": 372}"	P01223
agent-python-3327267830:shipped-test-skip:11	2	agent-python-3327267830:shipped-test-skip	natural:agent-python-3327267830:shipped-test-skip:11	743af6d0b9091c21	"{""end_byte"": null, ""end_line"": 373, ""owner"": null, ""path"": ""app/components/FasterWhisperSettingWidget.py"", ""start_byte"": null, ""start_line"": 373}"	P01246
agent-python-3327267830:shipped-test-skip:12	2	agent-python-3327267830:shipped-test-skip	natural:agent-python-3327267830:shipped-test-skip:12	383d2f54907357d4	"{""end_byte"": null, ""end_line"": 660, ""owner"": null, ""path"": ""app/components/FasterWhisperSettingWidget.py"", ""start_byte"": null, ""start_line"": 660}"	P00348
agent-python-3327267830:shipped-test-skip:13	2	agent-python-3327267830:shipped-test-skip	natural:agent-python-3327267830:shipped-test-skip:13	cd0b221ef0bba78c	"{""end_byte"": null, ""end_line"": 750, ""owner"": null, ""path"": ""app/components/FasterWhisperSettingWidget.py"", ""start_byte"": null, ""start_line"": 750}"	P01615
agent-python-3327267830:shipped-test-skip:14	2	agent-python-3327267830:shipped-test-skip	natural:agent-python-3327267830:shipped-test-skip:14	870d9b3c608273c2	"{""end_byte"": null, ""end_line"": 27, ""owner"": null, ""path"": ""app/components/LineEditSettingCard.py"", ""start_byte"": null, ""start_line"": 27}"	P02050
agent-python-3327267830:shipped-test-skip:15	2	agent-python-3327267830:shipped-test-skip	natural:agent-python-3327267830:shipped-test-skip:15	785d7e1f178e0102	"{""end_byte"": null, ""end_line"": 63, ""owner"": null, ""path"": ""app/components/MySettingCard.py"", ""start_byte"": null, ""start_line"": 63}"	P01892
agent-python-3327267830:shipped-test-skip:16	2	agent-python-3327267830:shipped-test-skip	natural:agent-python-3327267830:shipped-test-skip:16	e98946e5be7e9ca0	"{""end_byte"": null, ""end_line"": 66, ""owner"": null, ""path"": ""app/components/MySettingCard.py"", ""start_byte"": null, ""start_line"": 66}"	P00252
agent-python-3327267830:shipped-test-skip:17	2	agent-python-3327267830:shipped-test-skip	natural:agent-python-3327267830:shipped-test-skip:17	81009f262b605a8b	"{""end_byte"": null, ""end_line"": 68, ""owner"": null, ""path"": ""app/components/MySettingCard.py"", ""start_byte"": null, ""start_line"": 68}"	P01398
agent-python-3327267830:shipped-test-skip:18	2	agent-python-3327267830:shipped-test-skip	natural:agent-python-3327267830:shipped-test-skip:18	e54b7e10ed73756a	"{""end_byte"": null, ""end_line"": 72, ""owner"": null, ""path"": ""app/components/MySettingCard.py"", ""start_byte"": null, ""start_line"": 72}"	P01816
agent-python-3327267830:shipped-test-skip:19	2	agent-python-3327267830:shipped-test-skip	natural:agent-python-3327267830:shipped-test-skip:19	fa79d9321fabfae7	"{""end_byte"": null, ""end_line"": 73, ""owner"": null, ""path"": ""app/components/MySettingCard.py"", ""start_byte"": null, ""start_line"": 73}"	P01328
agent-python-3327267830:shipped-test-skip:20	2	agent-python-3327267830:shipped-test-skip	natural:agent-python-3327267830:shipped-test-skip:20	cf0bc88c66fc97ce	"{""end_byte"": null, ""end_line"": 137, ""owner"": null, ""path"": ""app/components/MySettingCard.py"", ""start_byte"": null, ""start_line"": 137}"	P02089
agent-python-3327267830:shipped-test-skip:21	2	agent-python-3327267830:shipped-test-skip	natural:agent-python-3327267830:shipped-test-skip:21	7ec1fbc2e066bfde	"{""end_byte"": null, ""end_line"": 210, ""owner"": null, ""path"": ""app/components/MySettingCard.py"", ""start_byte"": null, ""start_line"": 210}"	P01727
agent-python-3327267830:shipped-test-skip:22	2	agent-python-3327267830:shipped-test-skip	natural:agent-python-3327267830:shipped-test-skip:22	ef61f21da3e7c0d2	"{""end_byte"": null, ""end_line"": 289, ""owner"": null, ""path"": ""app/components/MySettingCard.py"", ""start_byte"": null, ""start_line"": 289}"	P00446
agent-python-3327267830:shipped-test-skip:23	2	agent-python-3327267830:shipped-test-skip	natural:agent-python-3327267830:shipped-test-skip:23	f8ce0a5b71500812	"{""end_byte"": null, ""end_line"": 312, ""owner"": null, ""path"": ""app/components/MySettingCard.py"", ""start_byte"": null, ""start_line"": 312}"	P01676
agent-python-3327267830:shipped-test-skip:24	2	agent-python-3327267830:shipped-test-skip	natural:agent-python-3327267830:shipped-test-skip:24	9e29973ff6c54e0d	"{""end_byte"": null, ""end_line"": 315, ""owner"": null, ""path"": ""app/components/MySettingCard.py"", ""start_byte"": null, ""start_line"": 315}"	P00958
agent-python-3327267830:shipped-test-skip:25	2	agent-python-3327267830:shipped-test-skip	natural:agent-python-3327267830:shipped-test-skip:25	dd74c290b2944645	"{""end_byte"": null, ""end_line"": 304, ""owner"": null, ""path"": ""app/components/MyVideoWidget.py"", ""start_byte"": null, ""start_line"": 304}"	P00697
agent-python-3327267830:shipped-test-skip:26	2	agent-python-3327267830:shipped-test-skip	natural:agent-python-3327267830:shipped-test-skip:26	2af69eb96a255e16	"{""end_byte"": null, ""end_line"": 422, ""owner"": null, ""path"": ""app/components/MyVideoWidget.py"", ""start_byte"": null, ""start_line"": 422}"	P01022
agent-python-3327267830:shipped-test-skip:27	2	agent-python-3327267830:shipped-test-skip	natural:agent-python-3327267830:shipped-test-skip:27	640e4c3976c50df5	"{""end_byte"": null, ""end_line"": 426, ""owner"": null, ""path"": ""app/components/MyVideoWidget.py"", ""start_byte"": null, ""start_line"": 426}"	P00118
agent-python-3327267830:shipped-test-skip:28	2	agent-python-3327267830:shipped-test-skip	natural:agent-python-3327267830:shipped-test-skip:28	055a014551dbea35	"{""end_byte"": null, ""end_line"": 427, ""owner"": null, ""path"": ""app/components/MyVideoWidget.py"", ""start_byte"": null, ""start_line"": 427}"	P00596
agent-python-3327267830:shipped-test-skip:29	2	agent-python-3327267830:shipped-test-skip	natural:agent-python-3327267830:shipped-test-skip:29	62b2180509c9c959	"{""end_byte"": null, ""end_line"": 436, ""owner"": null, ""path"": ""app/components/MyVideoWidget.py"", ""start_byte"": null, ""start_line"": 436}"	P01711
agent-python-3327267830:shipped-test-skip:30	2	agent-python-3327267830:shipped-test-skip	natural:agent-python-3327267830:shipped-test-skip:30	0d8a081e7a404d8c	"{""end_byte"": null, ""end_line"": 441, ""owner"": null, ""path"": ""app/components/MyVideoWidget.py"", ""start_byte"": null, ""start_line"": 441}"	P01122
agent-python-3327267830:shipped-test-skip:31	2	agent-python-3327267830:shipped-test-skip	natural:agent-python-3327267830:shipped-test-skip:31	9152541868d80a16	"{""end_byte"": null, ""end_line"": 442, ""owner"": null, ""path"": ""app/components/MyVideoWidget.py"", ""start_byte"": null, ""start_line"": 442}"	P01132
agent-python-3327267830:shipped-test-skip:32	2	agent-python-3327267830:shipped-test-skip	natural:agent-python-3327267830:shipped-test-skip:32	3a3dd816973514ee	"{""end_byte"": null, ""end_line"": 443, ""owner"": null, ""path"": ""app/components/MyVideoWidget.py"", ""start_byte"": null, ""start_line"": 443}"	P01338
agent-python-3327267830:shipped-test-skip:33	2	agent-python-3327267830:shipped-test-skip	natural:agent-python-3327267830:shipped-test-skip:33	2089eb1ae3a44c9e	"{""end_byte"": null, ""end_line"": 503, ""owner"": null, ""path"": ""app/components/MyVideoWidget.py"", ""start_byte"": null, ""start_line"": 503}"	P00428
agent-python-3327267830:shipped-test-skip:34	2	agent-python-3327267830:shipped-test-skip	natural:agent-python-3327267830:shipped-test-skip:34	9a2f13dd6fb0e796	"{""end_byte"": null, ""end_line"": 507, ""owner"": null, ""path"": ""app/components/MyVideoWidget.py"", ""start_byte"": null, ""start_line"": 507}"	P02042
agent-python-3327267830:shipped-test-skip:35	2	agent-python-3327267830:shipped-test-skip	natural:agent-python-3327267830:shipped-test-skip:35	daf8c7ff4cf31fbd	"{""end_byte"": null, ""end_line"": 523, ""owner"": null, ""path"": ""app/components/MyVideoWidget.py"", ""start_byte"": null, ""start_line"": 523}"	P01137
agent-python-3327267830:shipped-test-skip:36	2	agent-python-3327267830:shipped-test-skip	natural:agent-python-3327267830:shipped-test-skip:36	6fa2b6fdb35d502c	"{""end_byte"": null, ""end_line"": 529, ""owner"": null, ""path"": ""app/components/MyVideoWidget.py"", ""start_byte"": null, ""start_line"": 529}"	P01502
agent-python-3327267830:shipped-test-skip:37	2	agent-python-3327267830:shipped-test-skip	natural:agent-python-3327267830:shipped-test-skip:37	54169889eef5889b	"{""end_byte"": null, ""end_line"": 530, ""owner"": null, ""path"": ""app/components/MyVideoWidget.py"", ""start_byte"": null, ""start_line"": 530}"	P02145
agent-python-3327267830:shipped-test-skip:38	2	agent-python-3327267830:shipped-test-skip	natural:agent-python-3327267830:shipped-test-skip:38	fc6a4519f28343e7	"{""end_byte"": null, ""end_line"": 611, ""owner"": null, ""path"": ""app/components/MyVideoWidget.py"", ""start_byte"": null, ""start_line"": 611}"	P01667
agent-python-3327267830:shipped-test-skip:39	2	agent-python-3327267830:shipped-test-skip	natural:agent-python-3327267830:shipped-test-skip:39	c7f0b6785a131b0f	"{""end_byte"": null, ""end_line"": 613, ""owner"": null, ""path"": ""app/components/MyVideoWidget.py"", ""start_byte"": null, ""start_line"": 613}"	P00981
agent-python-3327267830:shipped-test-skip:40	2	agent-python-3327267830:shipped-test-skip	natural:agent-python-3327267830:shipped-test-skip:40	4a2b1539abdf4c90	"{""end_byte"": null, ""end_line"": 615, ""owner"": null, ""path"": ""app/components/MyVideoWidget.py"", ""start_byte"": null, ""start_line"": 615}"	P00004
agent-python-3327267830:shipped-test-skip:41	2	agent-python-3327267830:shipped-test-skip	natural:agent-python-3327267830:shipped-test-skip:41	c70062acd6ddefb5	"{""end_byte"": null, ""end_line"": 652, ""owner"": null, ""path"": ""app/components/MyVideoWidget.py"", ""start_byte"": null, ""start_line"": 652}"	P01399
agent-python-3327267830:shipped-test-skip:42	2	agent-python-3327267830:shipped-test-skip	natural:agent-python-3327267830:shipped-test-skip:42	1bebc45fb0c24445	"{""end_byte"": null, ""end_line"": 51, ""owner"": null, ""path"": ""app/components/SimpleSettingCard.py"", ""start_byte"": null, ""start_line"": 51}"	P01663
agent-python-3327267830:shipped-test-skip:43	2	agent-python-3327267830:shipped-test-skip	natural:agent-python-3327267830:shipped-test-skip:43	d2c06e3a7ea99a1d	"{""end_byte"": null, ""end_line"": 74, ""owner"": null, ""path"": ""app/components/SimpleSettingCard.py"", ""start_byte"": null, ""start_line"": 74}"	P01683
agent-python-3327267830:shipped-test-skip:44	2	agent-python-3327267830:shipped-test-skip	natural:agent-python-3327267830:shipped-test-skip:44	03ee06aa62ec773f	"{""end_byte"": null, ""end_line"": 77, ""owner"": null, ""path"": ""app/components/SimpleSettingCard.py"", ""start_byte"": null, ""start_line"": 77}"	P00880
agent-python-3327267830:shipped-test-skip:45	2	agent-python-3327267830:shipped-test-skip	natural:agent-python-3327267830:shipped-test-skip:45	506313089fab437d	"{""end_byte"": null, ""end_line"": 38, ""owner"": null, ""path"": ""app/components/SpinBoxSettingCard.py"", ""start_byte"": null, ""start_line"": 38}"	P00507
agent-python-3327267830:shipped-test-skip:46	2	agent-python-3327267830:shipped-test-skip	natural:agent-python-3327267830:shipped-test-skip:46	4f07d3cc4e4f146c	"{""end_byte"": null, ""end_line"": 31, ""owner"": null, ""path"": ""app/components/SubtitleSettingDialog.py"", ""start_byte"": null, ""start_line"": 31}"	P01891
agent-python-3327267830:shipped-test-skip:47	2	agent-python-3327267830:shipped-test-skip	natural:agent-python-3327267830:shipped-test-skip:47	247580c5b296d277	"{""end_byte"": null, ""end_line"": 34, ""owner"": null, ""path"": ""app/components/SubtitleSettingDialog.py"", ""start_byte"": null, ""start_line"": 34}"	P00462
agent-python-3327267830:shipped-test-skip:48	2	agent-python-3327267830:shipped-test-skip	natural:agent-python-3327267830:shipped-test-skip:48	d8ff26376cd0c0b9	"{""end_byte"": null, ""end_line"": 28, ""owner"": null, ""path"": ""app/components/WhisperAPISettingWidget.py"", ""start_byte"": null, ""start_line"": 28}"	P00563
agent-python-3327267830:shipped-test-skip:49	2	agent-python-3327267830:shipped-test-skip	natural:agent-python-3327267830:shipped-test-skip:49	98980f1d26f3e2dd	"{""end_byte"": null, ""end_line"": 62, ""owner"": null, ""path"": ""app/components/WhisperAPISettingWidget.py"", ""start_byte"": null, ""start_line"": 62}"	P01150
agent-python-3327267830:shipped-test-skip:50	2	agent-python-3327267830:shipped-test-skip	natural:agent-python-3327267830:shipped-test-skip:50	528a072813a3c4aa	"{""end_byte"": null, ""end_line"": 347, ""owner"": null, ""path"": ""app/components/WhisperCppSettingWidget.py"", ""start_byte"": null, ""start_line"": 347}"	P01870
agent-python-3327267830:shipped-test-skip:51	2	agent-python-3327267830:shipped-test-skip	natural:agent-python-3327267830:shipped-test-skip:51	2539dc1f6231c258	"{""end_byte"": null, ""end_line"": 352, ""owner"": null, ""path"": ""app/components/WhisperCppSettingWidget.py"", ""start_byte"": null, ""start_line"": 352}"	P01092
agent-python-3327267830:shipped-test-skip:52	2	agent-python-3327267830:shipped-test-skip	natural:agent-python-3327267830:shipped-test-skip:52	ae57504473755f8b	"{""end_byte"": null, ""end_line"": 361, ""owner"": null, ""path"": ""app/components/WhisperCppSettingWidget.py"", ""start_byte"": null, ""start_line"": 361}"	P01296
agent-python-3327267830:shipped-test-skip:53	2	agent-python-3327267830:shipped-test-skip	natural:agent-python-3327267830:shipped-test-skip:53	09ca68beb2b42043	"{""end_byte"": null, ""end_line"": 362, ""owner"": null, ""path"": ""app/components/WhisperCppSettingWidget.py"", ""start_byte"": null, ""start_line"": 362}"	P00605
agent-python-3327267830:shipped-test-skip:54	2	agent-python-3327267830:shipped-test-skip	natural:agent-python-3327267830:shipped-test-skip:54	9559a9ea1974b02a	"{""end_byte"": null, ""end_line"": 499, ""owner"": null, ""path"": ""app/components/WhisperCppSettingWidget.py"", ""start_byte"": null, ""start_line"": 499}"	P01551
agent-python-3327267830:shipped-test-skip:55	2	agent-python-3327267830:shipped-test-skip	natural:agent-python-3327267830:shipped-test-skip:55	0373e8bb0815f7c2	"{""end_byte"": null, ""end_line"": 340, ""owner"": null, ""path"": ""app/core/storage/cache_manager.py"", ""start_byte"": null, ""start_line"": 340}"	P01915
agent-python-3327267830:shipped-test-skip:56	2	agent-python-3327267830:shipped-test-skip	natural:agent-python-3327267830:shipped-test-skip:56	fc720355b2ef0716	"{""end_byte"": null, ""end_line"": 342, ""owner"": null, ""path"": ""app/core/storage/cache_manager.py"", ""start_byte"": null, ""start_line"": 342}"	P00370
agent-python-3327267830:shipped-test-skip:57	2	agent-python-3327267830:shipped-test-skip	natural:agent-python-3327267830:shipped-test-skip:57	d3c8e9297d2c2e17	"{""end_byte"": null, ""end_line"": 381, ""owner"": null, ""path"": ""app/core/storage/cache_manager.py"", ""start_byte"": null, ""start_line"": 381}"	P00754
agent-python-3327267830:shipped-test-skip:58	2	agent-python-3327267830:shipped-test-skip	natural:agent-python-3327267830:shipped-test-skip:58	21bd8408efb244da	"{""end_byte"": null, ""end_line"": 405, ""owner"": null, ""path"": ""app/core/storage/cache_manager.py"", ""start_byte"": null, ""start_line"": 405}"	P00039
agent-python-3327267830:shipped-test-skip:59	2	agent-python-3327267830:shipped-test-skip	natural:agent-python-3327267830:shipped-test-skip:59	e5dbb4a61fbadbd2	"{""end_byte"": null, ""end_line"": 122, ""owner"": null, ""path"": ""app/thread/batch_process_thread.py"", ""start_byte"": null, ""start_line"": 122}"	P00254
agent-python-3327267830:shipped-test-skip:60	2	agent-python-3327267830:shipped-test-skip	natural:agent-python-3327267830:shipped-test-skip:60	cbefd2238d0ea3df	"{""end_byte"": null, ""end_line"": 123, ""owner"": null, ""path"": ""app/thread/batch_process_thread.py"", ""start_byte"": null, ""start_line"": 123}"	P01733
agent-python-3327267830:shipped-test-skip:61	2	agent-python-3327267830:shipped-test-skip	natural:agent-python-3327267830:shipped-test-skip:61	8cb426c2350f86b1	"{""end_byte"": null, ""end_line"": 125, ""owner"": null, ""path"": ""app/thread/batch_process_thread.py"", ""start_byte"": null, ""start_line"": 125}"	P01229
agent-python-3327267830:shipped-test-skip:62	2	agent-python-3327267830:shipped-test-skip	natural:agent-python-3327267830:shipped-test-skip:62	13950aa46b3d7d2c	"{""end_byte"": null, ""end_line"": 126, ""owner"": null, ""path"": ""app/thread/batch_process_thread.py"", ""start_byte"": null, ""start_line"": 126}"	P00472
agent-python-3327267830:shipped-test-skip:63	2	agent-python-3327267830:shipped-test-skip	natural:agent-python-3327267830:shipped-test-skip:63	4c8292fc3a516c49	"{""end_byte"": null, ""end_line"": 128, ""owner"": null, ""path"": ""app/thread/batch_process_thread.py"", ""start_byte"": null, ""start_line"": 128}"	P01721
agent-python-3327267830:shipped-test-skip:64	2	agent-python-3327267830:shipped-test-skip	natural:agent-python-3327267830:shipped-test-skip:64	42f26e08ae6d407c	"{""end_byte"": null, ""end_line"": 129, ""owner"": null, ""path"": ""app/thread/batch_process_thread.py"", ""start_byte"": null, ""start_line"": 129}"	P00718
agent-python-3327267830:shipped-test-skip:65	2	agent-python-3327267830:shipped-test-skip	natural:agent-python-3327267830:shipped-test-skip:65	61d674b6bbd93e75	"{""end_byte"": null, ""end_line"": 321, ""owner"": null, ""path"": ""app/thread/batch_process_thread.py"", ""start_byte"": null, ""start_line"": 321}"	P01931
agent-python-3327267830:shipped-test-skip:66	2	agent-python-3327267830:shipped-test-skip	natural:agent-python-3327267830:shipped-test-skip:66	eb1d06df647ab3ec	"{""end_byte"": null, ""end_line"": 332, ""owner"": null, ""path"": ""app/thread/batch_process_thread.py"", ""start_byte"": null, ""start_line"": 332}"	P00604
agent-python-3327267830:shipped-test-skip:67	2	agent-python-3327267830:shipped-test-skip	natural:agent-python-3327267830:shipped-test-skip:67	17f94a31025e171b	"{""end_byte"": null, ""end_line"": 122, ""owner"": null, ""path"": ""app/thread/subtitle_pipeline_thread.py"", ""start_byte"": null, ""start_line"": 122}"	P01588
agent-python-3327267830:shipped-test-skip:68	2	agent-python-3327267830:shipped-test-skip	natural:agent-python-3327267830:shipped-test-skip:68	46e3f11d9ea9e805	"{""end_byte"": null, ""end_line"": 128, ""owner"": null, ""path"": ""app/thread/subtitle_pipeline_thread.py"", ""start_byte"": null, ""start_line"": 128}"	P01736
agent-python-3327267830:shipped-test-skip:69	2	agent-python-3327267830:shipped-test-skip	natural:agent-python-3327267830:shipped-test-skip:69	5cb48f3c4a18522b	"{""end_byte"": null, ""end_line"": 298, ""owner"": null, ""path"": ""app/thread/subtitle_thread.py"", ""start_byte"": null, ""start_line"": 298}"	P00248
agent-python-3327267830:shipped-test-skip:70	2	agent-python-3327267830:shipped-test-skip	natural:agent-python-3327267830:shipped-test-skip:70	674c4241347635ac	"{""end_byte"": null, ""end_line"": 42, ""owner"": null, ""path"": ""app/thread/version_manager_thread.py"", ""start_byte"": null, ""start_line"": 42}"	P00177
agent-python-3327267830:shipped-test-skip:71	2	agent-python-3327267830:shipped-test-skip	natural:agent-python-3327267830:shipped-test-skip:71	9364cebd4472f70e	"{""end_byte"": null, ""end_line"": 128, ""owner"": null, ""path"": ""app/view/batch_process_interface.py"", ""start_byte"": null, ""start_line"": 128}"	P00053
agent-python-3327267830:shipped-test-skip:72	2	agent-python-3327267830:shipped-test-skip	natural:agent-python-3327267830:shipped-test-skip:72	b6c6ed5000e81877	"{""end_byte"": null, ""end_line"": 280, ""owner"": null, ""path"": ""app/view/batch_process_interface.py"", ""start_byte"": null, ""start_line"": 280}"	P00193
agent-python-3327267830:shipped-test-skip:73	2	agent-python-3327267830:shipped-test-skip	natural:agent-python-3327267830:shipped-test-skip:73	43bf31f9e92f8850	"{""end_byte"": null, ""end_line"": 281, ""owner"": null, ""path"": ""app/view/batch_process_interface.py"", ""start_byte"": null, ""start_line"": 281}"	P01193
agent-python-3327267830:shipped-test-skip:74	2	agent-python-3327267830:shipped-test-skip	natural:agent-python-3327267830:shipped-test-skip:74	ba09f905ef8d1469	"{""end_byte"": null, ""end_line"": 26, ""owner"": null, ""path"": ""app/view/log_window.py"", ""start_byte"": null, ""start_line"": 26}"	P00427
agent-python-3327267830:shipped-test-skip:75	2	agent-python-3327267830:shipped-test-skip	natural:agent-python-3327267830:shipped-test-skip:75	886f289d77ab3e76	"{""end_byte"": null, ""end_line"": 29, ""owner"": null, ""path"": ""app/view/log_window.py"", ""start_byte"": null, ""start_line"": 29}"	P01096
agent-python-3327267830:shipped-test-skip:76	2	agent-python-3327267830:shipped-test-skip	natural:agent-python-3327267830:shipped-test-skip:76	eebf35a42b451750	"{""end_byte"": null, ""end_line"": 30, ""owner"": null, ""path"": ""app/view/log_window.py"", ""start_byte"": null, ""start_line"": 30}"	P00686
agent-python-3327267830:shipped-test-skip:77	2	agent-python-3327267830:shipped-test-skip	natural:agent-python-3327267830:shipped-test-skip:77	a1986371c5647a1f	"{""end_byte"": null, ""end_line"": 31, ""owner"": null, ""path"": ""app/view/log_window.py"", ""start_byte"": null, ""start_line"": 31}"	P00312
agent-python-3327267830:shipped-test-skip:78	2	agent-python-3327267830:shipped-test-skip	natural:agent-python-3327267830:shipped-test-skip:78	e197326dd4e037fd	"{""end_byte"": null, ""end_line"": 161, ""owner"": null, ""path"": ""app/view/log_window.py"", ""start_byte"": null, ""start_line"": 161}"	P01820
agent-python-3327267830:shipped-test-skip:79	2	agent-python-3327267830:shipped-test-skip	natural:agent-python-3327267830:shipped-test-skip:79	17ac5808a82ad11a	"{""end_byte"": null, ""end_line"": 85, ""owner"": null, ""path"": ""app/view/setting_interface.py"", ""start_byte"": null, ""start_line"": 85}"	P02094
agent-python-3327267830:shipped-test-skip:80	2	agent-python-3327267830:shipped-test-skip	natural:agent-python-3327267830:shipped-test-skip:80	2cb419ba39efa431	"{""end_byte"": null, ""end_line"": 115, ""owner"": null, ""path"": ""app/view/setting_interface.py"", ""start_byte"": null, ""start_line"": 115}"	P00334
agent-python-3327267830:shipped-test-skip:81	2	agent-python-3327267830:shipped-test-skip	natural:agent-python-3327267830:shipped-test-skip:81	061b8dc3b7bbdab6	"{""end_byte"": null, ""end_line"": 251, ""owner"": null, ""path"": ""app/view/setting_interface.py"", ""start_byte"": null, ""start_line"": 251}"	P00536
agent-python-3327267830:shipped-test-skip:82	2	agent-python-3327267830:shipped-test-skip	natural:agent-python-3327267830:shipped-test-skip:82	671b5156f60d1f0a	"{""end_byte"": null, ""end_line"": 381, ""owner"": null, ""path"": ""app/view/setting_interface.py"", ""start_byte"": null, ""start_line"": 381}"	P00560
agent-python-3327267830:shipped-test-skip:83	2	agent-python-3327267830:shipped-test-skip	natural:agent-python-3327267830:shipped-test-skip:83	59e95fcf2a202d80	"{""end_byte"": null, ""end_line"": 420, ""owner"": null, ""path"": ""app/view/setting_interface.py"", ""start_byte"": null, ""start_line"": 420}"	P01423
agent-python-3327267830:shipped-test-skip:84	2	agent-python-3327267830:shipped-test-skip	natural:agent-python-3327267830:shipped-test-skip:84	486b91be2ad123e7	"{""end_byte"": null, ""end_line"": 478, ""owner"": null, ""path"": ""app/view/setting_interface.py"", ""start_byte"": null, ""start_line"": 478}"	P00877
agent-python-3327267830:shipped-test-skip:85	2	agent-python-3327267830:shipped-test-skip	natural:agent-python-3327267830:shipped-test-skip:85	b897692c6ede2637	"{""end_byte"": null, ""end_line"": 572, ""owner"": null, ""path"": ""app/view/setting_interface.py"", ""start_byte"": null, ""start_line"": 572}"	P00620
agent-python-3327267830:shipped-test-skip:86	2	agent-python-3327267830:shipped-test-skip	natural:agent-python-3327267830:shipped-test-skip:86	b7af7f1b7b356529	"{""end_byte"": null, ""end_line"": 71, ""owner"": null, ""path"": ""app/view/subtitle_interface.py"", ""start_byte"": null, ""start_line"": 71}"	P00213
agent-python-3327267830:shipped-test-skip:87	2	agent-python-3327267830:shipped-test-skip	natural:agent-python-3327267830:shipped-test-skip:87	702f451ddd16b6ab	"{""end_byte"": null, ""end_line"": 82, ""owner"": null, ""path"": ""app/view/subtitle_interface.py"", ""start_byte"": null, ""start_line"": 82}"	P00578
agent-python-3327267830:shipped-test-skip:88	2	agent-python-3327267830:shipped-test-skip	natural:agent-python-3327267830:shipped-test-skip:88	d13081b99a170716	"{""end_byte"": null, ""end_line"": 99, ""owner"": null, ""path"": ""app/view/subtitle_interface.py"", ""start_byte"": null, ""start_line"": 99}"	P02013
agent-python-3327267830:shipped-test-skip:89	2	agent-python-3327267830:shipped-test-skip	natural:agent-python-3327267830:shipped-test-skip:89	a206c2f94b6e16ec	"{""end_byte"": null, ""end_line"": 101, ""owner"": null, ""path"": ""app/view/subtitle_interface.py"", ""start_byte"": null, ""start_line"": 101}"	P01643
agent-python-3327267830:shipped-test-skip:90	2	agent-python-3327267830:shipped-test-skip	natural:agent-python-3327267830:shipped-test-skip:90	53a0501bf7a53a8e	"{""end_byte"": null, ""end_line"": 104, ""owner"": null, ""path"": ""app/view/subtitle_interface.py"", ""start_byte"": null, ""start_line"": 104}"	P00800
agent-python-3327267830:shipped-test-skip:91	2	agent-python-3327267830:shipped-test-skip	natural:agent-python-3327267830:shipped-test-skip:91	39515f01fc8f5e47	"{""end_byte"": null, ""end_line"": 108, ""owner"": null, ""path"": ""app/view/subtitle_interface.py"", ""start_byte"": null, ""start_line"": 108}"	P02093
agent-python-3327267830:shipped-test-skip:92	2	agent-python-3327267830:shipped-test-skip	natural:agent-python-3327267830:shipped-test-skip:92	3f3934d8f9d295a9	"{""end_byte"": null, ""end_line"": 123, ""owner"": null, ""path"": ""app/view/subtitle_interface.py"", ""start_byte"": null, ""start_line"": 123}"	P01605
agent-python-3327267830:shipped-test-skip:93	2	agent-python-3327267830:shipped-test-skip	natural:agent-python-3327267830:shipped-test-skip:93	6c89db4afc6bb495	"{""end_byte"": null, ""end_line"": 128, ""owner"": null, ""path"": ""app/view/subtitle_interface.py"", ""start_byte"": null, ""start_line"": 128}"	P00083
agent-python-3327267830:shipped-test-skip:94	2	agent-python-3327267830:shipped-test-skip	natural:agent-python-3327267830:shipped-test-skip:94	a3722f40c9a83143	"{""end_byte"": null, ""end_line"": 129, ""owner"": null, ""path"": ""app/view/subtitle_interface.py"", ""start_byte"": null, ""start_line"": 129}"	P01232
agent-python-3327267830:shipped-test-skip:95	2	agent-python-3327267830:shipped-test-skip	natural:agent-python-3327267830:shipped-test-skip:95	9e7e124efae1bf61	"{""end_byte"": null, ""end_line"": 130, ""owner"": null, ""path"": ""app/view/subtitle_interface.py"", ""start_byte"": null, ""start_line"": 130}"	P01801
agent-python-3327267830:shipped-test-skip:96	2	agent-python-3327267830:shipped-test-skip	natural:agent-python-3327267830:shipped-test-skip:96	0cbe40c9d16df92f	"{""end_byte"": null, ""end_line"": 131, ""owner"": null, ""path"": ""app/view/subtitle_interface.py"", ""start_byte"": null, ""start_line"": 131}"	P02037
agent-python-3327267830:shipped-test-skip:97	2	agent-python-3327267830:shipped-test-skip	natural:agent-python-3327267830:shipped-test-skip:97	72aca33bb1c330cc	"{""end_byte"": null, ""end_line"": 142, ""owner"": null, ""path"": ""app/view/subtitle_interface.py"", ""start_byte"": null, ""start_line"": 142}"	P00575
agent-python-3327267830:shipped-test-skip:98	2	agent-python-3327267830:shipped-test-skip	natural:agent-python-3327267830:shipped-test-skip:98	3d7eaf403cde6c94	"{""end_byte"": null, ""end_line"": 145, ""owner"": null, ""path"": ""app/view/subtitle_interface.py"", ""start_byte"": null, ""start_line"": 145}"	P01884
agent-python-3327267830:shipped-test-skip:99	2	agent-python-3327267830:shipped-test-skip	natural:agent-python-3327267830:shipped-test-skip:99	6532a39655fb4647	"{""end_byte"": null, ""end_line"": 156, ""owner"": null, ""path"": ""app/view/subtitle_interface.py"", ""start_byte"": null, ""start_line"": 156}"	P01182
agent-python-3327267830:shipped-test-skip:100	2	agent-python-3327267830:shipped-test-skip	natural:agent-python-3327267830:shipped-test-skip:100	b972ffbf02e929d8	"{""end_byte"": null, ""end_line"": 158, ""owner"": null, ""path"": ""app/view/subtitle_interface.py"", ""start_byte"": null, ""start_line"": 158}"	P01082
agent-python-3327267830:shipped-test-skip:101	2	agent-python-3327267830:shipped-test-skip	natural:agent-python-3327267830:shipped-test-skip:101	222ede82ba510a4e	"{""end_byte"": null, ""end_line"": 159, ""owner"": null, ""path"": ""app/view/subtitle_interface.py"", ""start_byte"": null, ""start_line"": 159}"	P01479
agent-python-3327267830:shipped-test-skip:102	2	agent-python-3327267830:shipped-test-skip	natural:agent-python-3327267830:shipped-test-skip:102	da9467d76dfb1562	"{""end_byte"": null, ""end_line"": 183, ""owner"": null, ""path"": ""app/view/subtitle_interface.py"", ""start_byte"": null, ""start_line"": 183}"	P01753
agent-python-3327267830:shipped-test-skip:103	2	agent-python-3327267830:shipped-test-skip	natural:agent-python-3327267830:shipped-test-skip:103	a8ba6ea1ac1c02ee	"{""end_byte"": null, ""end_line"": 200, ""owner"": null, ""path"": ""app/view/subtitle_interface.py"", ""start_byte"": null, ""start_line"": 200}"	P00443
agent-python-3327267830:shipped-test-skip:104	2	agent-python-3327267830:shipped-test-skip	natural:agent-python-3327267830:shipped-test-skip:104	c73a37f8d711c59e	"{""end_byte"": null, ""end_line"": 229, ""owner"": null, ""path"": ""app/view/subtitle_interface.py"", ""start_byte"": null, ""start_line"": 229}"	P02083
agent-python-3327267830:shipped-test-skip:105	2	agent-python-3327267830:shipped-test-skip	natural:agent-python-3327267830:shipped-test-skip:105	ccbc920fad9bb652	"{""end_byte"": null, ""end_line"": 361, ""owner"": null, ""path"": ""app/view/subtitle_interface.py"", ""start_byte"": null, ""start_line"": 361}"	P01797
agent-python-3327267830:shipped-test-skip:106	2	agent-python-3327267830:shipped-test-skip	natural:agent-python-3327267830:shipped-test-skip:106	cd297dfc1aaf7010	"{""end_byte"": null, ""end_line"": 367, ""owner"": null, ""path"": ""app/view/subtitle_interface.py"", ""start_byte"": null, ""start_line"": 367}"	P00892
agent-python-3327267830:shipped-test-skip:107	2	agent-python-3327267830:shipped-test-skip	natural:agent-python-3327267830:shipped-test-skip:107	a8b7d77eef0b8b99	"{""end_byte"": null, ""end_line"": 371, ""owner"": null, ""path"": ""app/view/subtitle_interface.py"", ""start_byte"": null, ""start_line"": 371}"	P00353
agent-python-3327267830:shipped-test-skip:108	2	agent-python-3327267830:shipped-test-skip	natural:agent-python-3327267830:shipped-test-skip:108	6ac62d42a2405969	"{""end_byte"": null, ""end_line"": 380, ""owner"": null, ""path"": ""app/view/subtitle_interface.py"", ""start_byte"": null, ""start_line"": 380}"	P02001
agent-python-3327267830:shipped-test-skip:109	2	agent-python-3327267830:shipped-test-skip	natural:agent-python-3327267830:shipped-test-skip:109	fbb6e56d99499553	"{""end_byte"": null, ""end_line"": 422, ""owner"": null, ""path"": ""app/view/subtitle_interface.py"", ""start_byte"": null, ""start_line"": 422}"	P01871
agent-python-3327267830:shipped-test-skip:110	2	agent-python-3327267830:shipped-test-skip	natural:agent-python-3327267830:shipped-test-skip:110	3a5d76ce644c0ea3	"{""end_byte"": null, ""end_line"": 796, ""owner"": null, ""path"": ""app/view/subtitle_interface.py"", ""start_byte"": null, ""start_line"": 796}"	P00176
agent-python-3327267830:shipped-test-skip:111	2	agent-python-3327267830:shipped-test-skip	natural:agent-python-3327267830:shipped-test-skip:111	52e07b7784a6fd0e	"{""end_byte"": null, ""end_line"": 895, ""owner"": null, ""path"": ""app/view/subtitle_interface.py"", ""start_byte"": null, ""start_line"": 895}"	P01906
agent-python-3327267830:shipped-test-skip:112	2	agent-python-3327267830:shipped-test-skip	natural:agent-python-3327267830:shipped-test-skip:112	6472db515548d194	"{""end_byte"": null, ""end_line"": 897, ""owner"": null, ""path"": ""app/view/subtitle_interface.py"", ""start_byte"": null, ""start_line"": 897}"	P01170
agent-python-3327267830:shipped-test-skip:113	2	agent-python-3327267830:shipped-test-skip	natural:agent-python-3327267830:shipped-test-skip:113	f6810e774c0b0ad7	"{""end_byte"": null, ""end_line"": 898, ""owner"": null, ""path"": ""app/view/subtitle_interface.py"", ""start_byte"": null, ""start_line"": 898}"	P01469
agent-python-3327267830:shipped-test-skip:114	2	agent-python-3327267830:shipped-test-skip	natural:agent-python-3327267830:shipped-test-skip:114	e188c273821a04e9	"{""end_byte"": null, ""end_line"": 144, ""owner"": null, ""path"": ""app/view/subtitle_style_interface.py"", ""start_byte"": null, ""start_line"": 144}"	P02097
agent-python-3327267830:shipped-test-skip:115	2	agent-python-3327267830:shipped-test-skip	natural:agent-python-3327267830:shipped-test-skip:115	b161db5a2f71902c	"{""end_byte"": null, ""end_line"": 145, ""owner"": null, ""path"": ""app/view/subtitle_style_interface.py"", ""start_byte"": null, ""start_line"": 145}"	P00783
agent-python-3327267830:shipped-test-skip:116	2	agent-python-3327267830:shipped-test-skip	natural:agent-python-3327267830:shipped-test-skip:116	5961e616cc01a9df	"{""end_byte"": null, ""end_line"": 146, ""owner"": null, ""path"": ""app/view/subtitle_style_interface.py"", ""start_byte"": null, ""start_line"": 146}"	P01377
agent-python-3327267830:shipped-test-skip:117	2	agent-python-3327267830:shipped-test-skip	natural:agent-python-3327267830:shipped-test-skip:117	0c725ccea3ddc1ef	"{""end_byte"": null, ""end_line"": 153, ""owner"": null, ""path"": ""app/view/subtitle_style_interface.py"", ""start_byte"": null, ""start_line"": 153}"	P01830
agent-python-3327267830:shipped-test-skip:118	2	agent-python-3327267830:shipped-test-skip	natural:agent-python-3327267830:shipped-test-skip:118	55f50bfc026f73c1	"{""end_byte"": null, ""end_line"": 182, ""owner"": null, ""path"": ""app/view/subtitle_style_interface.py"", ""start_byte"": null, ""start_line"": 182}"	P01099
agent-python-3327267830:shipped-test-skip:119	2	agent-python-3327267830:shipped-test-skip	natural:agent-python-3327267830:shipped-test-skip:119	2dabba74765ab297	"{""end_byte"": null, ""end_line"": 199, ""owner"": null, ""path"": ""app/view/subtitle_style_interface.py"", ""start_byte"": null, ""start_line"": 199}"	P00184
agent-python-3327267830:shipped-test-skip:120	2	agent-python-3327267830:shipped-test-skip	natural:agent-python-3327267830:shipped-test-skip:120	243b35bbd9438c93	"{""end_byte"": null, ""end_line"": 206, ""owner"": null, ""path"": ""app/view/subtitle_style_interface.py"", ""start_byte"": null, ""start_line"": 206}"	P01831
agent-python-3327267830:shipped-test-skip:121	2	agent-python-3327267830:shipped-test-skip	natural:agent-python-3327267830:shipped-test-skip:121	efa17cfbc633b037	"{""end_byte"": null, ""end_line"": 224, ""owner"": null, ""path"": ""app/view/subtitle_style_interface.py"", ""start_byte"": null, ""start_line"": 224}"	P01309
agent-python-3327267830:shipped-test-skip:122	2	agent-python-3327267830:shipped-test-skip	natural:agent-python-3327267830:shipped-test-skip:122	4e7e791a3fe7b71d	"{""end_byte"": null, ""end_line"": 237, ""owner"": null, ""path"": ""app/view/subtitle_style_interface.py"", ""start_byte"": null, ""start_line"": 237}"	P00426
agent-python-3327267830:shipped-test-skip:123	2	agent-python-3327267830:shipped-test-skip	natural:agent-python-3327267830:shipped-test-skip:123	77f98a0fa0f818b3	"{""end_byte"": null, ""end_line"": 295, ""owner"": null, ""path"": ""app/view/subtitle_style_interface.py"", ""start_byte"": null, ""start_line"": 295}"	P00739
agent-python-3327267830:shipped-test-skip:124	2	agent-python-3327267830:shipped-test-skip	natural:agent-python-3327267830:shipped-test-skip:124	617c1ac8d61a820e	"{""end_byte"": null, ""end_line"": 303, ""owner"": null, ""path"": ""app/view/subtitle_style_interface.py"", ""start_byte"": null, ""start_line"": 303}"	P00917
agent-python-3327267830:shipped-test-skip:125	2	agent-python-3327267830:shipped-test-skip	natural:agent-python-3327267830:shipped-test-skip:125	cffcb9554026ac58	"{""end_byte"": null, ""end_line"": 689, ""owner"": null, ""path"": ""app/view/subtitle_style_interface.py"", ""start_byte"": null, ""start_line"": 689}"	P01827
agent-python-3327267830:shipped-test-skip:126	2	agent-python-3327267830:shipped-test-skip	natural:agent-python-3327267830:shipped-test-skip:126	ef6fb421ad805ef6	"{""end_byte"": null, ""end_line"": 56, ""owner"": null, ""path"": ""app/view/task_creation_interface.py"", ""start_byte"": null, ""start_line"": 56}"	P01414
agent-python-3327267830:shipped-test-skip:127	2	agent-python-3327267830:shipped-test-skip	natural:agent-python-3327267830:shipped-test-skip:127	c979c85d04ae2995	"{""end_byte"": null, ""end_line"": 77, ""owner"": null, ""path"": ""app/view/task_creation_interface.py"", ""start_byte"": null, ""start_line"": 77}"	P00698
agent-python-3327267830:shipped-test-skip:128	2	agent-python-3327267830:shipped-test-skip	natural:agent-python-3327267830:shipped-test-skip:128	572015dd338e28ff	"{""end_byte"": null, ""end_line"": 81, ""owner"": null, ""path"": ""app/view/task_creation_interface.py"", ""start_byte"": null, ""start_line"": 81}"	P00822
agent-python-3327267830:shipped-test-skip:129	2	agent-python-3327267830:shipped-test-skip	natural:agent-python-3327267830:shipped-test-skip:129	ef656e7e1fe5610f	"{""end_byte"": null, ""end_line"": 139, ""owner"": null, ""path"": ""app/view/task_creation_interface.py"", ""start_byte"": null, ""start_line"": 139}"	P01774
agent-python-3327267830:shipped-test-skip:130	2	agent-python-3327267830:shipped-test-skip	natural:agent-python-3327267830:shipped-test-skip:130	4802d9ba625859cd	"{""end_byte"": null, ""end_line"": 142, ""owner"": null, ""path"": ""app/view/task_creation_interface.py"", ""start_byte"": null, ""start_line"": 142}"	P01718
agent-python-3327267830:shipped-test-skip:131	2	agent-python-3327267830:shipped-test-skip	natural:agent-python-3327267830:shipped-test-skip:131	023299ee60755def	"{""end_byte"": null, ""end_line"": 147, ""owner"": null, ""path"": ""app/view/task_creation_interface.py"", ""start_byte"": null, ""start_line"": 147}"	P01742
agent-python-3327267830:shipped-test-skip:132	2	agent-python-3327267830:shipped-test-skip	natural:agent-python-3327267830:shipped-test-skip:132	e406e23436190f6e	"{""end_byte"": null, ""end_line"": 188, ""owner"": null, ""path"": ""app/view/task_creation_interface.py"", ""start_byte"": null, ""start_line"": 188}"	P02069
agent-python-3327267830:shipped-test-skip:133	2	agent-python-3327267830:shipped-test-skip	natural:agent-python-3327267830:shipped-test-skip:133	796d6d76ae1722e7	"{""end_byte"": null, ""end_line"": 411, ""owner"": null, ""path"": ""app/view/task_creation_interface.py"", ""start_byte"": null, ""start_line"": 411}"	P01465
agent-python-3327267830:shipped-test-skip:134	2	agent-python-3327267830:shipped-test-skip	natural:agent-python-3327267830:shipped-test-skip:134	83a87e85314efa9a	"{""end_byte"": null, ""end_line"": 412, ""owner"": null, ""path"": ""app/view/task_creation_interface.py"", ""start_byte"": null, ""start_line"": 412}"	P00881
agent-python-3327267830:shipped-test-skip:135	2	agent-python-3327267830:shipped-test-skip	natural:agent-python-3327267830:shipped-test-skip:135	2482eb282910d80a	"{""end_byte"": null, ""end_line"": 84, ""owner"": null, ""path"": ""app/view/transcription_interface.py"", ""start_byte"": null, ""start_line"": 84}"	P01422
agent-python-3327267830:shipped-test-skip:136	2	agent-python-3327267830:shipped-test-skip	natural:agent-python-3327267830:shipped-test-skip:136	f6eb9b158b489ed0	"{""end_byte"": null, ""end_line"": 86, ""owner"": null, ""path"": ""app/view/transcription_interface.py"", ""start_byte"": null, ""start_line"": 86}"	P01991
agent-python-3327267830:shipped-test-skip:137	2	agent-python-3327267830:shipped-test-skip	natural:agent-python-3327267830:shipped-test-skip:137	c1e8ddab5854c7b6	"{""end_byte"": null, ""end_line"": 89, ""owner"": null, ""path"": ""app/view/transcription_interface.py"", ""start_byte"": null, ""start_line"": 89}"	P01996
agent-python-3327267830:shipped-test-skip:138	2	agent-python-3327267830:shipped-test-skip	natural:agent-python-3327267830:shipped-test-skip:138	7f8debaf0eb928e3	"{""end_byte"": null, ""end_line"": 99, ""owner"": null, ""path"": ""app/view/transcription_interface.py"", ""start_byte"": null, ""start_line"": 99}"	P00556
agent-python-3327267830:shipped-test-skip:139	2	agent-python-3327267830:shipped-test-skip	natural:agent-python-3327267830:shipped-test-skip:139	6d0d56a39c042536	"{""end_byte"": null, ""end_line"": 119, ""owner"": null, ""path"": ""app/view/transcription_interface.py"", ""start_byte"": null, ""start_line"": 119}"	P02038
agent-python-3327267830:shipped-test-skip:140	2	agent-python-3327267830:shipped-test-skip	natural:agent-python-3327267830:shipped-test-skip:140	932cd22d27066218	"{""end_byte"": null, ""end_line"": 141, ""owner"": null, ""path"": ""app/view/transcription_interface.py"", ""start_byte"": null, ""start_line"": 141}"	P00133
agent-python-3327267830:shipped-test-skip:141	2	agent-python-3327267830:shipped-test-skip	natural:agent-python-3327267830:shipped-test-skip:141	07f0f450b9bd21d7	"{""end_byte"": null, ""end_line"": 278, ""owner"": null, ""path"": ""app/view/transcription_interface.py"", ""start_byte"": null, ""start_line"": 278}"	P00480
agent-python-3327267830:shipped-test-skip:142	2	agent-python-3327267830:shipped-test-skip	natural:agent-python-3327267830:shipped-test-skip:142	d602c0e069a83119	"{""end_byte"": null, ""end_line"": 306, ""owner"": null, ""path"": ""app/view/transcription_interface.py"", ""start_byte"": null, ""start_line"": 306}"	P01848
agent-python-3327267830:shipped-test-skip:143	2	agent-python-3327267830:shipped-test-skip	natural:agent-python-3327267830:shipped-test-skip:143	4283e5a89459d22e	"{""end_byte"": null, ""end_line"": 481, ""owner"": null, ""path"": ""app/view/transcription_interface.py"", ""start_byte"": null, ""start_line"": 481}"	P02061
agent-python-3327267830:shipped-test-skip:144	2	agent-python-3327267830:shipped-test-skip	natural:agent-python-3327267830:shipped-test-skip:144	4ef0cf41e3f45135	"{""end_byte"": null, ""end_line"": 482, ""owner"": null, ""path"": ""app/view/transcription_interface.py"", ""start_byte"": null, ""start_line"": 482}"	P01126
agent-python-3327267830:shipped-test-skip:145	2	agent-python-3327267830:shipped-test-skip	natural:agent-python-3327267830:shipped-test-skip:145	cf9302fb27bc6e35	"{""end_byte"": null, ""end_line"": 47, ""owner"": null, ""path"": ""app/view/video_synthesis_interface.py"", ""start_byte"": null, ""start_line"": 47}"	P01375
agent-python-3327267830:shipped-test-skip:146	2	agent-python-3327267830:shipped-test-skip	natural:agent-python-3327267830:shipped-test-skip:146	65468a507f55f2a3	"{""end_byte"": null, ""end_line"": 66, ""owner"": null, ""path"": ""app/view/video_synthesis_interface.py"", ""start_byte"": null, ""start_line"": 66}"	P01903
agent-python-3327267830:shipped-test-skip:147	2	agent-python-3327267830:shipped-test-skip	natural:agent-python-3327267830:shipped-test-skip:147	ba70798ffcbaea5e	"{""end_byte"": null, ""end_line"": 122, ""owner"": null, ""path"": ""app/view/video_synthesis_interface.py"", ""start_byte"": null, ""start_line"": 122}"	P00167
agent-python-3327267830:shipped-test-skip:148	2	agent-python-3327267830:shipped-test-skip	natural:agent-python-3327267830:shipped-test-skip:148	d5ff102b7e263374	"{""end_byte"": null, ""end_line"": 399, ""owner"": null, ""path"": ""app/view/video_synthesis_interface.py"", ""start_byte"": null, ""start_line"": 399}"	P00253
agent-python-3327267830:shipped-test-skip:149	2	agent-python-3327267830:shipped-test-skip	natural:agent-python-3327267830:shipped-test-skip:149	0571cc5c1d45b737	"{""end_byte"": null, ""end_line"": 400, ""owner"": null, ""path"": ""app/view/video_synthesis_interface.py"", ""start_byte"": null, ""start_line"": 400}"	P00073
agent-python-3327267830:shipped-test-skip:150	2	agent-python-3327267830:shipped-test-skip	natural:agent-python-3327267830:shipped-test-skip:150	09c3a09985250e49	"{""end_byte"": null, ""end_line"": 54, ""owner"": null, ""path"": ""main.py"", ""start_byte"": null, ""start_line"": 54}"	P02151
agent-python-3327267830:shipped-test-skip:151	2	agent-python-3327267830:shipped-test-skip	natural:agent-python-3327267830:shipped-test-skip:151	9f12afe11e7f5817	"{""end_byte"": null, ""end_line"": 56, ""owner"": null, ""path"": ""main.py"", ""start_byte"": null, ""start_line"": 56}"	P01520
agent-python-3327267830:shipped-test-skip:152	2	agent-python-3327267830:shipped-test-skip	natural:agent-python-3327267830:shipped-test-skip:152	a24fd4c102433df6	"{""end_byte"": null, ""end_line"": 60, ""owner"": null, ""path"": ""main.py"", ""start_byte"": null, ""start_line"": 60}"	P01666
agent-python-3327267830:shipped-test-skip:153	2	agent-python-3327267830:shipped-test-skip	natural:agent-python-3327267830:shipped-test-skip:153	535aa7ae4d70e329	"{""end_byte"": null, ""end_line"": 63, ""owner"": null, ""path"": ""main.py"", ""start_byte"": null, ""start_line"": 63}"	P00059
agent-python-3327267830:new-direct-dependency:1	2	agent-python-3327267830:new-direct-dependency	natural:agent-python-3327267830:new-direct-dependency:1	pypi:json-repair	"{""end_byte"": null, ""end_line"": null, ""owner"": null, ""path"": ""requirements.txt"", ""start_byte"": null, ""start_line"": null}"	P01370
agent-python-3327267830:ruff-python-injection:1	2	agent-python-3327267830:ruff-python-injection	natural:agent-python-3327267830:ruff-python-injection:1	S602:app/core/utils/platform_utils.py:49:13:`subprocess` call with `shell=True` identified, security issue	"{""end_byte"": null, ""end_line"": 49, ""owner"": null, ""path"": ""app/core/utils/platform_utils.py"", ""start_byte"": null, ""start_line"": 49}"	P00231
agent-python-3327267830:ruff-python-injection:2	2	agent-python-3327267830:ruff-python-injection	natural:agent-python-3327267830:ruff-python-injection:2	S102:app/thread/version_manager_thread.py:106:13:Use of `exec` detected	"{""end_byte"": null, ""end_line"": 106, ""owner"": null, ""path"": ""app/thread/version_manager_thread.py"", ""start_byte"": null, ""start_line"": 106}"	P00703
agent-python-3327267830:ruff-python-swallowed:1	2	agent-python-3327267830:ruff-python-swallowed	natural:agent-python-3327267830:ruff-python-swallowed:1	BLE001:app/components/FasterWhisperSettingWidget.py:183:16:Do not catch blind exception: `Exception`	"{""end_byte"": null, ""end_line"": 183, ""owner"": null, ""path"": ""app/components/FasterWhisperSettingWidget.py"", ""start_byte"": null, ""start_line"": 183}"	P00477
agent-python-3327267830:ruff-python-swallowed:2	2	agent-python-3327267830:ruff-python-swallowed	natural:agent-python-3327267830:ruff-python-swallowed:2	BLE001:app/components/FasterWhisperSettingWidget.py:482:16:Do not catch blind exception: `Exception`	"{""end_byte"": null, ""end_line"": 482, ""owner"": null, ""path"": ""app/components/FasterWhisperSettingWidget.py"", ""start_byte"": null, ""start_line"": 482}"	P02020
agent-python-3327267830:ruff-python-swallowed:3	2	agent-python-3327267830:ruff-python-swallowed	natural:agent-python-3327267830:ruff-python-swallowed:3	BLE001:app/components/MyVideoWidget.py:255:16:Do not catch blind exception: `Exception`	"{""end_byte"": null, ""end_line"": 255, ""owner"": null, ""path"": ""app/components/MyVideoWidget.py"", ""start_byte"": null, ""start_line"": 255}"	P00119
agent-python-3327267830:ruff-python-swallowed:4	2	agent-python-3327267830:ruff-python-swallowed	natural:agent-python-3327267830:ruff-python-swallowed:4	BLE001:app/components/MyVideoWidget.py:370:16:Do not catch blind exception: `Exception`	"{""end_byte"": null, ""end_line"": 370, ""owner"": null, ""path"": ""app/components/MyVideoWidget.py"", ""start_byte"": null, ""start_line"": 370}"	P01136
agent-python-3327267830:ruff-python-swallowed:5	2	agent-python-3327267830:ruff-python-swallowed	natural:agent-python-3327267830:ruff-python-swallowed:5	BLE001:app/components/WhisperCppSettingWidget.py:437:24:Do not catch blind exception: `Exception`	"{""end_byte"": null, ""end_line"": 437, ""owner"": null, ""path"": ""app/components/WhisperCppSettingWidget.py"", ""start_byte"": null, ""start_line"": 437}"	P01898
agent-python-3327267830:ruff-python-swallowed:6	2	agent-python-3327267830:ruff-python-swallowed	natural:agent-python-3327267830:ruff-python-swallowed:6	BLE001:app/core/bk_asr/whisper_cpp.py:160:28:Do not catch blind exception: `Exception`	"{""end_byte"": null, ""end_line"": 160, ""owner"": null, ""path"": ""app/core/bk_asr/whisper_cpp.py"", ""start_byte"": null, ""start_line"": 160}"	P00488
agent-python-3327267830:ruff-python-swallowed:7	2	agent-python-3327267830:ruff-python-swallowed	natural:agent-python-3327267830:ruff-python-swallowed:7	BLE001:app/core/storage/cache_manager.py:81:16:Do not catch blind exception: `Exception`	"{""end_byte"": null, ""end_line"": 81, ""owner"": null, ""path"": ""app/core/storage/cache_manager.py"", ""start_byte"": null, ""start_line"": 81}"	P00303
agent-python-3327267830:ruff-python-swallowed:8	2	agent-python-3327267830:ruff-python-swallowed	natural:agent-python-3327267830:ruff-python-swallowed:8	BLE001:app/core/storage/cache_manager.py:101:16:Do not catch blind exception: `Exception`	"{""end_byte"": null, ""end_line"": 101, ""owner"": null, ""path"": ""app/core/storage/cache_manager.py"", ""start_byte"": null, ""start_line"": 101}"	P01600
agent-python-3327267830:ruff-python-swallowed:9	2	agent-python-3327267830:ruff-python-swallowed	natural:agent-python-3327267830:ruff-python-swallowed:9	BLE001:app/core/storage/cache_manager.py:144:16:Do not catch blind exception: `Exception`	"{""end_byte"": null, ""end_line"": 144, ""owner"": null, ""path"": ""app/core/storage/cache_manager.py"", ""start_byte"": null, ""start_line"": 144}"	P01834
agent-python-3327267830:ruff-python-swallowed:10	2	agent-python-3327267830:ruff-python-swallowed	natural:agent-python-3327267830:ruff-python-swallowed:10	BLE001:app/core/storage/cache_manager.py:238:16:Do not catch blind exception: `Exception`	"{""end_byte"": null, ""end_line"": 238, ""owner"": null, ""path"": ""app/core/storage/cache_manager.py"", ""start_byte"": null, ""start_line"": 238}"	P00107
agent-python-3327267830:ruff-python-swallowed:11	2	agent-python-3327267830:ruff-python-swallowed	natural:agent-python-3327267830:ruff-python-swallowed:11	BLE001:app/core/storage/cache_manager.py:255:16:Do not catch blind exception: `Exception`	"{""end_byte"": null, ""end_line"": 255, ""owner"": null, ""path"": ""app/core/storage/cache_manager.py"", ""start_byte"": null, ""start_line"": 255}"	P00619
agent-python-3327267830:ruff-python-swallowed:12	2	agent-python-3327267830:ruff-python-swallowed	natural:agent-python-3327267830:ruff-python-swallowed:12	BLE001:app/core/storage/cache_manager.py:315:16:Do not catch blind exception: `Exception`	"{""end_byte"": null, ""end_line"": 315, ""owner"": null, ""path"": ""app/core/storage/cache_manager.py"", ""start_byte"": null, ""start_line"": 315}"	P01405
agent-python-3327267830:ruff-python-swallowed:13	2	agent-python-3327267830:ruff-python-swallowed	natural:agent-python-3327267830:ruff-python-swallowed:13	BLE001:app/core/storage/cache_manager.py:358:16:Do not catch blind exception: `Exception`	"{""end_byte"": null, ""end_line"": 358, ""owner"": null, ""path"": ""app/core/storage/cache_manager.py"", ""start_byte"": null, ""start_line"": 358}"	P01883
agent-python-3327267830:ruff-python-swallowed:14	2	agent-python-3327267830:ruff-python-swallowed	natural:agent-python-3327267830:ruff-python-swallowed:14	BLE001:app/core/storage/cache_manager.py:382:16:Do not catch blind exception: `Exception`	"{""end_byte"": null, ""end_line"": 382, ""owner"": null, ""path"": ""app/core/storage/cache_manager.py"", ""start_byte"": null, ""start_line"": 382}"	P00103
agent-python-3327267830:ruff-python-swallowed:15	2	agent-python-3327267830:ruff-python-swallowed	natural:agent-python-3327267830:ruff-python-swallowed:15	BLE001:app/core/storage/cache_manager.py:407:16:Do not catch blind exception: `Exception`	"{""end_byte"": null, ""end_line"": 407, ""owner"": null, ""path"": ""app/core/storage/cache_manager.py"", ""start_byte"": null, ""start_line"": 407}"	P01262
agent-python-3327267830:ruff-python-swallowed:16	2	agent-python-3327267830:ruff-python-swallowed	natural:agent-python-3327267830:ruff-python-swallowed:16	BLE001:app/core/subtitle_processor/optimize.py:86:16:Do not catch blind exception: `Exception`	"{""end_byte"": null, ""end_line"": 86, ""owner"": null, ""path"": ""app/core/subtitle_processor/optimize.py"", ""start_byte"": null, ""start_line"": 86}"	P01973
agent-python-3327267830:ruff-python-swallowed:17	2	agent-python-3327267830:ruff-python-swallowed	natural:agent-python-3327267830:ruff-python-swallowed:17	BLE001:app/core/subtitle_processor/optimize.py:116:20:Do not catch blind exception: `Exception`	"{""end_byte"": null, ""end_line"": 116, ""owner"": null, ""path"": ""app/core/subtitle_processor/optimize.py"", ""start_byte"": null, ""start_line"": 116}"	P01097
agent-python-3327267830:ruff-python-swallowed:18	2	agent-python-3327267830:ruff-python-swallowed	natural:agent-python-3327267830:ruff-python-swallowed:18	BLE001:app/core/subtitle_processor/optimize.py:242:20:Do not catch blind exception: `Exception`	"{""end_byte"": null, ""end_line"": 242, ""owner"": null, ""path"": ""app/core/subtitle_processor/optimize.py"", ""start_byte"": null, ""start_line"": 242}"	P01880
agent-python-3327267830:ruff-python-swallowed:19	2	agent-python-3327267830:ruff-python-swallowed	natural:agent-python-3327267830:ruff-python-swallowed:19	BLE001:app/core/subtitle_processor/split_by_llm.py:80:12:Do not catch blind exception: `Exception`	"{""end_byte"": null, ""end_line"": 80, ""owner"": null, ""path"": ""app/core/subtitle_processor/split_by_llm.py"", ""start_byte"": null, ""start_line"": 80}"	P01014
agent-python-3327267830:ruff-python-swallowed:20	2	agent-python-3327267830:ruff-python-swallowed	natural:agent-python-3327267830:ruff-python-swallowed:20	BLE001:app/core/subtitle_processor/translate.py:93:16:Do not catch blind exception: `Exception`	"{""end_byte"": null, ""end_line"": 93, ""owner"": null, ""path"": ""app/core/subtitle_processor/translate.py"", ""start_byte"": null, ""start_line"": 93}"	P01527
agent-python-3327267830:ruff-python-swallowed:21	2	agent-python-3327267830:ruff-python-swallowed	natural:agent-python-3327267830:ruff-python-swallowed:21	BLE001:app/core/subtitle_processor/translate.py:121:20:Do not catch blind exception: `Exception`	"{""end_byte"": null, ""end_line"": 121, ""owner"": null, ""path"": ""app/core/subtitle_processor/translate.py"", ""start_byte"": null, ""start_line"": 121}"	P00993
agent-python-3327267830:ruff-python-swallowed:22	2	agent-python-3327267830:ruff-python-swallowed	natural:agent-python-3327267830:ruff-python-swallowed:22	BLE001:app/core/subtitle_processor/translate.py:151:20:Do not catch blind exception: `Exception`	"{""end_byte"": null, ""end_line"": 151, ""owner"": null, ""path"": ""app/core/subtitle_processor/translate.py"", ""start_byte"": null, ""start_line"": 151}"	P00624
agent-python-3327267830:ruff-python-swallowed:23	2	agent-python-3327267830:ruff-python-swallowed	natural:agent-python-3327267830:ruff-python-swallowed:23	BLE001:app/core/subtitle_processor/translate.py:171:20:Do not catch blind exception: `Exception`	"{""end_byte"": null, ""end_line"": 171, ""owner"": null, ""path"": ""app/core/subtitle_processor/translate.py"", ""start_byte"": null, ""start_line"": 171}"	P01066
agent-python-3327267830:ruff-python-swallowed:24	2	agent-python-3327267830:ruff-python-swallowed	natural:agent-python-3327267830:ruff-python-swallowed:24	BLE001:app/core/subtitle_processor/translate.py:286:16:Do not catch blind exception: `Exception`	"{""end_byte"": null, ""end_line"": 286, ""owner"": null, ""path"": ""app/core/subtitle_processor/translate.py"", ""start_byte"": null, ""start_line"": 286}"	P01409
agent-python-3327267830:ruff-python-swallowed:25	2	agent-python-3327267830:ruff-python-swallowed	natural:agent-python-3327267830:ruff-python-swallowed:25	BLE001:app/core/subtitle_processor/translate.py:289:20:Do not catch blind exception: `Exception`	"{""end_byte"": null, ""end_line"": 289, ""owner"": null, ""path"": ""app/core/subtitle_processor/translate.py"", ""start_byte"": null, ""start_line"": 289}"	P01411
agent-python-3327267830:ruff-python-swallowed:26	2	agent-python-3327267830:ruff-python-swallowed	natural:agent-python-3327267830:ruff-python-swallowed:26	BLE001:app/core/subtitle_processor/translate.py:335:20:Do not catch blind exception: `Exception`	"{""end_byte"": null, ""end_line"": 335, ""owner"": null, ""path"": ""app/core/subtitle_processor/translate.py"", ""start_byte"": null, ""start_line"": 335}"	P01501
agent-python-3327267830:ruff-python-swallowed:27	2	agent-python-3327267830:ruff-python-swallowed	natural:agent-python-3327267830:ruff-python-swallowed:27	BLE001:app/core/subtitle_processor/translate.py:384:16:Do not catch blind exception: `Exception`	"{""end_byte"": null, ""end_line"": 384, ""owner"": null, ""path"": ""app/core/subtitle_processor/translate.py"", ""start_byte"": null, ""start_line"": 384}"	P01388
agent-python-3327267830:ruff-python-swallowed:28	2	agent-python-3327267830:ruff-python-swallowed	natural:agent-python-3327267830:ruff-python-swallowed:28	BLE001:app/core/subtitle_processor/translate.py:478:20:Do not catch blind exception: `Exception`	"{""end_byte"": null, ""end_line"": 478, ""owner"": null, ""path"": ""app/core/subtitle_processor/translate.py"", ""start_byte"": null, ""start_line"": 478}"	P00011
agent-python-3327267830:ruff-python-swallowed:29	2	agent-python-3327267830:ruff-python-swallowed	natural:agent-python-3327267830:ruff-python-swallowed:29	BLE001:app/core/subtitle_processor/translate.py:543:16:Do not catch blind exception: `Exception`	"{""end_byte"": null, ""end_line"": 543, ""owner"": null, ""path"": ""app/core/subtitle_processor/translate.py"", ""start_byte"": null, ""start_line"": 543}"	P00175
agent-python-3327267830:ruff-python-swallowed:30	2	agent-python-3327267830:ruff-python-swallowed	natural:agent-python-3327267830:ruff-python-swallowed:30	BLE001:app/core/subtitle_processor/translate.py:607:20:Do not catch blind exception: `Exception`	"{""end_byte"": null, ""end_line"": 607, ""owner"": null, ""path"": ""app/core/subtitle_processor/translate.py"", ""start_byte"": null, ""start_line"": 607}"	P01726
agent-python-3327267830:ruff-python-swallowed:31	2	agent-python-3327267830:ruff-python-swallowed	natural:agent-python-3327267830:ruff-python-swallowed:31	BLE001:app/core/subtitle_processor/translate.py:613:28:Do not catch blind exception: `Exception`	"{""end_byte"": null, ""end_line"": 613, ""owner"": null, ""path"": ""app/core/subtitle_processor/translate.py"", ""start_byte"": null, ""start_line"": 613}"	P01143
agent-python-3327267830:ruff-python-swallowed:32	2	agent-python-3327267830:ruff-python-swallowed	natural:agent-python-3327267830:ruff-python-swallowed:32	BLE001:app/core/subtitle_processor/translate.py:709:20:Do not catch blind exception: `Exception`	"{""end_byte"": null, ""end_line"": 709, ""owner"": null, ""path"": ""app/core/subtitle_processor/translate.py"", ""start_byte"": null, ""start_line"": 709}"	P00542
agent-python-3327267830:ruff-python-swallowed:33	2	agent-python-3327267830:ruff-python-swallowed	natural:agent-python-3327267830:ruff-python-swallowed:33	BLE001:app/core/utils/test_opanai.py:36:12:Do not catch blind exception: `Exception`	"{""end_byte"": null, ""end_line"": 36, ""owner"": null, ""path"": ""app/core/utils/test_opanai.py"", ""start_byte"": null, ""start_line"": 36}"	P00991
agent-python-3327267830:ruff-python-swallowed:34	2	agent-python-3327267830:ruff-python-swallowed	natural:agent-python-3327267830:ruff-python-swallowed:34	BLE001:app/core/utils/test_opanai.py:64:12:Do not catch blind exception: `Exception`	"{""end_byte"": null, ""end_line"": 64, ""owner"": null, ""path"": ""app/core/utils/test_opanai.py"", ""start_byte"": null, ""start_line"": 64}"	P00782
agent-python-3327267830:ruff-python-swallowed:35	2	agent-python-3327267830:ruff-python-swallowed	natural:agent-python-3327267830:ruff-python-swallowed:35	BLE001:app/thread/subtitle_thread.py:299:24:Do not catch blind exception: `Exception`	"{""end_byte"": null, ""end_line"": 299, ""owner"": null, ""path"": ""app/thread/subtitle_thread.py"", ""start_byte"": null, ""start_line"": 299}"	P00635
agent-python-3327267830:ruff-python-swallowed:36	2	agent-python-3327267830:ruff-python-swallowed	natural:agent-python-3327267830:ruff-python-swallowed:36	BLE001:app/thread/subtitle_thread.py:311:16:Do not catch blind exception: `Exception`	"{""end_byte"": null, ""end_line"": 311, ""owner"": null, ""path"": ""app/thread/subtitle_thread.py"", ""start_byte"": null, ""start_line"": 311}"	P00431
agent-python-3327267830:ruff-python-swallowed:37	2	agent-python-3327267830:ruff-python-swallowed	natural:agent-python-3327267830:ruff-python-swallowed:37	BLE001:app/thread/transcript_thread.py:137:24:Do not catch blind exception: `Exception`	"{""end_byte"": null, ""end_line"": 137, ""owner"": null, ""path"": ""app/thread/transcript_thread.py"", ""start_byte"": null, ""start_line"": 137}"	P00160
agent-python-3327267830:ruff-python-swallowed:38	2	agent-python-3327267830:ruff-python-swallowed	natural:agent-python-3327267830:ruff-python-swallowed:38	S110:app/thread/version_manager_thread.py:102:13:`try`-`except`-`pass` detected, consider logging the exception	"{""end_byte"": null, ""end_line"": 102, ""owner"": null, ""path"": ""app/thread/version_manager_thread.py"", ""start_byte"": null, ""start_line"": 102}"	P01635
agent-python-3327267830:ruff-python-swallowed:39	2	agent-python-3327267830:ruff-python-swallowed	natural:agent-python-3327267830:ruff-python-swallowed:39	BLE001:app/thread/video_download_thread.py:161:20:Do not catch blind exception: `Exception`	"{""end_byte"": null, ""end_line"": 161, ""owner"": null, ""path"": ""app/thread/video_download_thread.py"", ""start_byte"": null, ""start_line"": 161}"	P00869
agent-python-3327267830:ruff-python-swallowed:40	2	agent-python-3327267830:ruff-python-swallowed	natural:agent-python-3327267830:ruff-python-swallowed:40	BLE001:app/thread/video_info_thread.py:34:16:Do not catch blind exception: `Exception`	"{""end_byte"": null, ""end_line"": 34, ""owner"": null, ""path"": ""app/thread/video_info_thread.py"", ""start_byte"": null, ""start_line"": 34}"	P01454
agent-python-3327267830:ruff-python-swallowed:41	2	agent-python-3327267830:ruff-python-swallowed	natural:agent-python-3327267830:ruff-python-swallowed:41	BLE001:app/view/log_window.py:61:16:Do not catch blind exception: `Exception`	"{""end_byte"": null, ""end_line"": 61, ""owner"": null, ""path"": ""app/view/log_window.py"", ""start_byte"": null, ""start_line"": 61}"	P00171
agent-python-3327267830:ruff-python-swallowed:42	2	agent-python-3327267830:ruff-python-swallowed	natural:agent-python-3327267830:ruff-python-swallowed:42	BLE001:app/view/log_window.py:111:16:Do not catch blind exception: `Exception`	"{""end_byte"": null, ""end_line"": 111, ""owner"": null, ""path"": ""app/view/log_window.py"", ""start_byte"": null, ""start_line"": 111}"	P01875
agent-python-3327267830:ruff-python-swallowed:43	2	agent-python-3327267830:ruff-python-swallowed	natural:agent-python-3327267830:ruff-python-swallowed:43	BLE001:app/view/log_window.py:153:16:Do not catch blind exception: `Exception`	"{""end_byte"": null, ""end_line"": 153, ""owner"": null, ""path"": ""app/view/log_window.py"", ""start_byte"": null, ""start_line"": 153}"	P00032
agent-python-3327267830:ruff-python-swallowed:44	2	agent-python-3327267830:ruff-python-swallowed	natural:agent-python-3327267830:ruff-python-swallowed:44	BLE001:app/view/setting_interface.py:782:16:Do not catch blind exception: `Exception`	"{""end_byte"": null, ""end_line"": 782, ""owner"": null, ""path"": ""app/view/setting_interface.py"", ""start_byte"": null, ""start_line"": 782}"	P02027
agent-python-3327267830:ruff-python-swallowed:45	2	agent-python-3327267830:ruff-python-swallowed	natural:agent-python-3327267830:ruff-python-swallowed:45	BLE001:app/view/subtitle_interface.py:567:16:Do not catch blind exception: `Exception`	"{""end_byte"": null, ""end_line"": 567, ""owner"": null, ""path"": ""app/view/subtitle_interface.py"", ""start_byte"": null, ""start_line"": 567}"	P00077
human-python-3327267830-2644922867:ruff-python-swallowed:1	2	human-python-3327267830-2644922867:ruff-python-swallowed	natural:human-python-3327267830-2644922867:ruff-python-swallowed:1	BLE001:app/components/WhisperCppSettingWidget.py:450:24:Do not catch blind exception: `Exception`	"{""end_byte"": null, ""end_line"": 450, ""owner"": null, ""path"": ""app/components/WhisperCppSettingWidget.py"", ""start_byte"": null, ""start_line"": 450}"	P00798
human-python-3327267830-2644922867:ruff-python-swallowed:2	2	human-python-3327267830-2644922867:ruff-python-swallowed	natural:human-python-3327267830-2644922867:ruff-python-swallowed:2	BLE001:app/core/bk_asr/whisper_cpp.py:60:16:Do not catch blind exception: `Exception`	"{""end_byte"": null, ""end_line"": 60, ""owner"": null, ""path"": ""app/core/bk_asr/whisper_cpp.py"", ""start_byte"": null, ""start_line"": 60}"	P00130
human-python-3327267830-2644922867:ruff-python-swallowed:3	2	human-python-3327267830-2644922867:ruff-python-swallowed	natural:human-python-3327267830-2644922867:ruff-python-swallowed:3	BLE001:app/core/bk_asr/whisper_cpp.py:261:16:Do not catch blind exception: `Exception`	"{""end_byte"": null, ""end_line"": 261, ""owner"": null, ""path"": ""app/core/bk_asr/whisper_cpp.py"", ""start_byte"": null, ""start_line"": 261}"	P00857
human-python-3327267830-2644922867:ruff-python-swallowed:4	2	human-python-3327267830-2644922867:ruff-python-swallowed	natural:human-python-3327267830-2644922867:ruff-python-swallowed:4	BLE001:app/core/bk_asr/whisper_cpp.py:287:12:Do not catch blind exception: `Exception`	"{""end_byte"": null, ""end_line"": 287, ""owner"": null, ""path"": ""app/core/bk_asr/whisper_cpp.py"", ""start_byte"": null, ""start_line"": 287}"	P01917
agent-python-3288751740:ruff-python-swallowed:1	2	agent-python-3288751740:ruff-python-swallowed	natural:agent-python-3288751740:ruff-python-swallowed:1	BLE001:reproduction/reproduce_issue.py:116:24:Do not catch blind exception: `Exception`	"{""end_byte"": null, ""end_line"": 116, ""owner"": null, ""path"": ""reproduction/reproduce_issue.py"", ""start_byte"": null, ""start_line"": 116}"	P00182
agent-python-3288751740:ruff-python-swallowed:2	2	agent-python-3288751740:ruff-python-swallowed	natural:agent-python-3288751740:ruff-python-swallowed:2	BLE001:reproduction/reproduce_issue.py:181:20:Do not catch blind exception: `Exception`	"{""end_byte"": null, ""end_line"": 181, ""owner"": null, ""path"": ""reproduction/reproduce_issue.py"", ""start_byte"": null, ""start_line"": 181}"	P00090
agent-python-3288751740:ruff-python-swallowed:3	2	agent-python-3288751740:ruff-python-swallowed	natural:agent-python-3288751740:ruff-python-swallowed:3	BLE001:reproduction/reproduce_issue.py:207:12:Do not catch blind exception: `Exception`	"{""end_byte"": null, ""end_line"": 207, ""owner"": null, ""path"": ""reproduction/reproduce_issue.py"", ""start_byte"": null, ""start_line"": 207}"	P01293
agent-python-3288751740:ruff-python-swallowed:4	2	agent-python-3288751740:ruff-python-swallowed	natural:agent-python-3288751740:ruff-python-swallowed:4	BLE001:reproduction/reproduce_issue.py:219:12:Do not catch blind exception: `Exception`	"{""end_byte"": null, ""end_line"": 219, ""owner"": null, ""path"": ""reproduction/reproduce_issue.py"", ""start_byte"": null, ""start_line"": 219}"	P01189
agent-python-3288751740:ruff-python-swallowed:5	2	agent-python-3288751740:ruff-python-swallowed	natural:agent-python-3288751740:ruff-python-swallowed:5	BLE001:reproduction/simple_reproduce.py:37:12:Do not catch blind exception: `Exception`	"{""end_byte"": null, ""end_line"": 37, ""owner"": null, ""path"": ""reproduction/simple_reproduce.py"", ""start_byte"": null, ""start_line"": 37}"	P01389
human-python-3288751740-2848154600:shipped-escapes:1	2	human-python-3288751740-2848154600:shipped-escapes	natural:human-python-3288751740-2848154600:shipped-escapes:1	d72264d5005aa84a	"{""end_byte"": null, ""end_line"": 110, ""owner"": null, ""path"": ""sentry_sdk/integrations/graphene.py"", ""start_byte"": null, ""start_line"": 110}"	P02142
human-python-3288751740-2848154600:shipped-escapes:2	2	human-python-3288751740-2848154600:shipped-escapes	natural:human-python-3288751740-2848154600:shipped-escapes:2	2aad56855be1c8ee	"{""end_byte"": null, ""end_line"": 58, ""owner"": null, ""path"": ""sentry_sdk/integrations/starlette.py"", ""start_byte"": null, ""start_line"": 58}"	P01704
human-python-3288751740-2848154600:shipped-test-skip:1	2	human-python-3288751740-2848154600:shipped-test-skip	natural:human-python-3288751740-2848154600:shipped-test-skip:1	d72264d5005aa84a	"{""end_byte"": null, ""end_line"": 110, ""owner"": null, ""path"": ""sentry_sdk/integrations/graphene.py"", ""start_byte"": null, ""start_line"": 110}"	P01348
human-python-3288751740-2848154600:shipped-test-skip:2	2	human-python-3288751740-2848154600:shipped-test-skip	natural:human-python-3288751740-2848154600:shipped-test-skip:2	2aad56855be1c8ee	"{""end_byte"": null, ""end_line"": 58, ""owner"": null, ""path"": ""sentry_sdk/integrations/starlette.py"", ""start_byte"": null, ""start_line"": 58}"	P01008
human-python-3288751740-2848154600:ruff-python-swallowed:1	2	human-python-3288751740-2848154600:ruff-python-swallowed	natural:human-python-3288751740-2848154600:ruff-python-swallowed:1	S110:tests/integrations/starlette/test_starlette.py:587:5:`try`-`except`-`pass` detected, consider logging the exception	"{""end_byte"": null, ""end_line"": 587, ""owner"": null, ""path"": ""tests/integrations/starlette/test_starlette.py"", ""start_byte"": null, ""start_line"": 587}"	P01512
human-python-3288751740-2848154600:ruff-python-swallowed:2	2	human-python-3288751740-2848154600:ruff-python-swallowed	natural:human-python-3288751740-2848154600:ruff-python-swallowed:2	BLE001:tests/integrations/starlette/test_starlette.py:587:12:Do not catch blind exception: `Exception`	"{""end_byte"": null, ""end_line"": 587, ""owner"": null, ""path"": ""tests/integrations/starlette/test_starlette.py"", ""start_byte"": null, ""start_line"": 587}"	P00257
human-python-3288751740-2848154600:ruff-python-swallowed:3	2	human-python-3288751740-2848154600:ruff-python-swallowed	natural:human-python-3288751740-2848154600:ruff-python-swallowed:3	S110:tests/integrations/starlette/test_starlette.py:611:5:`try`-`except`-`pass` detected, consider logging the exception	"{""end_byte"": null, ""end_line"": 611, ""owner"": null, ""path"": ""tests/integrations/starlette/test_starlette.py"", ""start_byte"": null, ""start_line"": 611}"	P00434
human-python-3288751740-2848154600:ruff-python-swallowed:4	2	human-python-3288751740-2848154600:ruff-python-swallowed	natural:human-python-3288751740-2848154600:ruff-python-swallowed:4	BLE001:tests/integrations/starlette/test_starlette.py:611:12:Do not catch blind exception: `Exception`	"{""end_byte"": null, ""end_line"": 611, ""owner"": null, ""path"": ""tests/integrations/starlette/test_starlette.py"", ""start_byte"": null, ""start_line"": 611}"	P00186
human-python-3288751740-2848154600:ruff-python-swallowed:5	2	human-python-3288751740-2848154600:ruff-python-swallowed	natural:human-python-3288751740-2848154600:ruff-python-swallowed:5	S110:tests/integrations/starlette/test_starlette.py:634:5:`try`-`except`-`pass` detected, consider logging the exception	"{""end_byte"": null, ""end_line"": 634, ""owner"": null, ""path"": ""tests/integrations/starlette/test_starlette.py"", ""start_byte"": null, ""start_line"": 634}"	P00418
human-python-3288751740-2848154600:ruff-python-swallowed:6	2	human-python-3288751740-2848154600:ruff-python-swallowed	natural:human-python-3288751740-2848154600:ruff-python-swallowed:6	BLE001:tests/integrations/starlette/test_starlette.py:634:12:Do not catch blind exception: `Exception`	"{""end_byte"": null, ""end_line"": 634, ""owner"": null, ""path"": ""tests/integrations/starlette/test_starlette.py"", ""start_byte"": null, ""start_line"": 634}"	P01866
human-python-3288751740-2848154600:ruff-python-swallowed:7	2	human-python-3288751740-2848154600:ruff-python-swallowed	natural:human-python-3288751740-2848154600:ruff-python-swallowed:7	S110:tests/integrations/starlette/test_starlette.py:693:5:`try`-`except`-`pass` detected, consider logging the exception	"{""end_byte"": null, ""end_line"": 693, ""owner"": null, ""path"": ""tests/integrations/starlette/test_starlette.py"", ""start_byte"": null, ""start_line"": 693}"	P01783
human-python-3288751740-2848154600:ruff-python-swallowed:8	2	human-python-3288751740-2848154600:ruff-python-swallowed	natural:human-python-3288751740-2848154600:ruff-python-swallowed:8	BLE001:tests/integrations/starlette/test_starlette.py:693:12:Do not catch blind exception: `Exception`	"{""end_byte"": null, ""end_line"": 693, ""owner"": null, ""path"": ""tests/integrations/starlette/test_starlette.py"", ""start_byte"": null, ""start_line"": 693}"	P02048
human-python-3288751740-2848154600:ruff-python-swallowed:9	2	human-python-3288751740-2848154600:ruff-python-swallowed	natural:human-python-3288751740-2848154600:ruff-python-swallowed:9	S110:tests/integrations/starlette/test_starlette.py:733:5:`try`-`except`-`pass` detected, consider logging the exception	"{""end_byte"": null, ""end_line"": 733, ""owner"": null, ""path"": ""tests/integrations/starlette/test_starlette.py"", ""start_byte"": null, ""start_line"": 733}"	P00568
human-python-3288751740-2848154600:ruff-python-swallowed:10	2	human-python-3288751740-2848154600:ruff-python-swallowed	natural:human-python-3288751740-2848154600:ruff-python-swallowed:10	BLE001:tests/integrations/starlette/test_starlette.py:733:12:Do not catch blind exception: `Exception`	"{""end_byte"": null, ""end_line"": 733, ""owner"": null, ""path"": ""tests/integrations/starlette/test_starlette.py"", ""start_byte"": null, ""start_line"": 733}"	P02018
human-python-3288751740-2848154600:ruff-python-swallowed:11	2	human-python-3288751740-2848154600:ruff-python-swallowed	natural:human-python-3288751740-2848154600:ruff-python-swallowed:11	S110:tests/integrations/starlette/test_starlette.py:752:5:`try`-`except`-`pass` detected, consider logging the exception	"{""end_byte"": null, ""end_line"": 752, ""owner"": null, ""path"": ""tests/integrations/starlette/test_starlette.py"", ""start_byte"": null, ""start_line"": 752}"	P01196
human-python-3288751740-2848154600:ruff-python-swallowed:12	2	human-python-3288751740-2848154600:ruff-python-swallowed	natural:human-python-3288751740-2848154600:ruff-python-swallowed:12	BLE001:tests/integrations/starlette/test_starlette.py:752:12:Do not catch blind exception: `Exception`	"{""end_byte"": null, ""end_line"": 752, ""owner"": null, ""path"": ""tests/integrations/starlette/test_starlette.py"", ""start_byte"": null, ""start_line"": 752}"	P00450
human-python-3288751740-2848154600:ruff-python-swallowed:13	2	human-python-3288751740-2848154600:ruff-python-swallowed	natural:human-python-3288751740-2848154600:ruff-python-swallowed:13	S110:tests/integrations/starlette/test_starlette.py:827:5:`try`-`except`-`pass` detected, consider logging the exception	"{""end_byte"": null, ""end_line"": 827, ""owner"": null, ""path"": ""tests/integrations/starlette/test_starlette.py"", ""start_byte"": null, ""start_line"": 827}"	P00078
human-python-3288751740-2848154600:ruff-python-swallowed:14	2	human-python-3288751740-2848154600:ruff-python-swallowed	natural:human-python-3288751740-2848154600:ruff-python-swallowed:14	BLE001:tests/integrations/starlette/test_starlette.py:827:12:Do not catch blind exception: `Exception`	"{""end_byte"": null, ""end_line"": 827, ""owner"": null, ""path"": ""tests/integrations/starlette/test_starlette.py"", ""start_byte"": null, ""start_line"": 827}"	P01205
human-python-3288751740-2848154600:ruff-python-swallowed:15	2	human-python-3288751740-2848154600:ruff-python-swallowed	natural:human-python-3288751740-2848154600:ruff-python-swallowed:15	S110:tests/integrations/starlette/test_starlette.py:844:5:`try`-`except`-`pass` detected, consider logging the exception	"{""end_byte"": null, ""end_line"": 844, ""owner"": null, ""path"": ""tests/integrations/starlette/test_starlette.py"", ""start_byte"": null, ""start_line"": 844}"	P00812
human-python-3288751740-2848154600:ruff-python-swallowed:16	2	human-python-3288751740-2848154600:ruff-python-swallowed	natural:human-python-3288751740-2848154600:ruff-python-swallowed:16	BLE001:tests/integrations/starlette/test_starlette.py:844:12:Do not catch blind exception: `Exception`	"{""end_byte"": null, ""end_line"": 844, ""owner"": null, ""path"": ""tests/integrations/starlette/test_starlette.py"", ""start_byte"": null, ""start_line"": 844}"	P00148
human-python-3288751740-2848154600:ruff-python-swallowed:17	2	human-python-3288751740-2848154600:ruff-python-swallowed	natural:human-python-3288751740-2848154600:ruff-python-swallowed:17	S110:tests/integrations/starlette/test_starlette.py:1329:5:`try`-`except`-`pass` detected, consider logging the exception	"{""end_byte"": null, ""end_line"": 1329, ""owner"": null, ""path"": ""tests/integrations/starlette/test_starlette.py"", ""start_byte"": null, ""start_line"": 1329}"	P01889
human-python-3288751740-2848154600:ruff-python-swallowed:18	2	human-python-3288751740-2848154600:ruff-python-swallowed	natural:human-python-3288751740-2848154600:ruff-python-swallowed:18	BLE001:tests/integrations/starlette/test_starlette.py:1329:12:Do not catch blind exception: `Exception`	"{""end_byte"": null, ""end_line"": 1329, ""owner"": null, ""path"": ""tests/integrations/starlette/test_starlette.py"", ""start_byte"": null, ""start_line"": 1329}"	P00129
agent-python-3203515928:error-broad-handler:1	2	agent-python-3203515928:error-broad-handler	natural:agent-python-3203515928:error-broad-handler:1	broad-handler:other:terminal_bench/dataset/dataset.py:285	"{""end_byte"": null, ""end_line"": 285, ""owner"": null, ""path"": ""terminal_bench/dataset/dataset.py"", ""start_byte"": null, ""start_line"": 285}"	P01241
agent-python-3203515928:error-broad-handler:2	2	agent-python-3203515928:error-broad-handler	natural:agent-python-3203515928:error-broad-handler:2	broad-handler:other:terminal_bench/dataset/dataset.py:311	"{""end_byte"": null, ""end_line"": 311, ""owner"": null, ""path"": ""terminal_bench/dataset/dataset.py"", ""start_byte"": null, ""start_line"": 311}"	P01002
agent-python-3203515928:ruff-python-swallowed:1	2	agent-python-3203515928:ruff-python-swallowed	natural:agent-python-3203515928:ruff-python-swallowed:1	BLE001:terminal_bench/cli/tb/runs.py:432:12:Do not catch blind exception: `Exception`	"{""end_byte"": null, ""end_line"": 432, ""owner"": null, ""path"": ""terminal_bench/cli/tb/runs.py"", ""start_byte"": null, ""start_line"": 432}"	P00900
agent-python-3203515928:ruff-python-swallowed:2	2	agent-python-3203515928:ruff-python-swallowed	natural:agent-python-3203515928:ruff-python-swallowed:2	BLE001:terminal_bench/dataset/dataset.py:285:20:Do not catch blind exception: `Exception`	"{""end_byte"": null, ""end_line"": 285, ""owner"": null, ""path"": ""terminal_bench/dataset/dataset.py"", ""start_byte"": null, ""start_line"": 285}"	P01139
agent-python-3203515928:ruff-python-swallowed:3	2	agent-python-3203515928:ruff-python-swallowed	natural:agent-python-3203515928:ruff-python-swallowed:3	BLE001:terminal_bench/dataset/dataset.py:311:20:Do not catch blind exception: `Exception`	"{""end_byte"": null, ""end_line"": 311, ""owner"": null, ""path"": ""terminal_bench/dataset/dataset.py"", ""start_byte"": null, ""start_line"": 311}"	P00412
agent-python-3203515928:ruff-python-swallowed:4	2	agent-python-3203515928:ruff-python-swallowed	natural:agent-python-3203515928:ruff-python-swallowed:4	BLE001:terminal_bench/harness/harness.py:339:16:Do not catch blind exception: `Exception`	"{""end_byte"": null, ""end_line"": 339, ""owner"": null, ""path"": ""terminal_bench/harness/harness.py"", ""start_byte"": null, ""start_line"": 339}"	P01688
agent-python-3203515928:ruff-python-swallowed:5	2	agent-python-3203515928:ruff-python-swallowed	natural:agent-python-3203515928:ruff-python-swallowed:5	BLE001:terminal_bench/harness/harness.py:427:16:Do not catch blind exception: `Exception`	"{""end_byte"": null, ""end_line"": 427, ""owner"": null, ""path"": ""terminal_bench/harness/harness.py"", ""start_byte"": null, ""start_line"": 427}"	P00456
agent-python-3203515928:ruff-python-swallowed:6	2	agent-python-3203515928:ruff-python-swallowed	natural:agent-python-3203515928:ruff-python-swallowed:6	BLE001:terminal_bench/harness/harness.py:637:28:Do not catch blind exception: `Exception`	"{""end_byte"": null, ""end_line"": 637, ""owner"": null, ""path"": ""terminal_bench/harness/harness.py"", ""start_byte"": null, ""start_line"": 637}"	P01860
agent-python-3203515928:ruff-python-swallowed:7	2	agent-python-3203515928:ruff-python-swallowed	natural:agent-python-3203515928:ruff-python-swallowed:7	BLE001:terminal_bench/harness/harness.py:661:16:Do not catch blind exception: `Exception`	"{""end_byte"": null, ""end_line"": 661, ""owner"": null, ""path"": ""terminal_bench/harness/harness.py"", ""start_byte"": null, ""start_line"": 661}"	P00481
agent-python-3203515928:ruff-python-swallowed:8	2	agent-python-3203515928:ruff-python-swallowed	natural:agent-python-3203515928:ruff-python-swallowed:8	BLE001:terminal_bench/harness/harness.py:732:16:Do not catch blind exception: `Exception`	"{""end_byte"": null, ""end_line"": 732, ""owner"": null, ""path"": ""terminal_bench/harness/harness.py"", ""start_byte"": null, ""start_line"": 732}"	P00572
agent-python-3203515928:ruff-python-swallowed:9	2	agent-python-3203515928:ruff-python-swallowed	natural:agent-python-3203515928:ruff-python-swallowed:9	BLE001:terminal_bench/harness/harness.py:828:16:Do not catch blind exception: `Exception`	"{""end_byte"": null, ""end_line"": 828, ""owner"": null, ""path"": ""terminal_bench/harness/harness.py"", ""start_byte"": null, ""start_line"": 828}"	P00366
human-python-3203515928-2644838880:ruff-python-swallowed:1	2	human-python-3203515928-2644838880:ruff-python-swallowed	natural:human-python-3203515928-2644838880:ruff-python-swallowed:1	BLE001:terminal_bench/harness/harness.py:235:20:Do not catch blind exception: `Exception`	"{""end_byte"": null, ""end_line"": 235, ""owner"": null, ""path"": ""terminal_bench/harness/harness.py"", ""start_byte"": null, ""start_line"": 235}"	P00328
human-python-3203515928-2644838880:ruff-python-swallowed:2	2	human-python-3203515928-2644838880:ruff-python-swallowed	natural:human-python-3203515928-2644838880:ruff-python-swallowed:2	BLE001:terminal_bench/harness/harness.py:271:20:Do not catch blind exception: `Exception`	"{""end_byte"": null, ""end_line"": 271, ""owner"": null, ""path"": ""terminal_bench/harness/harness.py"", ""start_byte"": null, ""start_line"": 271}"	P00852
human-python-3203515928-2644838880:ruff-python-swallowed:3	2	human-python-3203515928-2644838880:ruff-python-swallowed	natural:human-python-3203515928-2644838880:ruff-python-swallowed:3	BLE001:terminal_bench/harness/harness.py:380:16:Do not catch blind exception: `Exception`	"{""end_byte"": null, ""end_line"": 380, ""owner"": null, ""path"": ""terminal_bench/harness/harness.py"", ""start_byte"": null, ""start_line"": 380}"	P01684
human-python-3203515928-2644838880:ruff-python-swallowed:4	2	human-python-3203515928-2644838880:ruff-python-swallowed	natural:human-python-3203515928-2644838880:ruff-python-swallowed:4	BLE001:terminal_bench/harness/harness.py:460:16:Do not catch blind exception: `Exception`	"{""end_byte"": null, ""end_line"": 460, ""owner"": null, ""path"": ""terminal_bench/harness/harness.py"", ""start_byte"": null, ""start_line"": 460}"	P02141
human-python-3203515928-2644838880:ruff-python-swallowed:5	2	human-python-3203515928-2644838880:ruff-python-swallowed	natural:human-python-3203515928-2644838880:ruff-python-swallowed:5	BLE001:terminal_bench/harness/harness.py:669:28:Do not catch blind exception: `Exception`	"{""end_byte"": null, ""end_line"": 669, ""owner"": null, ""path"": ""terminal_bench/harness/harness.py"", ""start_byte"": null, ""start_line"": 669}"	P02127
human-python-3203515928-2644838880:ruff-python-swallowed:6	2	human-python-3203515928-2644838880:ruff-python-swallowed	natural:human-python-3203515928-2644838880:ruff-python-swallowed:6	BLE001:terminal_bench/harness/harness.py:693:16:Do not catch blind exception: `Exception`	"{""end_byte"": null, ""end_line"": 693, ""owner"": null, ""path"": ""terminal_bench/harness/harness.py"", ""start_byte"": null, ""start_line"": 693}"	P00234
human-python-3203515928-2644838880:ruff-python-swallowed:7	2	human-python-3203515928-2644838880:ruff-python-swallowed	natural:human-python-3203515928-2644838880:ruff-python-swallowed:7	BLE001:terminal_bench/harness/harness.py:765:16:Do not catch blind exception: `Exception`	"{""end_byte"": null, ""end_line"": 765, ""owner"": null, ""path"": ""terminal_bench/harness/harness.py"", ""start_byte"": null, ""start_line"": 765}"	P01428
human-python-3203515928-2644838880:ruff-python-swallowed:8	2	human-python-3203515928-2644838880:ruff-python-swallowed	natural:human-python-3203515928-2644838880:ruff-python-swallowed:8	BLE001:terminal_bench/harness/harness.py:860:16:Do not catch blind exception: `Exception`	"{""end_byte"": null, ""end_line"": 860, ""owner"": null, ""path"": ""terminal_bench/harness/harness.py"", ""start_byte"": null, ""start_line"": 860}"	P00080
agent-python-3126265212:error-broad-handler:1	2	agent-python-3126265212:error-broad-handler	natural:agent-python-3126265212:error-broad-handler:1	broad-handler:other:src/meta_agent/template_governance.py:22	"{""end_byte"": null, ""end_line"": 22, ""owner"": null, ""path"": ""src/meta_agent/template_governance.py"", ""start_byte"": null, ""start_line"": 22}"	P01486
agent-python-3126265212:ruff-python-swallowed:1	2	agent-python-3126265212:ruff-python-swallowed	natural:agent-python-3126265212:ruff-python-swallowed:1	BLE001:src/meta_agent/template_governance.py:22:20:Do not catch blind exception: `Exception`	"{""end_byte"": null, ""end_line"": 22, ""owner"": null, ""path"": ""src/meta_agent/template_governance.py"", ""start_byte"": null, ""start_line"": 22}"	P00836
agent-python-3376791991:shipped-escapes:1	2	agent-python-3376791991:shipped-escapes	natural:agent-python-3376791991:shipped-escapes:1	18b9c3144e3dfb33	"{""end_byte"": null, ""end_line"": 270, ""owner"": null, ""path"": ""deepmd/dpmodel/output_def.py"", ""start_byte"": null, ""start_line"": 270}"	P01659
agent-python-3376791991:shipped-escapes:2	2	agent-python-3376791991:shipped-escapes	natural:agent-python-3376791991:shipped-escapes:2	0117d17f6ed61288	"{""end_byte"": null, ""end_line"": 325, ""owner"": null, ""path"": ""deepmd/dpmodel/output_def.py"", ""start_byte"": null, ""start_line"": 325}"	P00288
agent-python-3376791991:shipped-escapes:3	2	agent-python-3376791991:shipped-escapes	natural:agent-python-3376791991:shipped-escapes:3	9cd3bedc76f29012	"{""end_byte"": null, ""end_line"": 328, ""owner"": null, ""path"": ""deepmd/dpmodel/output_def.py"", ""start_byte"": null, ""start_line"": 328}"	P01162
agent-python-3376791991:shipped-escapes:4	2	agent-python-3376791991:shipped-escapes	natural:agent-python-3376791991:shipped-escapes:4	86733041a7c413f2	"{""end_byte"": null, ""end_line"": 331, ""owner"": null, ""path"": ""deepmd/dpmodel/output_def.py"", ""start_byte"": null, ""start_line"": 331}"	P01302
agent-python-3376791991:shipped-escapes:5	2	agent-python-3376791991:shipped-escapes	natural:agent-python-3376791991:shipped-escapes:5	95e70985f15e3b18	"{""end_byte"": null, ""end_line"": 334, ""owner"": null, ""path"": ""deepmd/dpmodel/output_def.py"", ""start_byte"": null, ""start_line"": 334}"	P00444
agent-python-3376791991:shipped-escapes:6	2	agent-python-3376791991:shipped-escapes	natural:agent-python-3376791991:shipped-escapes:6	41008f9fbcd7810f	"{""end_byte"": null, ""end_line"": 337, ""owner"": null, ""path"": ""deepmd/dpmodel/output_def.py"", ""start_byte"": null, ""start_line"": 337}"	P00862
agent-python-3376791991:shipped-escapes:7	2	agent-python-3376791991:shipped-escapes	natural:agent-python-3376791991:shipped-escapes:7	a42e22076a15fce6	"{""end_byte"": null, ""end_line"": 340, ""owner"": null, ""path"": ""deepmd/dpmodel/output_def.py"", ""start_byte"": null, ""start_line"": 340}"	P01047
agent-python-3376791991:shipped-escapes:8	2	agent-python-3376791991:shipped-escapes	natural:agent-python-3376791991:shipped-escapes:8	e2a70cf52022da59	"{""end_byte"": null, ""end_line"": 41, ""owner"": null, ""path"": ""deepmd/dpmodel/utils/network.py"", ""start_byte"": null, ""start_line"": 41}"	P01980
agent-python-3376791991:shipped-escapes:9	2	agent-python-3376791991:shipped-escapes	natural:agent-python-3376791991:shipped-escapes:9	776786eaece6583e	"{""end_byte"": null, ""end_line"": 58, ""owner"": null, ""path"": ""deepmd/dpmodel/utils/network.py"", ""start_byte"": null, ""start_line"": 58}"	P01606
agent-python-3376791991:shipped-escapes:10	2	agent-python-3376791991:shipped-escapes	natural:agent-python-3376791991:shipped-escapes:10	31a9f732aff8ef1e	"{""end_byte"": null, ""end_line"": 304, ""owner"": null, ""path"": ""deepmd/dpmodel/utils/network.py"", ""start_byte"": null, ""start_line"": 304}"	P00906
agent-python-3376791991:shipped-escapes:11	2	agent-python-3376791991:shipped-escapes	natural:agent-python-3376791991:shipped-escapes:11	1a3163f7f9306921	"{""end_byte"": null, ""end_line"": 311, ""owner"": null, ""path"": ""deepmd/dpmodel/utils/network.py"", ""start_byte"": null, ""start_line"": 311}"	P01540
agent-python-3376791991:shipped-escapes:12	2	agent-python-3376791991:shipped-escapes	natural:agent-python-3376791991:shipped-escapes:12	a83ac1b939c53aab	"{""end_byte"": null, ""end_line"": 365, ""owner"": null, ""path"": ""deepmd/dpmodel/utils/network.py"", ""start_byte"": null, ""start_line"": 365}"	P00939
agent-python-3376791991:shipped-escapes:13	2	agent-python-3376791991:shipped-escapes	natural:agent-python-3376791991:shipped-escapes:13	163e172f1d67ca6a	"{""end_byte"": null, ""end_line"": 368, ""owner"": null, ""path"": ""deepmd/dpmodel/utils/network.py"", ""start_byte"": null, ""start_line"": 368}"	P01159
agent-python-3376791991:shipped-escapes:14	2	agent-python-3376791991:shipped-escapes	natural:agent-python-3376791991:shipped-escapes:14	2ca960ae0746336f	"{""end_byte"": null, ""end_line"": 371, ""owner"": null, ""path"": ""deepmd/dpmodel/utils/network.py"", ""start_byte"": null, ""start_line"": 371}"	P00143
agent-python-3376791991:shipped-escapes:15	2	agent-python-3376791991:shipped-escapes	natural:agent-python-3376791991:shipped-escapes:15	edeb45b99a747f4b	"{""end_byte"": null, ""end_line"": 555, ""owner"": null, ""path"": ""deepmd/dpmodel/utils/network.py"", ""start_byte"": null, ""start_line"": 555}"	P01950
agent-python-3376791991:shipped-escapes:16	2	agent-python-3376791991:shipped-escapes	natural:agent-python-3376791991:shipped-escapes:16	dafc57cc2568a7fe	"{""end_byte"": null, ""end_line"": 556, ""owner"": null, ""path"": ""deepmd/dpmodel/utils/network.py"", ""start_byte"": null, ""start_line"": 556}"	P01116
agent-python-3376791991:shipped-escapes:17	2	agent-python-3376791991:shipped-escapes	natural:agent-python-3376791991:shipped-escapes:17	939bf5211b062a7d	"{""end_byte"": null, ""end_line"": 558, ""owner"": null, ""path"": ""deepmd/dpmodel/utils/network.py"", ""start_byte"": null, ""start_line"": 558}"	P01339
agent-python-3376791991:shipped-escapes:18	2	agent-python-3376791991:shipped-escapes	natural:agent-python-3376791991:shipped-escapes:18	d41ba88a77791e44	"{""end_byte"": null, ""end_line"": 559, ""owner"": null, ""path"": ""deepmd/dpmodel/utils/network.py"", ""start_byte"": null, ""start_line"": 559}"	P00720
agent-python-3376791991:shipped-escapes:19	2	agent-python-3376791991:shipped-escapes	natural:agent-python-3376791991:shipped-escapes:19	776785eaece6568b	"{""end_byte"": null, ""end_line"": 636, ""owner"": null, ""path"": ""deepmd/dpmodel/utils/network.py"", ""start_byte"": null, ""start_line"": 636}"	P00722
agent-python-3376791991:shipped-escapes:20	2	agent-python-3376791991:shipped-escapes	natural:agent-python-3376791991:shipped-escapes:20	be3d62a67c86f34d	"{""end_byte"": null, ""end_line"": 653, ""owner"": null, ""path"": ""deepmd/dpmodel/utils/network.py"", ""start_byte"": null, ""start_line"": 653}"	P01795
agent-python-3376791991:shipped-escapes:21	2	agent-python-3376791991:shipped-escapes	natural:agent-python-3376791991:shipped-escapes:21	c01f7a218f65af8c	"{""end_byte"": null, ""end_line"": 1028, ""owner"": null, ""path"": ""deepmd/dpmodel/utils/network.py"", ""start_byte"": null, ""start_line"": 1028}"	P02118
agent-python-3376791991:shipped-escapes:22	2	agent-python-3376791991:shipped-escapes	natural:agent-python-3376791991:shipped-escapes:22	83025f121dd5aade	"{""end_byte"": null, ""end_line"": 1029, ""owner"": null, ""path"": ""deepmd/dpmodel/utils/network.py"", ""start_byte"": null, ""start_line"": 1029}"	P00760
agent-python-3376791991:shipped-escapes:23	2	agent-python-3376791991:shipped-escapes	natural:agent-python-3376791991:shipped-escapes:23	982001d48a8eb1a2	"{""end_byte"": null, ""end_line"": 1030, ""owner"": null, ""path"": ""deepmd/dpmodel/utils/network.py"", ""start_byte"": null, ""start_line"": 1030}"	P01723
agent-python-3376791991:shipped-escapes:24	2	agent-python-3376791991:shipped-escapes	natural:agent-python-3376791991:shipped-escapes:24	9167412e54840509	"{""end_byte"": null, ""end_line"": 1068, ""owner"": null, ""path"": ""deepmd/dpmodel/utils/network.py"", ""start_byte"": null, ""start_line"": 1068}"	P01617
agent-python-3376791991:shipped-escapes:25	2	agent-python-3376791991:shipped-escapes	natural:agent-python-3376791991:shipped-escapes:25	0e53f1bff0b362f0	"{""end_byte"": null, ""end_line"": 1069, ""owner"": null, ""path"": ""deepmd/dpmodel/utils/network.py"", ""start_byte"": null, ""start_line"": 1069}"	P01141
agent-python-3376791991:shipped-escapes:26	2	agent-python-3376791991:shipped-escapes	natural:agent-python-3376791991:shipped-escapes:26	795efeeaa113e4c7	"{""end_byte"": null, ""end_line"": 1070, ""owner"": null, ""path"": ""deepmd/dpmodel/utils/network.py"", ""start_byte"": null, ""start_line"": 1070}"	P00242
agent-python-3376791991:shipped-escapes:27	2	agent-python-3376791991:shipped-escapes	natural:agent-python-3376791991:shipped-escapes:27	e35faefeb4f9d803	"{""end_byte"": null, ""end_line"": 1071, ""owner"": null, ""path"": ""deepmd/dpmodel/utils/network.py"", ""start_byte"": null, ""start_line"": 1071}"	P01276
agent-python-3376791991:shipped-test-skip:1	2	agent-python-3376791991:shipped-test-skip	natural:agent-python-3376791991:shipped-test-skip:1	18b9c3144e3dfb33	"{""end_byte"": null, ""end_line"": 270, ""owner"": null, ""path"": ""deepmd/dpmodel/output_def.py"", ""start_byte"": null, ""start_line"": 270}"	P01288
agent-python-3376791991:shipped-test-skip:2	2	agent-python-3376791991:shipped-test-skip	natural:agent-python-3376791991:shipped-test-skip:2	0117d17f6ed61288	"{""end_byte"": null, ""end_line"": 325, ""owner"": null, ""path"": ""deepmd/dpmodel/output_def.py"", ""start_byte"": null, ""start_line"": 325}"	P01845
agent-python-3376791991:shipped-test-skip:3	2	agent-python-3376791991:shipped-test-skip	natural:agent-python-3376791991:shipped-test-skip:3	9cd3bedc76f29012	"{""end_byte"": null, ""end_line"": 328, ""owner"": null, ""path"": ""deepmd/dpmodel/output_def.py"", ""start_byte"": null, ""start_line"": 328}"	P01970
agent-python-3376791991:shipped-test-skip:4	2	agent-python-3376791991:shipped-test-skip	natural:agent-python-3376791991:shipped-test-skip:4	86733041a7c413f2	"{""end_byte"": null, ""end_line"": 331, ""owner"": null, ""path"": ""deepmd/dpmodel/output_def.py"", ""start_byte"": null, ""start_line"": 331}"	P01254
agent-python-3376791991:shipped-test-skip:5	2	agent-python-3376791991:shipped-test-skip	natural:agent-python-3376791991:shipped-test-skip:5	95e70985f15e3b18	"{""end_byte"": null, ""end_line"": 334, ""owner"": null, ""path"": ""deepmd/dpmodel/output_def.py"", ""start_byte"": null, ""start_line"": 334}"	P02049
agent-python-3376791991:shipped-test-skip:6	2	agent-python-3376791991:shipped-test-skip	natural:agent-python-3376791991:shipped-test-skip:6	41008f9fbcd7810f	"{""end_byte"": null, ""end_line"": 337, ""owner"": null, ""path"": ""deepmd/dpmodel/output_def.py"", ""start_byte"": null, ""start_line"": 337}"	P00544
agent-python-3376791991:shipped-test-skip:7	2	agent-python-3376791991:shipped-test-skip	natural:agent-python-3376791991:shipped-test-skip:7	a42e22076a15fce6	"{""end_byte"": null, ""end_line"": 340, ""owner"": null, ""path"": ""deepmd/dpmodel/output_def.py"", ""start_byte"": null, ""start_line"": 340}"	P01641
agent-python-3376791991:shipped-test-skip:8	2	agent-python-3376791991:shipped-test-skip	natural:agent-python-3376791991:shipped-test-skip:8	e2a70cf52022da59	"{""end_byte"": null, ""end_line"": 41, ""owner"": null, ""path"": ""deepmd/dpmodel/utils/network.py"", ""start_byte"": null, ""start_line"": 41}"	P01971
agent-python-3376791991:shipped-test-skip:9	2	agent-python-3376791991:shipped-test-skip	natural:agent-python-3376791991:shipped-test-skip:9	776786eaece6583e	"{""end_byte"": null, ""end_line"": 58, ""owner"": null, ""path"": ""deepmd/dpmodel/utils/network.py"", ""start_byte"": null, ""start_line"": 58}"	P00089
agent-python-3376791991:shipped-test-skip:10	2	agent-python-3376791991:shipped-test-skip	natural:agent-python-3376791991:shipped-test-skip:10	31a9f732aff8ef1e	"{""end_byte"": null, ""end_line"": 304, ""owner"": null, ""path"": ""deepmd/dpmodel/utils/network.py"", ""start_byte"": null, ""start_line"": 304}"	P01552
agent-python-3376791991:shipped-test-skip:11	2	agent-python-3376791991:shipped-test-skip	natural:agent-python-3376791991:shipped-test-skip:11	1a3163f7f9306921	"{""end_byte"": null, ""end_line"": 311, ""owner"": null, ""path"": ""deepmd/dpmodel/utils/network.py"", ""start_byte"": null, ""start_line"": 311}"	P00321
agent-python-3376791991:shipped-test-skip:12	2	agent-python-3376791991:shipped-test-skip	natural:agent-python-3376791991:shipped-test-skip:12	a83ac1b939c53aab	"{""end_byte"": null, ""end_line"": 365, ""owner"": null, ""path"": ""deepmd/dpmodel/utils/network.py"", ""start_byte"": null, ""start_line"": 365}"	P00562
agent-python-3376791991:shipped-test-skip:13	2	agent-python-3376791991:shipped-test-skip	natural:agent-python-3376791991:shipped-test-skip:13	163e172f1d67ca6a	"{""end_byte"": null, ""end_line"": 368, ""owner"": null, ""path"": ""deepmd/dpmodel/utils/network.py"", ""start_byte"": null, ""start_line"": 368}"	P00661
agent-python-3376791991:shipped-test-skip:14	2	agent-python-3376791991:shipped-test-skip	natural:agent-python-3376791991:shipped-test-skip:14	2ca960ae0746336f	"{""end_byte"": null, ""end_line"": 371, ""owner"": null, ""path"": ""deepmd/dpmodel/utils/network.py"", ""start_byte"": null, ""start_line"": 371}"	P00045
agent-python-3376791991:shipped-test-skip:15	2	agent-python-3376791991:shipped-test-skip	natural:agent-python-3376791991:shipped-test-skip:15	edeb45b99a747f4b	"{""end_byte"": null, ""end_line"": 555, ""owner"": null, ""path"": ""deepmd/dpmodel/utils/network.py"", ""start_byte"": null, ""start_line"": 555}"	P00485
agent-python-3376791991:shipped-test-skip:16	2	agent-python-3376791991:shipped-test-skip	natural:agent-python-3376791991:shipped-test-skip:16	dafc57cc2568a7fe	"{""end_byte"": null, ""end_line"": 556, ""owner"": null, ""path"": ""deepmd/dpmodel/utils/network.py"", ""start_byte"": null, ""start_line"": 556}"	P01424
agent-python-3376791991:shipped-test-skip:17	2	agent-python-3376791991:shipped-test-skip	natural:agent-python-3376791991:shipped-test-skip:17	939bf5211b062a7d	"{""end_byte"": null, ""end_line"": 558, ""owner"": null, ""path"": ""deepmd/dpmodel/utils/network.py"", ""start_byte"": null, ""start_line"": 558}"	P00774
agent-python-3376791991:shipped-test-skip:18	2	agent-python-3376791991:shipped-test-skip	natural:agent-python-3376791991:shipped-test-skip:18	d41ba88a77791e44	"{""end_byte"": null, ""end_line"": 559, ""owner"": null, ""path"": ""deepmd/dpmodel/utils/network.py"", ""start_byte"": null, ""start_line"": 559}"	P00929
agent-python-3376791991:shipped-test-skip:19	2	agent-python-3376791991:shipped-test-skip	natural:agent-python-3376791991:shipped-test-skip:19	776785eaece6568b	"{""end_byte"": null, ""end_line"": 636, ""owner"": null, ""path"": ""deepmd/dpmodel/utils/network.py"", ""start_byte"": null, ""start_line"": 636}"	P01647
agent-python-3376791991:shipped-test-skip:20	2	agent-python-3376791991:shipped-test-skip	natural:agent-python-3376791991:shipped-test-skip:20	be3d62a67c86f34d	"{""end_byte"": null, ""end_line"": 653, ""owner"": null, ""path"": ""deepmd/dpmodel/utils/network.py"", ""start_byte"": null, ""start_line"": 653}"	P01197
agent-python-3376791991:shipped-test-skip:21	2	agent-python-3376791991:shipped-test-skip	natural:agent-python-3376791991:shipped-test-skip:21	c01f7a218f65af8c	"{""end_byte"": null, ""end_line"": 1028, ""owner"": null, ""path"": ""deepmd/dpmodel/utils/network.py"", ""start_byte"": null, ""start_line"": 1028}"	P01013
agent-python-3376791991:shipped-test-skip:22	2	agent-python-3376791991:shipped-test-skip	natural:agent-python-3376791991:shipped-test-skip:22	83025f121dd5aade	"{""end_byte"": null, ""end_line"": 1029, ""owner"": null, ""path"": ""deepmd/dpmodel/utils/network.py"", ""start_byte"": null, ""start_line"": 1029}"	P00683
agent-python-3376791991:shipped-test-skip:23	2	agent-python-3376791991:shipped-test-skip	natural:agent-python-3376791991:shipped-test-skip:23	982001d48a8eb1a2	"{""end_byte"": null, ""end_line"": 1030, ""owner"": null, ""path"": ""deepmd/dpmodel/utils/network.py"", ""start_byte"": null, ""start_line"": 1030}"	P01940
agent-python-3376791991:shipped-test-skip:24	2	agent-python-3376791991:shipped-test-skip	natural:agent-python-3376791991:shipped-test-skip:24	9167412e54840509	"{""end_byte"": null, ""end_line"": 1068, ""owner"": null, ""path"": ""deepmd/dpmodel/utils/network.py"", ""start_byte"": null, ""start_line"": 1068}"	P00845
agent-python-3376791991:shipped-test-skip:25	2	agent-python-3376791991:shipped-test-skip	natural:agent-python-3376791991:shipped-test-skip:25	0e53f1bff0b362f0	"{""end_byte"": null, ""end_line"": 1069, ""owner"": null, ""path"": ""deepmd/dpmodel/utils/network.py"", ""start_byte"": null, ""start_line"": 1069}"	P00429
agent-python-3376791991:shipped-test-skip:26	2	agent-python-3376791991:shipped-test-skip	natural:agent-python-3376791991:shipped-test-skip:26	795efeeaa113e4c7	"{""end_byte"": null, ""end_line"": 1070, ""owner"": null, ""path"": ""deepmd/dpmodel/utils/network.py"", ""start_byte"": null, ""start_line"": 1070}"	P01754
agent-python-3376791991:shipped-test-skip:27	2	agent-python-3376791991:shipped-test-skip	natural:agent-python-3376791991:shipped-test-skip:27	e35faefeb4f9d803	"{""end_byte"": null, ""end_line"": 1071, ""owner"": null, ""path"": ""deepmd/dpmodel/utils/network.py"", ""start_byte"": null, ""start_line"": 1071}"	P01280
agent-python-3467152502:ruff-python-swallowed:1	2	agent-python-3467152502:ruff-python-swallowed	natural:agent-python-3467152502:ruff-python-swallowed:1	S110:src/workflows/server/server.py:197:17:`try`-`except`-`pass` detected, consider logging the exception	"{""end_byte"": null, ""end_line"": 197, ""owner"": null, ""path"": ""src/workflows/server/server.py"", ""start_byte"": null, ""start_line"": 197}"	P01006
agent-python-3467152502:ruff-python-swallowed:2	2	agent-python-3467152502:ruff-python-swallowed	natural:agent-python-3467152502:ruff-python-swallowed:2	BLE001:src/workflows/server/server.py:197:24:Do not catch blind exception: `Exception`	"{""end_byte"": null, ""end_line"": 197, ""owner"": null, ""path"": ""src/workflows/server/server.py"", ""start_byte"": null, ""start_line"": 197}"	P00344
agent-python-3467152502:ruff-python-swallowed:3	2	agent-python-3467152502:ruff-python-swallowed	natural:agent-python-3467152502:ruff-python-swallowed:3	S110:src/workflows/server/server.py:201:17:`try`-`except`-`pass` detected, consider logging the exception	"{""end_byte"": null, ""end_line"": 201, ""owner"": null, ""path"": ""src/workflows/server/server.py"", ""start_byte"": null, ""start_line"": 201}"	P01677
agent-python-3467152502:ruff-python-swallowed:4	2	agent-python-3467152502:ruff-python-swallowed	natural:agent-python-3467152502:ruff-python-swallowed:4	BLE001:src/workflows/server/server.py:201:24:Do not catch blind exception: `Exception`	"{""end_byte"": null, ""end_line"": 201, ""owner"": null, ""path"": ""src/workflows/server/server.py"", ""start_byte"": null, ""start_line"": 201}"	P00846
agent-python-3467152502:ruff-python-swallowed:5	2	agent-python-3467152502:ruff-python-swallowed	natural:agent-python-3467152502:ruff-python-swallowed:5	S110:src/workflows/server/server.py:206:17:`try`-`except`-`pass` detected, consider logging the exception	"{""end_byte"": null, ""end_line"": 206, ""owner"": null, ""path"": ""src/workflows/server/server.py"", ""start_byte"": null, ""start_line"": 206}"	P00512
agent-python-3467152502:ruff-python-swallowed:6	2	agent-python-3467152502:ruff-python-swallowed	natural:agent-python-3467152502:ruff-python-swallowed:6	BLE001:src/workflows/server/server.py:206:24:Do not catch blind exception: `Exception`	"{""end_byte"": null, ""end_line"": 206, ""owner"": null, ""path"": ""src/workflows/server/server.py"", ""start_byte"": null, ""start_line"": 206}"	P00342
agent-python-3467152502:ruff-python-swallowed:7	2	agent-python-3467152502:ruff-python-swallowed	natural:agent-python-3467152502:ruff-python-swallowed:7	BLE001:src/workflows/server/server.py:397:16:Do not catch blind exception: `Exception`	"{""end_byte"": null, ""end_line"": 397, ""owner"": null, ""path"": ""src/workflows/server/server.py"", ""start_byte"": null, ""start_line"": 397}"	P01811
agent-python-3467152502:ruff-python-swallowed:8	2	agent-python-3467152502:ruff-python-swallowed	natural:agent-python-3467152502:ruff-python-swallowed:8	BLE001:src/workflows/server/server.py:436:16:Do not catch blind exception: `Exception`	"{""end_byte"": null, ""end_line"": 436, ""owner"": null, ""path"": ""src/workflows/server/server.py"", ""start_byte"": null, ""start_line"": 436}"	P00517
agent-python-3467152502:ruff-python-swallowed:9	2	agent-python-3467152502:ruff-python-swallowed	natural:agent-python-3467152502:ruff-python-swallowed:9	BLE001:src/workflows/server/server.py:443:16:Do not catch blind exception: `Exception`	"{""end_byte"": null, ""end_line"": 443, ""owner"": null, ""path"": ""src/workflows/server/server.py"", ""start_byte"": null, ""start_line"": 443}"	P02040
agent-python-3467152502:ruff-python-swallowed:10	2	agent-python-3467152502:ruff-python-swallowed	natural:agent-python-3467152502:ruff-python-swallowed:10	BLE001:src/workflows/server/server.py:485:16:Do not catch blind exception: `Exception`	"{""end_byte"": null, ""end_line"": 485, ""owner"": null, ""path"": ""src/workflows/server/server.py"", ""start_byte"": null, ""start_line"": 485}"	P01475
agent-python-3467152502:ruff-python-swallowed:11	2	agent-python-3467152502:ruff-python-swallowed	natural:agent-python-3467152502:ruff-python-swallowed:11	BLE001:src/workflows/server/server.py:610:16:Do not catch blind exception: `Exception`	"{""end_byte"": null, ""end_line"": 610, ""owner"": null, ""path"": ""src/workflows/server/server.py"", ""start_byte"": null, ""start_line"": 610}"	P01239
agent-python-3467152502:ruff-python-swallowed:12	2	agent-python-3467152502:ruff-python-swallowed	natural:agent-python-3467152502:ruff-python-swallowed:12	BLE001:src/workflows/server/server.py:796:20:Do not catch blind exception: `Exception`	"{""end_byte"": null, ""end_line"": 796, ""owner"": null, ""path"": ""src/workflows/server/server.py"", ""start_byte"": null, ""start_line"": 796}"	P01743
agent-python-3467152502:ruff-python-swallowed:13	2	agent-python-3467152502:ruff-python-swallowed	natural:agent-python-3467152502:ruff-python-swallowed:13	BLE001:src/workflows/server/server.py:804:20:Do not catch blind exception: `Exception`	"{""end_byte"": null, ""end_line"": 804, ""owner"": null, ""path"": ""src/workflows/server/server.py"", ""start_byte"": null, ""start_line"": 804}"	P00454
agent-python-3467152502:ruff-python-swallowed:14	2	agent-python-3467152502:ruff-python-swallowed	natural:agent-python-3467152502:ruff-python-swallowed:14	BLE001:src/workflows/server/server.py:813:16:Do not catch blind exception: `Exception`	"{""end_byte"": null, ""end_line"": 813, ""owner"": null, ""path"": ""src/workflows/server/server.py"", ""start_byte"": null, ""start_line"": 813}"	P01225
agent-python-3467152502:ruff-python-swallowed:15	2	agent-python-3467152502:ruff-python-swallowed	natural:agent-python-3467152502:ruff-python-swallowed:15	BLE001:src/workflows/server/server.py:855:24:Do not catch blind exception: `Exception`	"{""end_byte"": null, ""end_line"": 855, ""owner"": null, ""path"": ""src/workflows/server/server.py"", ""start_byte"": null, ""start_line"": 855}"	P01739
agent-python-3467152502:ruff-python-swallowed:16	2	agent-python-3467152502:ruff-python-swallowed	natural:agent-python-3467152502:ruff-python-swallowed:16	BLE001:src/workflows/server/server.py:891:16:Do not catch blind exception: `Exception`	"{""end_byte"": null, ""end_line"": 891, ""owner"": null, ""path"": ""src/workflows/server/server.py"", ""start_byte"": null, ""start_line"": 891}"	P00564
agent-python-3467152502:ruff-python-swallowed:17	2	agent-python-3467152502:ruff-python-swallowed	natural:agent-python-3467152502:ruff-python-swallowed:17	BLE001:src/workflows/server/server.py:1039:16:Do not catch blind exception: `Exception`	"{""end_byte"": null, ""end_line"": 1039, ""owner"": null, ""path"": ""src/workflows/server/server.py"", ""start_byte"": null, ""start_line"": 1039}"	P00736
human-python-3467152502-2897921621:ruff-python-swallowed:1	2	human-python-3467152502-2897921621:ruff-python-swallowed	natural:human-python-3467152502-2897921621:ruff-python-swallowed:1	BLE001:src/workflows/server/server.py:195:20:Do not catch blind exception: `Exception`	"{""end_byte"": null, ""end_line"": 195, ""owner"": null, ""path"": ""src/workflows/server/server.py"", ""start_byte"": null, ""start_line"": 195}"	P00417
human-python-3467152502-2897921621:ruff-python-swallowed:2	2	human-python-3467152502-2897921621:ruff-python-swallowed	natural:human-python-3467152502-2897921621:ruff-python-swallowed:2	S110:src/workflows/server/server.py:208:17:`try`-`except`-`pass` detected, consider logging the exception	"{""end_byte"": null, ""end_line"": 208, ""owner"": null, ""path"": ""src/workflows/server/server.py"", ""start_byte"": null, ""start_line"": 208}"	P01472
human-python-3467152502-2897921621:ruff-python-swallowed:3	2	human-python-3467152502-2897921621:ruff-python-swallowed	natural:human-python-3467152502-2897921621:ruff-python-swallowed:3	BLE001:src/workflows/server/server.py:208:24:Do not catch blind exception: `Exception`	"{""end_byte"": null, ""end_line"": 208, ""owner"": null, ""path"": ""src/workflows/server/server.py"", ""start_byte"": null, ""start_line"": 208}"	P01630
human-python-3467152502-2897921621:ruff-python-swallowed:4	2	human-python-3467152502-2897921621:ruff-python-swallowed	natural:human-python-3467152502-2897921621:ruff-python-swallowed:4	BLE001:src/workflows/server/server.py:478:16:Do not catch blind exception: `Exception`	"{""end_byte"": null, ""end_line"": 478, ""owner"": null, ""path"": ""src/workflows/server/server.py"", ""start_byte"": null, ""start_line"": 478}"	P00879
human-python-3467152502-2897921621:ruff-python-swallowed:5	2	human-python-3467152502-2897921621:ruff-python-swallowed	natural:human-python-3467152502-2897921621:ruff-python-swallowed:5	BLE001:src/workflows/server/server.py:517:16:Do not catch blind exception: `Exception`	"{""end_byte"": null, ""end_line"": 517, ""owner"": null, ""path"": ""src/workflows/server/server.py"", ""start_byte"": null, ""start_line"": 517}"	P01200
human-python-3467152502-2897921621:ruff-python-swallowed:6	2	human-python-3467152502-2897921621:ruff-python-swallowed	natural:human-python-3467152502-2897921621:ruff-python-swallowed:6	BLE001:src/workflows/server/server.py:524:16:Do not catch blind exception: `Exception`	"{""end_byte"": null, ""end_line"": 524, ""owner"": null, ""path"": ""src/workflows/server/server.py"", ""start_byte"": null, ""start_line"": 524}"	P00821
human-python-3467152502-2897921621:ruff-python-swallowed:7	2	human-python-3467152502-2897921621:ruff-python-swallowed	natural:human-python-3467152502-2897921621:ruff-python-swallowed:7	BLE001:src/workflows/server/server.py:566:16:Do not catch blind exception: `Exception`	"{""end_byte"": null, ""end_line"": 566, ""owner"": null, ""path"": ""src/workflows/server/server.py"", ""start_byte"": null, ""start_line"": 566}"	P01270
human-python-3467152502-2897921621:ruff-python-swallowed:8	2	human-python-3467152502-2897921621:ruff-python-swallowed	natural:human-python-3467152502-2897921621:ruff-python-swallowed:8	BLE001:src/workflows/server/server.py:690:16:Do not catch blind exception: `Exception`	"{""end_byte"": null, ""end_line"": 690, ""owner"": null, ""path"": ""src/workflows/server/server.py"", ""start_byte"": null, ""start_line"": 690}"	P01804
human-python-3467152502-2897921621:ruff-python-swallowed:9	2	human-python-3467152502-2897921621:ruff-python-swallowed	natural:human-python-3467152502-2897921621:ruff-python-swallowed:9	BLE001:src/workflows/server/server.py:922:20:Do not catch blind exception: `Exception`	"{""end_byte"": null, ""end_line"": 922, ""owner"": null, ""path"": ""src/workflows/server/server.py"", ""start_byte"": null, ""start_line"": 922}"	P01853
human-python-3467152502-2897921621:ruff-python-swallowed:10	2	human-python-3467152502-2897921621:ruff-python-swallowed	natural:human-python-3467152502-2897921621:ruff-python-swallowed:10	BLE001:src/workflows/server/server.py:930:20:Do not catch blind exception: `Exception`	"{""end_byte"": null, ""end_line"": 930, ""owner"": null, ""path"": ""src/workflows/server/server.py"", ""start_byte"": null, ""start_line"": 930}"	P02137
human-python-3467152502-2897921621:ruff-python-swallowed:11	2	human-python-3467152502-2897921621:ruff-python-swallowed	natural:human-python-3467152502-2897921621:ruff-python-swallowed:11	BLE001:src/workflows/server/server.py:939:16:Do not catch blind exception: `Exception`	"{""end_byte"": null, ""end_line"": 939, ""owner"": null, ""path"": ""src/workflows/server/server.py"", ""start_byte"": null, ""start_line"": 939}"	P00597
human-python-3467152502-2897921621:ruff-python-swallowed:12	2	human-python-3467152502-2897921621:ruff-python-swallowed	natural:human-python-3467152502-2897921621:ruff-python-swallowed:12	BLE001:src/workflows/server/server.py:1057:24:Do not catch blind exception: `Exception`	"{""end_byte"": null, ""end_line"": 1057, ""owner"": null, ""path"": ""src/workflows/server/server.py"", ""start_byte"": null, ""start_line"": 1057}"	P01071
human-python-3467152502-2897921621:ruff-python-swallowed:13	2	human-python-3467152502-2897921621:ruff-python-swallowed	natural:human-python-3467152502-2897921621:ruff-python-swallowed:13	BLE001:src/workflows/server/server.py:1093:16:Do not catch blind exception: `Exception`	"{""end_byte"": null, ""end_line"": 1093, ""owner"": null, ""path"": ""src/workflows/server/server.py"", ""start_byte"": null, ""start_line"": 1093}"	P01186
human-python-3467152502-2897921621:ruff-python-swallowed:14	2	human-python-3467152502-2897921621:ruff-python-swallowed	natural:human-python-3467152502-2897921621:ruff-python-swallowed:14	S110:src/workflows/server/server.py:1192:13:`try`-`except`-`pass` detected, consider logging the exception	"{""end_byte"": null, ""end_line"": 1192, ""owner"": null, ""path"": ""src/workflows/server/server.py"", ""start_byte"": null, ""start_line"": 1192}"	P01214
human-python-3467152502-2897921621:ruff-python-swallowed:15	2	human-python-3467152502-2897921621:ruff-python-swallowed	natural:human-python-3467152502-2897921621:ruff-python-swallowed:15	BLE001:src/workflows/server/server.py:1192:20:Do not catch blind exception: `Exception`	"{""end_byte"": null, ""end_line"": 1192, ""owner"": null, ""path"": ""src/workflows/server/server.py"", ""start_byte"": null, ""start_line"": 1192}"	P01042
human-python-3467152502-2897921621:ruff-python-swallowed:16	2	human-python-3467152502-2897921621:ruff-python-swallowed	natural:human-python-3467152502-2897921621:ruff-python-swallowed:16	S110:src/workflows/server/server.py:1196:13:`try`-`except`-`pass` detected, consider logging the exception	"{""end_byte"": null, ""end_line"": 1196, ""owner"": null, ""path"": ""src/workflows/server/server.py"", ""start_byte"": null, ""start_line"": 1196}"	P02099
human-python-3467152502-2897921621:ruff-python-swallowed:17	2	human-python-3467152502-2897921621:ruff-python-swallowed	natural:human-python-3467152502-2897921621:ruff-python-swallowed:17	BLE001:src/workflows/server/server.py:1196:20:Do not catch blind exception: `Exception`	"{""end_byte"": null, ""end_line"": 1196, ""owner"": null, ""path"": ""src/workflows/server/server.py"", ""start_byte"": null, ""start_line"": 1196}"	P00810
human-python-3467152502-2897921621:ruff-python-swallowed:18	2	human-python-3467152502-2897921621:ruff-python-swallowed	natural:human-python-3467152502-2897921621:ruff-python-swallowed:18	S110:src/workflows/server/server.py:1215:13:`try`-`except`-`pass` detected, consider logging the exception	"{""end_byte"": null, ""end_line"": 1215, ""owner"": null, ""path"": ""src/workflows/server/server.py"", ""start_byte"": null, ""start_line"": 1215}"	P01951
human-python-3467152502-2897921621:ruff-python-swallowed:19	2	human-python-3467152502-2897921621:ruff-python-swallowed	natural:human-python-3467152502-2897921621:ruff-python-swallowed:19	BLE001:src/workflows/server/server.py:1215:20:Do not catch blind exception: `Exception`	"{""end_byte"": null, ""end_line"": 1215, ""owner"": null, ""path"": ""src/workflows/server/server.py"", ""start_byte"": null, ""start_line"": 1215}"	P02108
human-python-3467152502-2897921621:ruff-python-swallowed:20	2	human-python-3467152502-2897921621:ruff-python-swallowed	natural:human-python-3467152502-2897921621:ruff-python-swallowed:20	BLE001:src/workflows/server/server.py:1278:16:Do not catch blind exception: `Exception`	"{""end_byte"": null, ""end_line"": 1278, ""owner"": null, ""path"": ""src/workflows/server/server.py"", ""start_byte"": null, ""start_line"": 1278}"	P01273
agent-python-3277187585:ruff-python-injection:1	2	agent-python-3277187585:ruff-python-injection	natural:agent-python-3277187585:ruff-python-injection:1	S608:examples/account_management/link_manager_to_client.py:98:13:Possible SQL injection vector through string-based query construction	"{""end_byte"": null, ""end_line"": 98, ""owner"": null, ""path"": ""examples/account_management/link_manager_to_client.py"", ""start_byte"": null, ""start_line"": 98}"	P02041
agent-python-3277187585:ruff-python-injection:2	2	agent-python-3277187585:ruff-python-injection	natural:agent-python-3277187585:ruff-python-injection:2	S608:examples/account_management/update_user_access.py:98:13:Possible SQL injection vector through string-based query construction	"{""end_byte"": null, ""end_line"": 98, ""owner"": null, ""path"": ""examples/account_management/update_user_access.py"", ""start_byte"": null, ""start_line"": 98}"	P00247
agent-python-3277187585:ruff-python-injection:3	2	agent-python-3277187585:ruff-python-injection	natural:agent-python-3277187585:ruff-python-injection:3	S608:examples/planning/get_ad_group_criterion_cpc_bid_simulations.py:47:13:Possible SQL injection vector through string-based query construction	"{""end_byte"": null, ""end_line"": 47, ""owner"": null, ""path"": ""examples/planning/get_ad_group_criterion_cpc_bid_simulations.py"", ""start_byte"": null, ""start_line"": 47}"	P02009
agent-python-3529128652:ruff-python-swallowed:1	2	agent-python-3529128652:ruff-python-swallowed	natural:agent-python-3529128652:ruff-python-swallowed:1	BLE001:lnbits/helpers.py:154:12:Do not catch blind exception: `Exception`	"{""end_byte"": null, ""end_line"": 154, ""owner"": null, ""path"": ""lnbits/helpers.py"", ""start_byte"": null, ""start_line"": 154}"	P01413
agent-python-3529128652:ruff-python-swallowed:2	2	agent-python-3529128652:ruff-python-swallowed	natural:agent-python-3529128652:ruff-python-swallowed:2	BLE001:lnbits/helpers.py:217:12:Do not catch blind exception: `Exception`	"{""end_byte"": null, ""end_line"": 217, ""owner"": null, ""path"": ""lnbits/helpers.py"", ""start_byte"": null, ""start_line"": 217}"	P01403
agent-python-3529128652:ruff-python-swallowed:3	2	agent-python-3529128652:ruff-python-swallowed	natural:agent-python-3529128652:ruff-python-swallowed:3	BLE001:lnbits/helpers.py:271:12:Do not catch blind exception: `Exception`	"{""end_byte"": null, ""end_line"": 271, ""owner"": null, ""path"": ""lnbits/helpers.py"", ""start_byte"": null, ""start_line"": 271}"	P01793
human-python-3256317503-2565338657:ruff-python-swallowed:1	2	human-python-3256317503-2565338657:ruff-python-swallowed	natural:human-python-3256317503-2565338657:ruff-python-swallowed:1	BLE001:generate_tool_specs.py:48:16:Do not catch blind exception: `Exception`	"{""end_byte"": null, ""end_line"": 48, ""owner"": null, ""path"": ""generate_tool_specs.py"", ""start_byte"": null, ""start_line"": 48}"	P00969
human-python-3256317503-2565338657:ruff-python-swallowed:2	2	human-python-3256317503-2565338657:ruff-python-swallowed	natural:human-python-3256317503-2565338657:ruff-python-swallowed:2	BLE001:generate_tool_specs.py:99:16:Do not catch blind exception: `Exception`	"{""end_byte"": null, ""end_line"": 99, ""owner"": null, ""path"": ""generate_tool_specs.py"", ""start_byte"": null, ""start_line"": 99}"	P01117
agent-python-3260236912:shipped-escapes:1	2	agent-python-3260236912:shipped-escapes	natural:agent-python-3260236912:shipped-escapes:1	e57ec027b6af3085	"{""end_byte"": null, ""end_line"": 30, ""owner"": null, ""path"": ""alembic/versions/ca530d6ba081_add_payload_to_cases.py"", ""start_byte"": null, ""start_line"": 30}"	P02031
agent-python-3260236912:shipped-escapes:2	2	agent-python-3260236912:shipped-escapes	natural:agent-python-3260236912:shipped-escapes:2	b71157e5b74cf9d1	"{""end_byte"": null, ""end_line"": 124, ""owner"": null, ""path"": ""registry/tracecat_registry/integrations/agents/builder.py"", ""start_byte"": null, ""start_line"": 124}"	P00331
agent-python-3260236912:shipped-escapes:3	2	agent-python-3260236912:shipped-escapes	natural:agent-python-3260236912:shipped-escapes:3	9e726bec7e7a66eb	"{""end_byte"": null, ""end_line"": 124, ""owner"": null, ""path"": ""tracecat/redis/client.py"", ""start_byte"": null, ""start_line"": 124}"	P00374
agent-python-3260236912:shipped-stubs:1	2	agent-python-3260236912:shipped-stubs	natural:agent-python-3260236912:shipped-stubs:1	2c2bbc373c23b4a2	"{""end_byte"": null, ""end_line"": 59, ""owner"": null, ""path"": ""alembic/versions/ca530d6ba081_add_payload_to_cases.py"", ""start_byte"": null, ""start_line"": 59}"	P00778
agent-python-3260236912:shipped-stubs:2	2	agent-python-3260236912:shipped-stubs	natural:agent-python-3260236912:shipped-stubs:2	30e8c4c20956172a	"{""end_byte"": null, ""end_line"": 142, ""owner"": null, ""path"": ""frontend/src/components/chat/chat-interface.tsx"", ""start_byte"": null, ""start_line"": 142}"	P01115
agent-python-3260236912:shipped-stubs:3	2	agent-python-3260236912:shipped-stubs	natural:agent-python-3260236912:shipped-stubs:3	000ef6ed94f3e4fa	"{""end_byte"": null, ""end_line"": 46, ""owner"": null, ""path"": ""frontend/src/components/chat/messages.tsx"", ""start_byte"": null, ""start_line"": 46}"	P00114
agent-python-3260236912:shipped-stubs:4	2	agent-python-3260236912:shipped-stubs	natural:agent-python-3260236912:shipped-stubs:4	6df10bef0b3ba69d	"{""end_byte"": null, ""end_line"": 33, ""owner"": null, ""path"": ""frontend/src/hooks/use-chat.ts"", ""start_byte"": null, ""start_line"": 33}"	P00460
agent-python-3260236912:shipped-test-skip:1	2	agent-python-3260236912:shipped-test-skip	natural:agent-python-3260236912:shipped-test-skip:1	e57ec027b6af3085	"{""end_byte"": null, ""end_line"": 30, ""owner"": null, ""path"": ""alembic/versions/ca530d6ba081_add_payload_to_cases.py"", ""start_byte"": null, ""start_line"": 30}"	P01965
agent-python-3260236912:shipped-test-skip:2	2	agent-python-3260236912:shipped-test-skip	natural:agent-python-3260236912:shipped-test-skip:2	b71157e5b74cf9d1	"{""end_byte"": null, ""end_line"": 124, ""owner"": null, ""path"": ""registry/tracecat_registry/integrations/agents/builder.py"", ""start_byte"": null, ""start_line"": 124}"	P00896
agent-python-3260236912:shipped-test-skip:3	2	agent-python-3260236912:shipped-test-skip	natural:agent-python-3260236912:shipped-test-skip:3	9e726bec7e7a66eb	"{""end_byte"": null, ""end_line"": 124, ""owner"": null, ""path"": ""tracecat/redis/client.py"", ""start_byte"": null, ""start_line"": 124}"	P00745
agent-python-3260236912:error-broad-handler:1	2	agent-python-3260236912:error-broad-handler	natural:agent-python-3260236912:error-broad-handler:1	broad-handler:other:tracecat/chat/router.py:266	"{""end_byte"": null, ""end_line"": 266, ""owner"": null, ""path"": ""tracecat/chat/router.py"", ""start_byte"": null, ""start_line"": 266}"	P02024
agent-python-3260236912:error-broad-handler:2	2	agent-python-3260236912:error-broad-handler	natural:agent-python-3260236912:error-broad-handler:2	broad-handler:other:tracecat/chat/router.py:271	"{""end_byte"": null, ""end_line"": 271, ""owner"": null, ""path"": ""tracecat/chat/router.py"", ""start_byte"": null, ""start_line"": 271}"	P00889
agent-python-3260236912:error-broad-handler:3	2	agent-python-3260236912:error-broad-handler	natural:agent-python-3260236912:error-broad-handler:3	broad-handler:other:tracecat/prompt/router.py:248	"{""end_byte"": null, ""end_line"": 248, ""owner"": null, ""path"": ""tracecat/prompt/router.py"", ""start_byte"": null, ""start_line"": 248}"	P01313
agent-python-3260236912:error-broad-handler:4	2	agent-python-3260236912:error-broad-handler	natural:agent-python-3260236912:error-broad-handler:4	broad-handler:other:tracecat/prompt/router.py:253	"{""end_byte"": null, ""end_line"": 253, ""owner"": null, ""path"": ""tracecat/prompt/router.py"", ""start_byte"": null, ""start_line"": 253}"	P00220
agent-python-3260236912:error-broad-handler:5	2	agent-python-3260236912:error-broad-handler	natural:agent-python-3260236912:error-broad-handler:5	broad-handler:other:tracecat/prompt/service.py:55	"{""end_byte"": null, ""end_line"": 55, ""owner"": null, ""path"": ""tracecat/prompt/service.py"", ""start_byte"": null, ""start_line"": 55}"	P00132
agent-python-3260236912:error-broad-handler:6	2	agent-python-3260236912:error-broad-handler	natural:agent-python-3260236912:error-broad-handler:6	broad-handler:other:tracecat/redis/client.py:175	"{""end_byte"": null, ""end_line"": 175, ""owner"": null, ""path"": ""tracecat/redis/client.py"", ""start_byte"": null, ""start_line"": 175}"	P00030
agent-python-3260236912:new-direct-dependency:1	2	agent-python-3260236912:new-direct-dependency	natural:agent-python-3260236912:new-direct-dependency:1	npm:motion	"{""end_byte"": null, ""end_line"": null, ""owner"": null, ""path"": ""frontend/package.json"", ""start_byte"": null, ""start_line"": null}"	P01151
agent-python-3260236912:new-direct-dependency:2	2	agent-python-3260236912:new-direct-dependency	natural:agent-python-3260236912:new-direct-dependency:2	pypi:redis	"{""end_byte"": null, ""end_line"": null, ""owner"": null, ""path"": ""pyproject.toml"", ""start_byte"": null, ""start_line"": null}"	P00581
agent-python-3260236912:ruff-python-swallowed:1	2	agent-python-3260236912:ruff-python-swallowed	natural:agent-python-3260236912:ruff-python-swallowed:1	BLE001:registry/tracecat_registry/integrations/agents/builder.py:143:12:Do not catch blind exception: `Exception`	"{""end_byte"": null, ""end_line"": 143, ""owner"": null, ""path"": ""registry/tracecat_registry/integrations/agents/builder.py"", ""start_byte"": null, ""start_line"": 143}"	P00306
agent-python-3260236912:ruff-python-swallowed:2	2	agent-python-3260236912:ruff-python-swallowed	natural:agent-python-3260236912:ruff-python-swallowed:2	BLE001:registry/tracecat_registry/integrations/agents/builder.py:392:20:Do not catch blind exception: `Exception`	"{""end_byte"": null, ""end_line"": 392, ""owner"": null, ""path"": ""registry/tracecat_registry/integrations/agents/builder.py"", ""start_byte"": null, ""start_line"": 392}"	P00741
agent-python-3260236912:ruff-python-swallowed:3	2	agent-python-3260236912:ruff-python-swallowed	natural:agent-python-3260236912:ruff-python-swallowed:3	BLE001:registry/tracecat_registry/integrations/agents/builder.py:408:12:Do not catch blind exception: `Exception`	"{""end_byte"": null, ""end_line"": 408, ""owner"": null, ""path"": ""registry/tracecat_registry/integrations/agents/builder.py"", ""start_byte"": null, ""start_line"": 408}"	P01948
agent-python-3260236912:ruff-python-swallowed:4	2	agent-python-3260236912:ruff-python-swallowed	natural:agent-python-3260236912:ruff-python-swallowed:4	BLE001:registry/tracecat_registry/integrations/agents/builder.py:774:28:Do not catch blind exception: `Exception`	"{""end_byte"": null, ""end_line"": 774, ""owner"": null, ""path"": ""registry/tracecat_registry/integrations/agents/builder.py"", ""start_byte"": null, ""start_line"": 774}"	P00124
agent-python-3260236912:ruff-python-swallowed:5	2	agent-python-3260236912:ruff-python-swallowed	natural:agent-python-3260236912:ruff-python-swallowed:5	BLE001:registry/tracecat_registry/integrations/agents/builder.py:777:20:Do not catch blind exception: `Exception`	"{""end_byte"": null, ""end_line"": 777, ""owner"": null, ""path"": ""registry/tracecat_registry/integrations/agents/builder.py"", ""start_byte"": null, ""start_line"": 777}"	P00292
agent-python-3260236912:ruff-python-swallowed:6	2	agent-python-3260236912:ruff-python-swallowed	natural:agent-python-3260236912:ruff-python-swallowed:6	BLE001:registry/tracecat_registry/integrations/agents/builder.py:795:24:Do not catch blind exception: `Exception`	"{""end_byte"": null, ""end_line"": 795, ""owner"": null, ""path"": ""registry/tracecat_registry/integrations/agents/builder.py"", ""start_byte"": null, ""start_line"": 795}"	P01253
agent-python-3260236912:ruff-python-swallowed:7	2	agent-python-3260236912:ruff-python-swallowed	natural:agent-python-3260236912:ruff-python-swallowed:7	BLE001:registry/tracecat_registry/integrations/agents/builder.py:887:24:Do not catch blind exception: `Exception`	"{""end_byte"": null, ""end_line"": 887, ""owner"": null, ""path"": ""registry/tracecat_registry/integrations/agents/builder.py"", ""start_byte"": null, ""start_line"": 887}"	P01384
agent-python-3260236912:ruff-python-swallowed:8	2	agent-python-3260236912:ruff-python-swallowed	natural:agent-python-3260236912:ruff-python-swallowed:8	BLE001:registry/tracecat_registry/integrations/agents/builder.py:890:16:Do not catch blind exception: `Exception`	"{""end_byte"": null, ""end_line"": 890, ""owner"": null, ""path"": ""registry/tracecat_registry/integrations/agents/builder.py"", ""start_byte"": null, ""start_line"": 890}"	P00203
agent-python-3260236912:ruff-python-swallowed:9	2	agent-python-3260236912:ruff-python-swallowed	natural:agent-python-3260236912:ruff-python-swallowed:9	BLE001:tracecat/cases/service.py:1143:16:Do not catch blind exception: `Exception`	"{""end_byte"": null, ""end_line"": 1143, ""owner"": null, ""path"": ""tracecat/cases/service.py"", ""start_byte"": null, ""start_line"": 1143}"	P00842
agent-python-3260236912:ruff-python-swallowed:10	2	agent-python-3260236912:ruff-python-swallowed	natural:agent-python-3260236912:ruff-python-swallowed:10	BLE001:tracecat/chat/router.py:255:40:Do not catch blind exception: `Exception`	"{""end_byte"": null, ""end_line"": 255, ""owner"": null, ""path"": ""tracecat/chat/router.py"", ""start_byte"": null, ""start_line"": 255}"	P01034
agent-python-3260236912:ruff-python-swallowed:11	2	agent-python-3260236912:ruff-python-swallowed	natural:agent-python-3260236912:ruff-python-swallowed:11	BLE001:tracecat/chat/router.py:266:24:Do not catch blind exception: `Exception`	"{""end_byte"": null, ""end_line"": 266, ""owner"": null, ""path"": ""tracecat/chat/router.py"", ""start_byte"": null, ""start_line"": 266}"	P01208
agent-python-3260236912:ruff-python-swallowed:12	2	agent-python-3260236912:ruff-python-swallowed	natural:agent-python-3260236912:ruff-python-swallowed:12	BLE001:tracecat/chat/router.py:271:16:Do not catch blind exception: `Exception`	"{""end_byte"": null, ""end_line"": 271, ""owner"": null, ""path"": ""tracecat/chat/router.py"", ""start_byte"": null, ""start_line"": 271}"	P01360
agent-python-3260236912:ruff-python-swallowed:13	2	agent-python-3260236912:ruff-python-swallowed	natural:agent-python-3260236912:ruff-python-swallowed:13	BLE001:tracecat/chat/service.py:143:16:Do not catch blind exception: `Exception`	"{""end_byte"": null, ""end_line"": 143, ""owner"": null, ""path"": ""tracecat/chat/service.py"", ""start_byte"": null, ""start_line"": 143}"	P01488
agent-python-3260236912:ruff-python-swallowed:14	2	agent-python-3260236912:ruff-python-swallowed	natural:agent-python-3260236912:ruff-python-swallowed:14	BLE001:tracecat/prompt/router.py:237:40:Do not catch blind exception: `Exception`	"{""end_byte"": null, ""end_line"": 237, ""owner"": null, ""path"": ""tracecat/prompt/router.py"", ""start_byte"": null, ""start_line"": 237}"	P01745
agent-python-3260236912:ruff-python-swallowed:15	2	agent-python-3260236912:ruff-python-swallowed	natural:agent-python-3260236912:ruff-python-swallowed:15	BLE001:tracecat/prompt/router.py:248:24:Do not catch blind exception: `Exception`	"{""end_byte"": null, ""end_line"": 248, ""owner"": null, ""path"": ""tracecat/prompt/router.py"", ""start_byte"": null, ""start_line"": 248}"	P00061
agent-python-3260236912:ruff-python-swallowed:16	2	agent-python-3260236912:ruff-python-swallowed	natural:agent-python-3260236912:ruff-python-swallowed:16	BLE001:tracecat/prompt/router.py:253:16:Do not catch blind exception: `Exception`	"{""end_byte"": null, ""end_line"": 253, ""owner"": null, ""path"": ""tracecat/prompt/router.py"", ""start_byte"": null, ""start_line"": 253}"	P00550
agent-python-3260236912:ruff-python-swallowed:17	2	agent-python-3260236912:ruff-python-swallowed	natural:agent-python-3260236912:ruff-python-swallowed:17	BLE001:tracecat/prompt/service.py:55:16:Do not catch blind exception: `Exception`	"{""end_byte"": null, ""end_line"": 55, ""owner"": null, ""path"": ""tracecat/prompt/service.py"", ""start_byte"": null, ""start_line"": 55}"	P01505
agent-python-3260236912:ruff-python-swallowed:18	2	agent-python-3260236912:ruff-python-swallowed	natural:agent-python-3260236912:ruff-python-swallowed:18	BLE001:tracecat/redis/client.py:175:16:Do not catch blind exception: `Exception`	"{""end_byte"": null, ""end_line"": 175, ""owner"": null, ""path"": ""tracecat/redis/client.py"", ""start_byte"": null, ""start_line"": 175}"	P01631
human-python-3260236912-2597771531:shipped-escapes:1	2	human-python-3260236912-2597771531:shipped-escapes	natural:human-python-3260236912-2597771531:shipped-escapes:1	423a925a9dddd09a	"{""end_byte"": null, ""end_line"": 111, ""owner"": null, ""path"": ""frontend/__tests__/yaml-editor.test.tsx"", ""start_byte"": null, ""start_line"": 111}"	P00277
human-python-3260236912-2597771531:shipped-stubs:1	2	human-python-3260236912-2597771531:shipped-stubs	natural:human-python-3260236912-2597771531:shipped-stubs:1	d09ee3ebb5c4a1f7	"{""end_byte"": null, ""end_line"": 134, ""owner"": null, ""path"": ""frontend/src/components/builder/panel/action-panel.tsx"", ""start_byte"": null, ""start_line"": 134}"	P00352
human-python-3260236912-2597771531:shipped-test-skip:1	2	human-python-3260236912-2597771531:shipped-test-skip	natural:human-python-3260236912-2597771531:shipped-test-skip:1	423a925a9dddd09a	"{""end_byte"": null, ""end_line"": 111, ""owner"": null, ""path"": ""frontend/__tests__/yaml-editor.test.tsx"", ""start_byte"": null, ""start_line"": 111}"	P01966
human-python-3260236912-2597771531:unfinished-throw-body:1	2	human-python-3260236912-2597771531:unfinished-throw-body	natural:human-python-3260236912-2597771531:unfinished-throw-body:1	throw-body:raise:tracecat/editor/router.py:300	"{""end_byte"": null, ""end_line"": 300, ""owner"": null, ""path"": ""tracecat/editor/router.py"", ""start_byte"": null, ""start_line"": 300}"	P00535
human-python-3260236912-2597771531:error-empty-handler:1	2	human-python-3260236912-2597771531:error-empty-handler	natural:human-python-3260236912-2597771531:error-empty-handler:1	empty-handler:pass:tracecat/editor/router.py:270	"{""end_byte"": null, ""end_line"": 270, ""owner"": null, ""path"": ""tracecat/editor/router.py"", ""start_byte"": null, ""start_line"": 270}"	P01507
human-python-3260236912-2597771531:error-broad-handler:1	2	human-python-3260236912-2597771531:error-broad-handler	natural:human-python-3260236912-2597771531:error-broad-handler:1	broad-handler:other:frontend/src/components/builder/panel/action-panel.tsx:515	"{""end_byte"": null, ""end_line"": 515, ""owner"": null, ""path"": ""frontend/src/components/builder/panel/action-panel.tsx"", ""start_byte"": null, ""start_line"": 515}"	P00771
human-python-3260236912-2597771531:error-broad-handler:2	2	human-python-3260236912-2597771531:error-broad-handler	natural:human-python-3260236912-2597771531:error-broad-handler:2	broad-handler:other:frontend/src/components/editor/codemirror/common.tsx:193	"{""end_byte"": null, ""end_line"": 193, ""owner"": null, ""path"": ""frontend/src/components/editor/codemirror/common.tsx"", ""start_byte"": null, ""start_line"": 193}"	P01058
human-python-3260236912-2597771531:error-broad-handler:3	2	human-python-3260236912-2597771531:error-broad-handler	natural:human-python-3260236912-2597771531:error-broad-handler:3	broad-handler:other:frontend/src/components/editor/codemirror/common.tsx:569	"{""end_byte"": null, ""end_line"": 569, ""owner"": null, ""path"": ""frontend/src/components/editor/codemirror/common.tsx"", ""start_byte"": null, ""start_line"": 569}"	P01055
human-python-3260236912-2597771531:error-broad-handler:4	2	human-python-3260236912-2597771531:error-broad-handler	natural:human-python-3260236912-2597771531:error-broad-handler:4	broad-handler:other:frontend/src/components/editor/codemirror/yaml-editor.tsx:237	"{""end_byte"": null, ""end_line"": 237, ""owner"": null, ""path"": ""frontend/src/components/editor/codemirror/yaml-editor.tsx"", ""start_byte"": null, ""start_line"": 237}"	P01464
human-python-3260236912-2597771531:error-broad-handler:5	2	human-python-3260236912-2597771531:error-broad-handler	natural:human-python-3260236912-2597771531:error-broad-handler:5	broad-handler:other:frontend/src/components/editor/expression-input.tsx:131	"{""end_byte"": null, ""end_line"": 131, ""owner"": null, ""path"": ""frontend/src/components/editor/expression-input.tsx"", ""start_byte"": null, ""start_line"": 131}"	P01406
human-python-3260236912-2597771531:error-broad-handler:6	2	human-python-3260236912-2597771531:error-broad-handler	natural:human-python-3260236912-2597771531:error-broad-handler:6	broad-handler:other:tracecat/editor/router.py:121	"{""end_byte"": null, ""end_line"": 121, ""owner"": null, ""path"": ""tracecat/editor/router.py"", ""start_byte"": null, ""start_line"": 121}"	P01373
human-python-3260236912-2597771531:error-broad-handler:7	2	human-python-3260236912-2597771531:error-broad-handler	natural:human-python-3260236912-2597771531:error-broad-handler:7	broad-handler:other:tracecat/editor/router.py:288	"{""end_byte"": null, ""end_line"": 288, ""owner"": null, ""path"": ""tracecat/editor/router.py"", ""start_byte"": null, ""start_line"": 288}"	P01404
human-python-3260236912-2597771531:error-broad-handler:8	2	human-python-3260236912-2597771531:error-broad-handler	natural:human-python-3260236912-2597771531:error-broad-handler:8	broad-handler:other:tracecat/registry/fields.py:126	"{""end_byte"": null, ""end_line"": 126, ""owner"": null, ""path"": ""tracecat/registry/fields.py"", ""start_byte"": null, ""start_line"": 126}"	P00533
human-python-3260236912-2597771531:new-direct-dependency:1	2	human-python-3260236912-2597771531:new-direct-dependency	natural:human-python-3260236912-2597771531:new-direct-dependency:1	npm:@codemirror/autocomplete	"{""end_byte"": null, ""end_line"": null, ""owner"": null, ""path"": ""frontend/package.json"", ""start_byte"": null, ""start_line"": null}"	P00645
human-python-3260236912-2597771531:new-direct-dependency:2	2	human-python-3260236912-2597771531:new-direct-dependency	natural:human-python-3260236912-2597771531:new-direct-dependency:2	npm:@codemirror/commands	"{""end_byte"": null, ""end_line"": null, ""owner"": null, ""path"": ""frontend/package.json"", ""start_byte"": null, ""start_line"": null}"	P00250
human-python-3260236912-2597771531:new-direct-dependency:3	2	human-python-3260236912-2597771531:new-direct-dependency	natural:human-python-3260236912-2597771531:new-direct-dependency:3	npm:@codemirror/lang-json	"{""end_byte"": null, ""end_line"": null, ""owner"": null, ""path"": ""frontend/package.json"", ""start_byte"": null, ""start_line"": null}"	P02116
human-python-3260236912-2597771531:new-direct-dependency:4	2	human-python-3260236912-2597771531:new-direct-dependency	natural:human-python-3260236912-2597771531:new-direct-dependency:4	npm:@codemirror/lang-python	"{""end_byte"": null, ""end_line"": null, ""owner"": null, ""path"": ""frontend/package.json"", ""start_byte"": null, ""start_line"": null}"	P01628
human-python-3260236912-2597771531:new-direct-dependency:5	2	human-python-3260236912-2597771531:new-direct-dependency	natural:human-python-3260236912-2597771531:new-direct-dependency:5	npm:@codemirror/lang-yaml	"{""end_byte"": null, ""end_line"": null, ""owner"": null, ""path"": ""frontend/package.json"", ""start_byte"": null, ""start_line"": null}"	P01576
human-python-3260236912-2597771531:new-direct-dependency:6	2	human-python-3260236912-2597771531:new-direct-dependency	natural:human-python-3260236912-2597771531:new-direct-dependency:6	npm:@codemirror/language	"{""end_byte"": null, ""end_line"": null, ""owner"": null, ""path"": ""frontend/package.json"", ""start_byte"": null, ""start_line"": null}"	P00534
human-python-3260236912-2597771531:new-direct-dependency:7	2	human-python-3260236912-2597771531:new-direct-dependency	natural:human-python-3260236912-2597771531:new-direct-dependency:7	npm:@codemirror/lint	"{""end_byte"": null, ""end_line"": null, ""owner"": null, ""path"": ""frontend/package.json"", ""start_byte"": null, ""start_line"": null}"	P01752
human-python-3260236912-2597771531:new-direct-dependency:8	2	human-python-3260236912-2597771531:new-direct-dependency	natural:human-python-3260236912-2597771531:new-direct-dependency:8	npm:@codemirror/state	"{""end_byte"": null, ""end_line"": null, ""owner"": null, ""path"": ""frontend/package.json"", ""start_byte"": null, ""start_line"": null}"	P01955
human-python-3260236912-2597771531:new-direct-dependency:9	2	human-python-3260236912-2597771531:new-direct-dependency	natural:human-python-3260236912-2597771531:new-direct-dependency:9	npm:@codemirror/view	"{""end_byte"": null, ""end_line"": null, ""owner"": null, ""path"": ""frontend/package.json"", ""start_byte"": null, ""start_line"": null}"	P01448
human-python-3260236912-2597771531:new-direct-dependency:10	2	human-python-3260236912-2597771531:new-direct-dependency	natural:human-python-3260236912-2597771531:new-direct-dependency:10	npm:@lezer/highlight	"{""end_byte"": null, ""end_line"": null, ""owner"": null, ""path"": ""frontend/package.json"", ""start_byte"": null, ""start_line"": null}"	P00376
human-python-3260236912-2597771531:new-direct-dependency:11	2	human-python-3260236912-2597771531:new-direct-dependency	natural:human-python-3260236912-2597771531:new-direct-dependency:11	npm:@textea/json-viewer	"{""end_byte"": null, ""end_line"": null, ""owner"": null, ""path"": ""frontend/package.json"", ""start_byte"": null, ""start_line"": null}"	P00808
human-python-3260236912-2597771531:new-direct-dependency:12	2	human-python-3260236912-2597771531:new-direct-dependency	natural:human-python-3260236912-2597771531:new-direct-dependency:12	npm:@tiptap/extension-document	"{""end_byte"": null, ""end_line"": null, ""owner"": null, ""path"": ""frontend/package.json"", ""start_byte"": null, ""start_line"": null}"	P01703
human-python-3260236912-2597771531:new-direct-dependency:13	2	human-python-3260236912-2597771531:new-direct-dependency	natural:human-python-3260236912-2597771531:new-direct-dependency:13	npm:@tiptap/extension-history	"{""end_byte"": null, ""end_line"": null, ""owner"": null, ""path"": ""frontend/package.json"", ""start_byte"": null, ""start_line"": null}"	P01261
human-python-3260236912-2597771531:new-direct-dependency:14	2	human-python-3260236912-2597771531:new-direct-dependency	natural:human-python-3260236912-2597771531:new-direct-dependency:14	npm:@tiptap/extension-paragraph	"{""end_byte"": null, ""end_line"": null, ""owner"": null, ""path"": ""frontend/package.json"", ""start_byte"": null, ""start_line"": null}"	P00183
human-python-3260236912-2597771531:new-direct-dependency:15	2	human-python-3260236912-2597771531:new-direct-dependency	natural:human-python-3260236912-2597771531:new-direct-dependency:15	npm:@tiptap/extension-text	"{""end_byte"": null, ""end_line"": null, ""owner"": null, ""path"": ""frontend/package.json"", ""start_byte"": null, ""start_line"": null}"	P01124
human-python-3260236912-2597771531:new-direct-dependency:16	2	human-python-3260236912-2597771531:new-direct-dependency	natural:human-python-3260236912-2597771531:new-direct-dependency:16	npm:@uiw/react-codemirror	"{""end_byte"": null, ""end_line"": null, ""owner"": null, ""path"": ""frontend/package.json"", ""start_byte"": null, ""start_line"": null}"	P02019
human-python-3260236912-2597771531:new-direct-dependency:17	2	human-python-3260236912-2597771531:new-direct-dependency	natural:human-python-3260236912-2597771531:new-direct-dependency:17	npm:@uiw/react-json-view	"{""end_byte"": null, ""end_line"": null, ""owner"": null, ""path"": ""frontend/package.json"", ""start_byte"": null, ""start_line"": null}"	P01295
human-python-3260236912-2597771531:ruff-python-swallowed:1	2	human-python-3260236912-2597771531:ruff-python-swallowed	natural:human-python-3260236912-2597771531:ruff-python-swallowed:1	BLE001:registry/tracecat_registry/core/python.py:292:24:Do not catch blind exception: `Exception`	"{""end_byte"": null, ""end_line"": 292, ""owner"": null, ""path"": ""registry/tracecat_registry/core/python.py"", ""start_byte"": null, ""start_line"": 292}"	P01750
human-python-3260236912-2597771531:ruff-python-swallowed:2	2	human-python-3260236912-2597771531:ruff-python-swallowed	natural:human-python-3260236912-2597771531:ruff-python-swallowed:2	BLE001:registry/tracecat_registry/integrations/agents/builder.py:137:12:Do not catch blind exception: `Exception`	"{""end_byte"": null, ""end_line"": 137, ""owner"": null, ""path"": ""registry/tracecat_registry/integrations/agents/builder.py"", ""start_byte"": null, ""start_line"": 137}"	P01837
human-python-3260236912-2597771531:ruff-python-swallowed:3	2	human-python-3260236912-2597771531:ruff-python-swallowed	natural:human-python-3260236912-2597771531:ruff-python-swallowed:3	BLE001:registry/tracecat_registry/integrations/agents/builder.py:494:12:Do not catch blind exception: `Exception`	"{""end_byte"": null, ""end_line"": 494, ""owner"": null, ""path"": ""registry/tracecat_registry/integrations/agents/builder.py"", ""start_byte"": null, ""start_line"": 494}"	P00712
human-python-3260236912-2597771531:ruff-python-swallowed:4	2	human-python-3260236912-2597771531:ruff-python-swallowed	natural:human-python-3260236912-2597771531:ruff-python-swallowed:4	BLE001:tracecat/editor/router.py:121:8:Do not catch blind exception: `Exception`	"{""end_byte"": null, ""end_line"": 121, ""owner"": null, ""path"": ""tracecat/editor/router.py"", ""start_byte"": null, ""start_line"": 121}"	P00610
human-python-3260236912-2597771531:ruff-python-swallowed:5	2	human-python-3260236912-2597771531:ruff-python-swallowed	natural:human-python-3260236912-2597771531:ruff-python-swallowed:5	S110:tracecat/editor/router.py:270:9:`try`-`except`-`pass` detected, consider logging the exception	"{""end_byte"": null, ""end_line"": 270, ""owner"": null, ""path"": ""tracecat/editor/router.py"", ""start_byte"": null, ""start_line"": 270}"	P00319
human-python-3260236912-2597771531:ruff-python-swallowed:6	2	human-python-3260236912-2597771531:ruff-python-swallowed	natural:human-python-3260236912-2597771531:ruff-python-swallowed:6	BLE001:tracecat/editor/router.py:270:16:Do not catch blind exception: `Exception`	"{""end_byte"": null, ""end_line"": 270, ""owner"": null, ""path"": ""tracecat/editor/router.py"", ""start_byte"": null, ""start_line"": 270}"	P00204
human-python-3260236912-2597771531:ruff-python-swallowed:7	2	human-python-3260236912-2597771531:ruff-python-swallowed	natural:human-python-3260236912-2597771531:ruff-python-swallowed:7	BLE001:tracecat/editor/router.py:288:12:Do not catch blind exception: `Exception`	"{""end_byte"": null, ""end_line"": 288, ""owner"": null, ""path"": ""tracecat/editor/router.py"", ""start_byte"": null, ""start_line"": 288}"	P00361
human-python-3260236912-2597771531:ruff-python-swallowed:8	2	human-python-3260236912-2597771531:ruff-python-swallowed	natural:human-python-3260236912-2597771531:ruff-python-swallowed:8	BLE001:tracecat/registry/fields.py:126:12:Do not catch blind exception: `Exception`	"{""end_byte"": null, ""end_line"": 126, ""owner"": null, ""path"": ""tracecat/registry/fields.py"", ""start_byte"": null, ""start_line"": 126}"	P00432
human-python-3260236912-2597771531:ruff-python-swallowed:9	2	human-python-3260236912-2597771531:ruff-python-swallowed	natural:human-python-3260236912-2597771531:ruff-python-swallowed:9	BLE001:tracecat/registry/repository.py:599:16:Do not catch blind exception: `Exception`	"{""end_byte"": null, ""end_line"": 599, ""owner"": null, ""path"": ""tracecat/registry/repository.py"", ""start_byte"": null, ""start_line"": 599}"	P01368
agent-python-3338367670:shipped-stubs:1	2	agent-python-3338367670:shipped-stubs	natural:agent-python-3338367670:shipped-stubs:1	6e46800db866924f	"{""end_byte"": null, ""end_line"": 171, ""owner"": null, ""path"": ""src/mcp_memory_service/storage/cloudflare.py"", ""start_byte"": null, ""start_line"": 171}"	P00020
agent-python-3338367670:error-broad-handler:1	2	agent-python-3338367670:error-broad-handler	natural:agent-python-3338367670:error-broad-handler:1	broad-handler:other:scripts/migrate_to_cloudflare.py:194	"{""end_byte"": null, ""end_line"": 194, ""owner"": null, ""path"": ""scripts/migrate_to_cloudflare.py"", ""start_byte"": null, ""start_line"": 194}"	P01051
agent-python-3338367670:error-broad-handler:2	2	agent-python-3338367670:error-broad-handler	natural:agent-python-3338367670:error-broad-handler:2	broad-handler:other:scripts/migrate_to_cloudflare.py:240	"{""end_byte"": null, ""end_line"": 240, ""owner"": null, ""path"": ""scripts/migrate_to_cloudflare.py"", ""start_byte"": null, ""start_line"": 240}"	P00146
agent-python-3338367670:error-broad-handler:3	2	agent-python-3338367670:error-broad-handler	natural:agent-python-3338367670:error-broad-handler:3	broad-handler:other:scripts/migrate_to_cloudflare.py:255	"{""end_byte"": null, ""end_line"": 255, ""owner"": null, ""path"": ""scripts/migrate_to_cloudflare.py"", ""start_byte"": null, ""start_line"": 255}"	P00622
agent-python-3338367670:error-broad-handler:4	2	agent-python-3338367670:error-broad-handler	natural:agent-python-3338367670:error-broad-handler:4	broad-handler:other:scripts/migrate_to_cloudflare.py:273	"{""end_byte"": null, ""end_line"": 273, ""owner"": null, ""path"": ""scripts/migrate_to_cloudflare.py"", ""start_byte"": null, ""start_line"": 273}"	P00994
agent-python-3338367670:error-broad-handler:5	2	agent-python-3338367670:error-broad-handler	natural:agent-python-3338367670:error-broad-handler:5	broad-handler:other:scripts/migrate_to_cloudflare.py:333	"{""end_byte"": null, ""end_line"": 333, ""owner"": null, ""path"": ""scripts/migrate_to_cloudflare.py"", ""start_byte"": null, ""start_line"": 333}"	P01847
agent-python-3338367670:error-broad-handler:6	2	agent-python-3338367670:error-broad-handler	natural:agent-python-3338367670:error-broad-handler:6	broad-handler:other:scripts/setup_cloudflare_resources.py:145	"{""end_byte"": null, ""end_line"": 145, ""owner"": null, ""path"": ""scripts/setup_cloudflare_resources.py"", ""start_byte"": null, ""start_line"": 145}"	P01838
agent-python-3338367670:error-broad-handler:7	2	agent-python-3338367670:error-broad-handler	natural:agent-python-3338367670:error-broad-handler:7	broad-handler:other:scripts/setup_cloudflare_resources.py:216	"{""end_byte"": null, ""end_line"": 216, ""owner"": null, ""path"": ""scripts/setup_cloudflare_resources.py"", ""start_byte"": null, ""start_line"": 216}"	P00975
agent-python-3338367670:error-broad-handler:8	2	agent-python-3338367670:error-broad-handler	natural:agent-python-3338367670:error-broad-handler:8	broad-handler:other:src/mcp_memory_service/storage/cloudflare.py:311	"{""end_byte"": null, ""end_line"": 311, ""owner"": null, ""path"": ""src/mcp_memory_service/storage/cloudflare.py"", ""start_byte"": null, ""start_line"": 311}"	P00513
agent-python-3338367670:error-broad-handler:9	2	agent-python-3338367670:error-broad-handler	natural:agent-python-3338367670:error-broad-handler:9	broad-handler:other:src/mcp_memory_service/storage/cloudflare.py:646	"{""end_byte"": null, ""end_line"": 646, ""owner"": null, ""path"": ""src/mcp_memory_service/storage/cloudflare.py"", ""start_byte"": null, ""start_line"": 646}"	P01111
agent-python-3338367670:error-broad-handler:10	2	agent-python-3338367670:error-broad-handler	natural:agent-python-3338367670:error-broad-handler:10	broad-handler:other:src/mcp_memory_service/storage/cloudflare.py:685	"{""end_byte"": null, ""end_line"": 685, ""owner"": null, ""path"": ""src/mcp_memory_service/storage/cloudflare.py"", ""start_byte"": null, ""start_line"": 685}"	P00410
agent-python-3338367670:error-broad-handler:11	2	agent-python-3338367670:error-broad-handler	natural:agent-python-3338367670:error-broad-handler:11	broad-handler:other:src/mcp_memory_service/storage/cloudflare.py:727	"{""end_byte"": null, ""end_line"": 727, ""owner"": null, ""path"": ""src/mcp_memory_service/storage/cloudflare.py"", ""start_byte"": null, ""start_line"": 727}"	P00637
agent-python-3338367670:error-broad-handler:12	2	agent-python-3338367670:error-broad-handler	natural:agent-python-3338367670:error-broad-handler:12	broad-handler:other:src/mcp_memory_service/storage/cloudflare.py:779	"{""end_byte"": null, ""end_line"": 779, ""owner"": null, ""path"": ""src/mcp_memory_service/storage/cloudflare.py"", ""start_byte"": null, ""start_line"": 779}"	P00108
agent-python-3338367670:error-broad-handler:13	2	agent-python-3338367670:error-broad-handler	natural:agent-python-3338367670:error-broad-handler:13	broad-handler:other:src/mcp_memory_service/storage/cloudflare.py:843	"{""end_byte"": null, ""end_line"": 843, ""owner"": null, ""path"": ""src/mcp_memory_service/storage/cloudflare.py"", ""start_byte"": null, ""start_line"": 843}"	P00036
agent-python-3338367670:new-direct-dependency:1	2	agent-python-3338367670:new-direct-dependency	natural:agent-python-3338367670:new-direct-dependency:1	pypi:httpx	"{""end_byte"": null, ""end_line"": null, ""owner"": null, ""path"": ""pyproject.toml"", ""start_byte"": null, ""start_line"": null}"	P00040
agent-python-3338367670:ruff-python-injection:1	2	agent-python-3338367670:ruff-python-injection	natural:agent-python-3338367670:ruff-python-injection:1	S608:src/mcp_memory_service/storage/cloudflare.py:551:19:Possible SQL injection vector through string-based query construction	"{""end_byte"": null, ""end_line"": 551, ""owner"": null, ""path"": ""src/mcp_memory_service/storage/cloudflare.py"", ""start_byte"": null, ""start_line"": 551}"	P01725
agent-python-3338367670:ruff-python-injection:2	2	agent-python-3338367670:ruff-python-injection	natural:agent-python-3338367670:ruff-python-injection:2	S608:src/mcp_memory_service/storage/cloudflare.py:641:34:Possible SQL injection vector through string-based query construction	"{""end_byte"": null, ""end_line"": 641, ""owner"": null, ""path"": ""src/mcp_memory_service/storage/cloudflare.py"", ""start_byte"": null, ""start_line"": 641}"	P01997
agent-python-3338367670:ruff-python-injection:3	2	agent-python-3338367670:ruff-python-injection	natural:agent-python-3338367670:ruff-python-injection:3	S608:src/mcp_memory_service/storage/cloudflare.py:762:19:Possible SQL injection vector through string-based query construction	"{""end_byte"": null, ""end_line"": 762, ""owner"": null, ""path"": ""src/mcp_memory_service/storage/cloudflare.py"", ""start_byte"": null, ""start_line"": 762}"	P01947
agent-python-3338367670:ruff-python-swallowed:1	2	agent-python-3338367670:ruff-python-swallowed	natural:agent-python-3338367670:ruff-python-swallowed:1	BLE001:scripts/migrate_to_cloudflare.py:194:28:Do not catch blind exception: `Exception`	"{""end_byte"": null, ""end_line"": 194, ""owner"": null, ""path"": ""scripts/migrate_to_cloudflare.py"", ""start_byte"": null, ""start_line"": 194}"	P01490
agent-python-3338367670:ruff-python-swallowed:2	2	agent-python-3338367670:ruff-python-swallowed	natural:agent-python-3338367670:ruff-python-swallowed:2	BLE001:scripts/migrate_to_cloudflare.py:240:16:Do not catch blind exception: `Exception`	"{""end_byte"": null, ""end_line"": 240, ""owner"": null, ""path"": ""scripts/migrate_to_cloudflare.py"", ""start_byte"": null, ""start_line"": 240}"	P01682
agent-python-3338367670:ruff-python-swallowed:3	2	agent-python-3338367670:ruff-python-swallowed	natural:agent-python-3338367670:ruff-python-swallowed:3	BLE001:scripts/migrate_to_cloudflare.py:255:16:Do not catch blind exception: `Exception`	"{""end_byte"": null, ""end_line"": 255, ""owner"": null, ""path"": ""scripts/migrate_to_cloudflare.py"", ""start_byte"": null, ""start_line"": 255}"	P01218
agent-python-3338367670:ruff-python-swallowed:4	2	agent-python-3338367670:ruff-python-swallowed	natural:agent-python-3338367670:ruff-python-swallowed:4	BLE001:scripts/migrate_to_cloudflare.py:273:16:Do not catch blind exception: `Exception`	"{""end_byte"": null, ""end_line"": 273, ""owner"": null, ""path"": ""scripts/migrate_to_cloudflare.py"", ""start_byte"": null, ""start_line"": 273}"	P00265
agent-python-3338367670:ruff-python-swallowed:5	2	agent-python-3338367670:ruff-python-swallowed	natural:agent-python-3338367670:ruff-python-swallowed:5	BLE001:scripts/migrate_to_cloudflare.py:333:12:Do not catch blind exception: `Exception`	"{""end_byte"": null, ""end_line"": 333, ""owner"": null, ""path"": ""scripts/migrate_to_cloudflare.py"", ""start_byte"": null, ""start_line"": 333}"	P01207
agent-python-3338367670:ruff-python-swallowed:6	2	agent-python-3338367670:ruff-python-swallowed	natural:agent-python-3338367670:ruff-python-swallowed:6	BLE001:scripts/setup_cloudflare_resources.py:145:16:Do not catch blind exception: `Exception`	"{""end_byte"": null, ""end_line"": 145, ""owner"": null, ""path"": ""scripts/setup_cloudflare_resources.py"", ""start_byte"": null, ""start_line"": 145}"	P01738
agent-python-3338367670:ruff-python-swallowed:7	2	agent-python-3338367670:ruff-python-swallowed	natural:agent-python-3338367670:ruff-python-swallowed:7	BLE001:scripts/setup_cloudflare_resources.py:187:20:Do not catch blind exception: `Exception`	"{""end_byte"": null, ""end_line"": 187, ""owner"": null, ""path"": ""scripts/setup_cloudflare_resources.py"", ""start_byte"": null, ""start_line"": 187}"	P01796
agent-python-3338367670:ruff-python-swallowed:8	2	agent-python-3338367670:ruff-python-swallowed	natural:agent-python-3338367670:ruff-python-swallowed:8	BLE001:scripts/setup_cloudflare_resources.py:216:12:Do not catch blind exception: `Exception`	"{""end_byte"": null, ""end_line"": 216, ""owner"": null, ""path"": ""scripts/setup_cloudflare_resources.py"", ""start_byte"": null, ""start_line"": 216}"	P01814
agent-python-3338367670:ruff-python-swallowed:9	2	agent-python-3338367670:ruff-python-swallowed	natural:agent-python-3338367670:ruff-python-swallowed:9	BLE001:scripts/test_cloudflare_backend.py:97:12:Do not catch blind exception: `Exception`	"{""end_byte"": null, ""end_line"": 97, ""owner"": null, ""path"": ""scripts/test_cloudflare_backend.py"", ""start_byte"": null, ""start_line"": 97}"	P00326
agent-python-3338367670:ruff-python-swallowed:10	2	agent-python-3338367670:ruff-python-swallowed	natural:agent-python-3338367670:ruff-python-swallowed:10	BLE001:src/mcp_memory_service/config.py:57:16:Do not catch blind exception: `Exception`	"{""end_byte"": null, ""end_line"": 57, ""owner"": null, ""path"": ""src/mcp_memory_service/config.py"", ""start_byte"": null, ""start_line"": 57}"	P00886
agent-python-3338367670:ruff-python-swallowed:11	2	agent-python-3338367670:ruff-python-swallowed	natural:agent-python-3338367670:ruff-python-swallowed:11	BLE001:src/mcp_memory_service/config.py:92:20:Do not catch blind exception: `Exception`	"{""end_byte"": null, ""end_line"": 92, ""owner"": null, ""path"": ""src/mcp_memory_service/config.py"", ""start_byte"": null, ""start_line"": 92}"	P00727
agent-python-3338367670:ruff-python-swallowed:12	2	agent-python-3338367670:ruff-python-swallowed	natural:agent-python-3338367670:ruff-python-swallowed:12	BLE001:src/mcp_memory_service/config.py:161:8:Do not catch blind exception: `Exception`	"{""end_byte"": null, ""end_line"": 161, ""owner"": null, ""path"": ""src/mcp_memory_service/config.py"", ""start_byte"": null, ""start_line"": 161}"	P01696
agent-python-3338367670:ruff-python-swallowed:13	2	agent-python-3338367670:ruff-python-swallowed	natural:agent-python-3338367670:ruff-python-swallowed:13	BLE001:src/mcp_memory_service/config.py:333:8:Do not catch blind exception: `Exception`	"{""end_byte"": null, ""end_line"": 333, ""owner"": null, ""path"": ""src/mcp_memory_service/config.py"", ""start_byte"": null, ""start_line"": 333}"	P00229
agent-python-3338367670:ruff-python-swallowed:14	2	agent-python-3338367670:ruff-python-swallowed	natural:agent-python-3338367670:ruff-python-swallowed:14	BLE001:src/mcp_memory_service/mcp_server.py:210:12:Do not catch blind exception: `Exception`	"{""end_byte"": null, ""end_line"": 210, ""owner"": null, ""path"": ""src/mcp_memory_service/mcp_server.py"", ""start_byte"": null, ""start_line"": 210}"	P02079
agent-python-3338367670:ruff-python-swallowed:15	2	agent-python-3338367670:ruff-python-swallowed	natural:agent-python-3338367670:ruff-python-swallowed:15	BLE001:src/mcp_memory_service/mcp_server.py:263:12:Do not catch blind exception: `Exception`	"{""end_byte"": null, ""end_line"": 263, ""owner"": null, ""path"": ""src/mcp_memory_service/mcp_server.py"", ""start_byte"": null, ""start_line"": 263}"	P00841
agent-python-3338367670:ruff-python-swallowed:16	2	agent-python-3338367670:ruff-python-swallowed	natural:agent-python-3338367670:ruff-python-swallowed:16	BLE001:src/mcp_memory_service/mcp_server.py:318:12:Do not catch blind exception: `Exception`	"{""end_byte"": null, ""end_line"": 318, ""owner"": null, ""path"": ""src/mcp_memory_service/mcp_server.py"", ""start_byte"": null, ""start_line"": 318}"	P01236
agent-python-3338367670:ruff-python-swallowed:17	2	agent-python-3338367670:ruff-python-swallowed	natural:agent-python-3338367670:ruff-python-swallowed:17	BLE001:src/mcp_memory_service/mcp_server.py:352:12:Do not catch blind exception: `Exception`	"{""end_byte"": null, ""end_line"": 352, ""owner"": null, ""path"": ""src/mcp_memory_service/mcp_server.py"", ""start_byte"": null, ""start_line"": 352}"	P00384
agent-python-3338367670:ruff-python-swallowed:18	2	agent-python-3338367670:ruff-python-swallowed	natural:agent-python-3338367670:ruff-python-swallowed:18	BLE001:src/mcp_memory_service/mcp_server.py:386:12:Do not catch blind exception: `Exception`	"{""end_byte"": null, ""end_line"": 386, ""owner"": null, ""path"": ""src/mcp_memory_service/mcp_server.py"", ""start_byte"": null, ""start_line"": 386}"	P00663
agent-python-3338367670:ruff-python-swallowed:19	2	agent-python-3338367670:ruff-python-swallowed	natural:agent-python-3338367670:ruff-python-swallowed:19	S110:src/mcp_memory_service/server.py:56:13:`try`-`except`-`pass` detected, consider logging the exception	"{""end_byte"": null, ""end_line"": 56, ""owner"": null, ""path"": ""src/mcp_memory_service/server.py"", ""start_byte"": null, ""start_line"": 56}"	P00142
agent-python-3338367670:ruff-python-swallowed:20	2	agent-python-3338367670:ruff-python-swallowed	natural:agent-python-3338367670:ruff-python-swallowed:20	BLE001:src/mcp_memory_service/server.py:68:12:Do not catch blind exception: `Exception`	"{""end_byte"": null, ""end_line"": 68, ""owner"": null, ""path"": ""src/mcp_memory_service/server.py"", ""start_byte"": null, ""start_line"": 68}"	P01148
agent-python-3338367670:ruff-python-swallowed:21	2	agent-python-3338367670:ruff-python-swallowed	natural:agent-python-3338367670:ruff-python-swallowed:21	BLE001:src/mcp_memory_service/server.py:157:12:Do not catch blind exception: `Exception`	"{""end_byte"": null, ""end_line"": 157, ""owner"": null, ""path"": ""src/mcp_memory_service/server.py"", ""start_byte"": null, ""start_line"": 157}"	P00679
agent-python-3338367670:ruff-python-swallowed:22	2	agent-python-3338367670:ruff-python-swallowed	natural:agent-python-3338367670:ruff-python-swallowed:22	BLE001:src/mcp_memory_service/server.py:320:20:Do not catch blind exception: `Exception`	"{""end_byte"": null, ""end_line"": 320, ""owner"": null, ""path"": ""src/mcp_memory_service/server.py"", ""start_byte"": null, ""start_line"": 320}"	P00559
agent-python-3338367670:ruff-python-swallowed:23	2	agent-python-3338367670:ruff-python-swallowed	natural:agent-python-3338367670:ruff-python-swallowed:23	BLE001:src/mcp_memory_service/server.py:343:16:Do not catch blind exception: `Exception`	"{""end_byte"": null, ""end_line"": 343, ""owner"": null, ""path"": ""src/mcp_memory_service/server.py"", ""start_byte"": null, ""start_line"": 343}"	P00010
agent-python-3338367670:ruff-python-swallowed:24	2	agent-python-3338367670:ruff-python-swallowed	natural:agent-python-3338367670:ruff-python-swallowed:24	BLE001:src/mcp_memory_service/server.py:365:16:Do not catch blind exception: `Exception`	"{""end_byte"": null, ""end_line"": 365, ""owner"": null, ""path"": ""src/mcp_memory_service/server.py"", ""start_byte"": null, ""start_line"": 365}"	P00950
agent-python-3338367670:ruff-python-swallowed:25	2	agent-python-3338367670:ruff-python-swallowed	natural:agent-python-3338367670:ruff-python-swallowed:25	BLE001:src/mcp_memory_service/server.py:407:16:Do not catch blind exception: `Exception`	"{""end_byte"": null, ""end_line"": 407, ""owner"": null, ""path"": ""src/mcp_memory_service/server.py"", ""start_byte"": null, ""start_line"": 407}"	P01664
agent-python-3338367670:ruff-python-swallowed:26	2	agent-python-3338367670:ruff-python-swallowed	natural:agent-python-3338367670:ruff-python-swallowed:26	BLE001:src/mcp_memory_service/server.py:472:16:Do not catch blind exception: `Exception`	"{""end_byte"": null, ""end_line"": 472, ""owner"": null, ""path"": ""src/mcp_memory_service/server.py"", ""start_byte"": null, ""start_line"": 472}"	P00651
agent-python-3338367670:ruff-python-swallowed:27	2	agent-python-3338367670:ruff-python-swallowed	natural:agent-python-3338367670:ruff-python-swallowed:27	BLE001:src/mcp_memory_service/server.py:628:20:Do not catch blind exception: `Exception`	"{""end_byte"": null, ""end_line"": 628, ""owner"": null, ""path"": ""src/mcp_memory_service/server.py"", ""start_byte"": null, ""start_line"": 628}"	P00116
agent-python-3338367670:ruff-python-swallowed:28	2	agent-python-3338367670:ruff-python-swallowed	natural:agent-python-3338367670:ruff-python-swallowed:28	BLE001:src/mcp_memory_service/server.py:641:16:Do not catch blind exception: `Exception`	"{""end_byte"": null, ""end_line"": 641, ""owner"": null, ""path"": ""src/mcp_memory_service/server.py"", ""start_byte"": null, ""start_line"": 641}"	P00315
agent-python-3338367670:ruff-python-swallowed:29	2	agent-python-3338367670:ruff-python-swallowed	natural:agent-python-3338367670:ruff-python-swallowed:29	BLE001:src/mcp_memory_service/server.py:672:16:Do not catch blind exception: `Exception`	"{""end_byte"": null, ""end_line"": 672, ""owner"": null, ""path"": ""src/mcp_memory_service/server.py"", ""start_byte"": null, ""start_line"": 672}"	P02022
agent-python-3338367670:ruff-python-swallowed:30	2	agent-python-3338367670:ruff-python-swallowed	natural:agent-python-3338367670:ruff-python-swallowed:30	BLE001:src/mcp_memory_service/server.py:707:16:Do not catch blind exception: `Exception`	"{""end_byte"": null, ""end_line"": 707, ""owner"": null, ""path"": ""src/mcp_memory_service/server.py"", ""start_byte"": null, ""start_line"": 707}"	P01355
agent-python-3338367670:ruff-python-swallowed:31	2	agent-python-3338367670:ruff-python-swallowed	natural:agent-python-3338367670:ruff-python-swallowed:31	S110:src/mcp_memory_service/server.py:761:13:`try`-`except`-`pass` detected, consider logging the exception	"{""end_byte"": null, ""end_line"": 761, ""owner"": null, ""path"": ""src/mcp_memory_service/server.py"", ""start_byte"": null, ""start_line"": 761}"	P00034
agent-python-3338367670:ruff-python-swallowed:32	2	agent-python-3338367670:ruff-python-swallowed	natural:agent-python-3338367670:ruff-python-swallowed:32	BLE001:src/mcp_memory_service/server.py:817:20:Do not catch blind exception: `Exception`	"{""end_byte"": null, ""end_line"": 817, ""owner"": null, ""path"": ""src/mcp_memory_service/server.py"", ""start_byte"": null, ""start_line"": 817}"	P01566
agent-python-3338367670:ruff-python-swallowed:33	2	agent-python-3338367670:ruff-python-swallowed	natural:agent-python-3338367670:ruff-python-swallowed:33	BLE001:src/mcp_memory_service/server.py:2058:20:Do not catch blind exception: `Exception`	"{""end_byte"": null, ""end_line"": 2058, ""owner"": null, ""path"": ""src/mcp_memory_service/server.py"", ""start_byte"": null, ""start_line"": 2058}"	P00144
agent-python-3338367670:ruff-python-swallowed:34	2	agent-python-3338367670:ruff-python-swallowed	natural:agent-python-3338367670:ruff-python-swallowed:34	BLE001:src/mcp_memory_service/server.py:2080:16:Do not catch blind exception: `Exception`	"{""end_byte"": null, ""end_line"": 2080, ""owner"": null, ""path"": ""src/mcp_memory_service/server.py"", ""start_byte"": null, ""start_line"": 2080}"	P00451
agent-python-3338367670:ruff-python-swallowed:35	2	agent-python-3338367670:ruff-python-swallowed	natural:agent-python-3338367670:ruff-python-swallowed:35	BLE001:src/mcp_memory_service/server.py:2150:16:Do not catch blind exception: `Exception`	"{""end_byte"": null, ""end_line"": 2150, ""owner"": null, ""path"": ""src/mcp_memory_service/server.py"", ""start_byte"": null, ""start_line"": 2150}"	P01530
agent-python-3338367670:ruff-python-swallowed:36	2	agent-python-3338367670:ruff-python-swallowed	natural:agent-python-3338367670:ruff-python-swallowed:36	BLE001:src/mcp_memory_service/server.py:2201:16:Do not catch blind exception: `Exception`	"{""end_byte"": null, ""end_line"": 2201, ""owner"": null, ""path"": ""src/mcp_memory_service/server.py"", ""start_byte"": null, ""start_line"": 2201}"	P00863
agent-python-3338367670:ruff-python-swallowed:37	2	agent-python-3338367670:ruff-python-swallowed	natural:agent-python-3338367670:ruff-python-swallowed:37	BLE001:src/mcp_memory_service/server.py:2248:16:Do not catch blind exception: `Exception`	"{""end_byte"": null, ""end_line"": 2248, ""owner"": null, ""path"": ""src/mcp_memory_service/server.py"", ""start_byte"": null, ""start_line"": 2248}"	P01499
agent-python-3338367670:ruff-python-swallowed:38	2	agent-python-3338367670:ruff-python-swallowed	natural:agent-python-3338367670:ruff-python-swallowed:38	BLE001:src/mcp_memory_service/server.py:2310:28:Do not catch blind exception: `Exception`	"{""end_byte"": null, ""end_line"": 2310, ""owner"": null, ""path"": ""src/mcp_memory_service/server.py"", ""start_byte"": null, ""start_line"": 2310}"	P00457
agent-python-3338367670:ruff-python-swallowed:39	2	agent-python-3338367670:ruff-python-swallowed	natural:agent-python-3338367670:ruff-python-swallowed:39	BLE001:src/mcp_memory_service/server.py:2318:24:Do not catch blind exception: `Exception`	"{""end_byte"": null, ""end_line"": 2318, ""owner"": null, ""path"": ""src/mcp_memory_service/server.py"", ""start_byte"": null, ""start_line"": 2318}"	P00439
agent-python-3338367670:ruff-python-swallowed:40	2	agent-python-3338367670:ruff-python-swallowed	natural:agent-python-3338367670:ruff-python-swallowed:40	BLE001:src/mcp_memory_service/server.py:2329:28:Do not catch blind exception: `Exception`	"{""end_byte"": null, ""end_line"": 2329, ""owner"": null, ""path"": ""src/mcp_memory_service/server.py"", ""start_byte"": null, ""start_line"": 2329}"	P02106
agent-python-3338367670:ruff-python-swallowed:41	2	agent-python-3338367670:ruff-python-swallowed	natural:agent-python-3338367670:ruff-python-swallowed:41	BLE001:src/mcp_memory_service/server.py:2346:16:Do not catch blind exception: `Exception`	"{""end_byte"": null, ""end_line"": 2346, ""owner"": null, ""path"": ""src/mcp_memory_service/server.py"", ""start_byte"": null, ""start_line"": 2346}"	P01213
agent-python-3338367670:ruff-python-swallowed:42	2	agent-python-3338367670:ruff-python-swallowed	natural:agent-python-3338367670:ruff-python-swallowed:42	BLE001:src/mcp_memory_service/server.py:2390:16:Do not catch blind exception: `Exception`	"{""end_byte"": null, ""end_line"": 2390, ""owner"": null, ""path"": ""src/mcp_memory_service/server.py"", ""start_byte"": null, ""start_line"": 2390}"	P01762
agent-python-3338367670:ruff-python-swallowed:43	2	agent-python-3338367670:ruff-python-swallowed	natural:agent-python-3338367670:ruff-python-swallowed:43	BLE001:src/mcp_memory_service/server.py:2489:16:Do not catch blind exception: `Exception`	"{""end_byte"": null, ""end_line"": 2489, ""owner"": null, ""path"": ""src/mcp_memory_service/server.py"", ""start_byte"": null, ""start_line"": 2489}"	P00884
agent-python-3338367670:ruff-python-swallowed:44	2	agent-python-3338367670:ruff-python-swallowed	natural:agent-python-3338367670:ruff-python-swallowed:44	BLE001:src/mcp_memory_service/server.py:2525:16:Do not catch blind exception: `Exception`	"{""end_byte"": null, ""end_line"": 2525, ""owner"": null, ""path"": ""src/mcp_memory_service/server.py"", ""start_byte"": null, ""start_line"": 2525}"	P01503
agent-python-3338367670:ruff-python-swallowed:45	2	agent-python-3338367670:ruff-python-swallowed	natural:agent-python-3338367670:ruff-python-swallowed:45	BLE001:src/mcp_memory_service/server.py:2583:16:Do not catch blind exception: `Exception`	"{""end_byte"": null, ""end_line"": 2583, ""owner"": null, ""path"": ""src/mcp_memory_service/server.py"", ""start_byte"": null, ""start_line"": 2583}"	P01878
agent-python-3338367670:ruff-python-swallowed:46	2	agent-python-3338367670:ruff-python-swallowed	natural:agent-python-3338367670:ruff-python-swallowed:46	BLE001:src/mcp_memory_service/server.py:2626:16:Do not catch blind exception: `Exception`	"{""end_byte"": null, ""end_line"": 2626, ""owner"": null, ""path"": ""src/mcp_memory_service/server.py"", ""start_byte"": null, ""start_line"": 2626}"	P01731
agent-python-3338367670:ruff-python-swallowed:47	2	agent-python-3338367670:ruff-python-swallowed	natural:agent-python-3338367670:ruff-python-swallowed:47	BLE001:src/mcp_memory_service/server.py:2665:16:Do not catch blind exception: `Exception`	"{""end_byte"": null, ""end_line"": 2665, ""owner"": null, ""path"": ""src/mcp_memory_service/server.py"", ""start_byte"": null, ""start_line"": 2665}"	P00753
agent-python-3338367670:ruff-python-swallowed:48	2	agent-python-3338367670:ruff-python-swallowed	natural:agent-python-3338367670:ruff-python-swallowed:48	BLE001:src/mcp_memory_service/server.py:2677:16:Do not catch blind exception: `Exception`	"{""end_byte"": null, ""end_line"": 2677, ""owner"": null, ""path"": ""src/mcp_memory_service/server.py"", ""start_byte"": null, ""start_line"": 2677}"	P01481
agent-python-3338367670:ruff-python-swallowed:49	2	agent-python-3338367670:ruff-python-swallowed	natural:agent-python-3338367670:ruff-python-swallowed:49	BLE001:src/mcp_memory_service/server.py:2697:16:Do not catch blind exception: `Exception`	"{""end_byte"": null, ""end_line"": 2697, ""owner"": null, ""path"": ""src/mcp_memory_service/server.py"", ""start_byte"": null, ""start_line"": 2697}"	P00721
agent-python-3338367670:ruff-python-swallowed:50	2	agent-python-3338367670:ruff-python-swallowed	natural:agent-python-3338367670:ruff-python-swallowed:50	BLE001:src/mcp_memory_service/server.py:2739:16:Do not catch blind exception: `Exception`	"{""end_byte"": null, ""end_line"": 2739, ""owner"": null, ""path"": ""src/mcp_memory_service/server.py"", ""start_byte"": null, ""start_line"": 2739}"	P00671
agent-python-3338367670:ruff-python-swallowed:51	2	agent-python-3338367670:ruff-python-swallowed	natural:agent-python-3338367670:ruff-python-swallowed:51	BLE001:src/mcp_memory_service/server.py:2755:16:Do not catch blind exception: `Exception`	"{""end_byte"": null, ""end_line"": 2755, ""owner"": null, ""path"": ""src/mcp_memory_service/server.py"", ""start_byte"": null, ""start_line"": 2755}"	P00627
agent-python-3338367670:ruff-python-swallowed:52	2	agent-python-3338367670:ruff-python-swallowed	natural:agent-python-3338367670:ruff-python-swallowed:52	BLE001:src/mcp_memory_service/server.py:2765:16:Do not catch blind exception: `Exception`	"{""end_byte"": null, ""end_line"": 2765, ""owner"": null, ""path"": ""src/mcp_memory_service/server.py"", ""start_byte"": null, ""start_line"": 2765}"	P01281
agent-python-3338367670:ruff-python-swallowed:53	2	agent-python-3338367670:ruff-python-swallowed	natural:agent-python-3338367670:ruff-python-swallowed:53	BLE001:src/mcp_memory_service/server.py:2805:16:Do not catch blind exception: `Exception`	"{""end_byte"": null, ""end_line"": 2805, ""owner"": null, ""path"": ""src/mcp_memory_service/server.py"", ""start_byte"": null, ""start_line"": 2805}"	P01757
agent-python-3338367670:ruff-python-swallowed:54	2	agent-python-3338367670:ruff-python-swallowed	natural:agent-python-3338367670:ruff-python-swallowed:54	BLE001:src/mcp_memory_service/server.py:2845:16:Do not catch blind exception: `Exception`	"{""end_byte"": null, ""end_line"": 2845, ""owner"": null, ""path"": ""src/mcp_memory_service/server.py"", ""start_byte"": null, ""start_line"": 2845}"	P01473
agent-python-3338367670:ruff-python-swallowed:55	2	agent-python-3338367670:ruff-python-swallowed	natural:agent-python-3338367670:ruff-python-swallowed:55	BLE001:src/mcp_memory_service/server.py:2895:16:Do not catch blind exception: `Exception`	"{""end_byte"": null, ""end_line"": 2895, ""owner"": null, ""path"": ""src/mcp_memory_service/server.py"", ""start_byte"": null, ""start_line"": 2895}"	P00473
agent-python-3338367670:ruff-python-swallowed:56	2	agent-python-3338367670:ruff-python-swallowed	natural:agent-python-3338367670:ruff-python-swallowed:56	BLE001:src/mcp_memory_service/server.py:2952:16:Do not catch blind exception: `Exception`	"{""end_byte"": null, ""end_line"": 2952, ""owner"": null, ""path"": ""src/mcp_memory_service/server.py"", ""start_byte"": null, ""start_line"": 2952}"	P01534
agent-python-3338367670:ruff-python-swallowed:57	2	agent-python-3338367670:ruff-python-swallowed	natural:agent-python-3338367670:ruff-python-swallowed:57	BLE001:src/mcp_memory_service/server.py:3007:16:Do not catch blind exception: `Exception`	"{""end_byte"": null, ""end_line"": 3007, ""owner"": null, ""path"": ""src/mcp_memory_service/server.py"", ""start_byte"": null, ""start_line"": 3007}"	P01716
agent-python-3338367670:ruff-python-swallowed:58	2	agent-python-3338367670:ruff-python-swallowed	natural:agent-python-3338367670:ruff-python-swallowed:58	BLE001:src/mcp_memory_service/server.py:3036:16:Do not catch blind exception: `Exception`	"{""end_byte"": null, ""end_line"": 3036, ""owner"": null, ""path"": ""src/mcp_memory_service/server.py"", ""start_byte"": null, ""start_line"": 3036}"	P01146
agent-python-3338367670:ruff-python-swallowed:59	2	agent-python-3338367670:ruff-python-swallowed	natural:agent-python-3338367670:ruff-python-swallowed:59	BLE001:src/mcp_memory_service/server.py:3058:16:Do not catch blind exception: `Exception`	"{""end_byte"": null, ""end_line"": 3058, ""owner"": null, ""path"": ""src/mcp_memory_service/server.py"", ""start_byte"": null, ""start_line"": 3058}"	P01656
agent-python-3338367670:ruff-python-swallowed:60	2	agent-python-3338367670:ruff-python-swallowed	natural:agent-python-3338367670:ruff-python-swallowed:60	BLE001:src/mcp_memory_service/server.py:3080:16:Do not catch blind exception: `Exception`	"{""end_byte"": null, ""end_line"": 3080, ""owner"": null, ""path"": ""src/mcp_memory_service/server.py"", ""start_byte"": null, ""start_line"": 3080}"	P00848
agent-python-3338367670:ruff-python-swallowed:61	2	agent-python-3338367670:ruff-python-swallowed	natural:agent-python-3338367670:ruff-python-swallowed:61	BLE001:src/mcp_memory_service/server.py:3100:16:Do not catch blind exception: `Exception`	"{""end_byte"": null, ""end_line"": 3100, ""owner"": null, ""path"": ""src/mcp_memory_service/server.py"", ""start_byte"": null, ""start_line"": 3100}"	P00471
agent-python-3338367670:ruff-python-swallowed:62	2	agent-python-3338367670:ruff-python-swallowed	natural:agent-python-3338367670:ruff-python-swallowed:62	BLE001:src/mcp_memory_service/server.py:3114:16:Do not catch blind exception: `Exception`	"{""end_byte"": null, ""end_line"": 3114, ""owner"": null, ""path"": ""src/mcp_memory_service/server.py"", ""start_byte"": null, ""start_line"": 3114}"	P00054
agent-python-3338367670:ruff-python-swallowed:63	2	agent-python-3338367670:ruff-python-swallowed	natural:agent-python-3338367670:ruff-python-swallowed:63	BLE001:src/mcp_memory_service/server.py:3159:16:Do not catch blind exception: `Exception`	"{""end_byte"": null, ""end_line"": 3159, ""owner"": null, ""path"": ""src/mcp_memory_service/server.py"", ""start_byte"": null, ""start_line"": 3159}"	P01321
agent-python-3338367670:ruff-python-swallowed:64	2	agent-python-3338367670:ruff-python-swallowed	natural:agent-python-3338367670:ruff-python-swallowed:64	BLE001:src/mcp_memory_service/server.py:3194:16:Do not catch blind exception: `Exception`	"{""end_byte"": null, ""end_line"": 3194, ""owner"": null, ""path"": ""src/mcp_memory_service/server.py"", ""start_byte"": null, ""start_line"": 3194}"	P02051
agent-python-3338367670:ruff-python-swallowed:65	2	agent-python-3338367670:ruff-python-swallowed	natural:agent-python-3338367670:ruff-python-swallowed:65	BLE001:src/mcp_memory_service/server.py:3298:16:Do not catch blind exception: `Exception`	"{""end_byte"": null, ""end_line"": 3298, ""owner"": null, ""path"": ""src/mcp_memory_service/server.py"", ""start_byte"": null, ""start_line"": 3298}"	P00557
agent-python-3338367670:ruff-python-swallowed:66	2	agent-python-3338367670:ruff-python-swallowed	natural:agent-python-3338367670:ruff-python-swallowed:66	BLE001:src/mcp_memory_service/server.py:3309:20:Do not catch blind exception: `Exception`	"{""end_byte"": null, ""end_line"": 3309, ""owner"": null, ""path"": ""src/mcp_memory_service/server.py"", ""start_byte"": null, ""start_line"": 3309}"	P02122
agent-python-3338367670:ruff-python-swallowed:67	2	agent-python-3338367670:ruff-python-swallowed	natural:agent-python-3338367670:ruff-python-swallowed:67	BLE001:src/mcp_memory_service/server.py:3387:28:Do not catch blind exception: `Exception`	"{""end_byte"": null, ""end_line"": 3387, ""owner"": null, ""path"": ""src/mcp_memory_service/server.py"", ""start_byte"": null, ""start_line"": 3387}"	P00566
agent-python-3338367670:ruff-python-swallowed:68	2	agent-python-3338367670:ruff-python-swallowed	natural:agent-python-3338367670:ruff-python-swallowed:68	BLE001:src/mcp_memory_service/server.py:3445:28:Do not catch blind exception: `Exception`	"{""end_byte"": null, ""end_line"": 3445, ""owner"": null, ""path"": ""src/mcp_memory_service/server.py"", ""start_byte"": null, ""start_line"": 3445}"	P01786
agent-python-3338367670:ruff-python-swallowed:69	2	agent-python-3338367670:ruff-python-swallowed	natural:agent-python-3338367670:ruff-python-swallowed:69	BLE001:src/mcp_memory_service/server.py:3467:24:Do not catch blind exception: `Exception`	"{""end_byte"": null, ""end_line"": 3467, ""owner"": null, ""path"": ""src/mcp_memory_service/server.py"", ""start_byte"": null, ""start_line"": 3467}"	P01813
agent-python-3338367670:ruff-python-swallowed:70	2	agent-python-3338367670:ruff-python-swallowed	natural:agent-python-3338367670:ruff-python-swallowed:70	S110:src/mcp_memory_service/server.py:3484:17:`try`-`except`-`pass` detected, consider logging the exception	"{""end_byte"": null, ""end_line"": 3484, ""owner"": null, ""path"": ""src/mcp_memory_service/server.py"", ""start_byte"": null, ""start_line"": 3484}"	P00805
agent-python-3338367670:ruff-python-swallowed:71	2	agent-python-3338367670:ruff-python-swallowed	natural:agent-python-3338367670:ruff-python-swallowed:71	BLE001:src/mcp_memory_service/server.py:3484:24:Do not catch blind exception: `Exception`	"{""end_byte"": null, ""end_line"": 3484, ""owner"": null, ""path"": ""src/mcp_memory_service/server.py"", ""start_byte"": null, ""start_line"": 3484}"	P01601
agent-python-3338367670:ruff-python-swallowed:72	2	agent-python-3338367670:ruff-python-swallowed	natural:agent-python-3338367670:ruff-python-swallowed:72	BLE001:src/mcp_memory_service/server.py:3506:16:Do not catch blind exception: `Exception`	"{""end_byte"": null, ""end_line"": 3506, ""owner"": null, ""path"": ""src/mcp_memory_service/server.py"", ""start_byte"": null, ""start_line"": 3506}"	P01233
agent-python-3338367670:ruff-python-swallowed:73	2	agent-python-3338367670:ruff-python-swallowed	natural:agent-python-3338367670:ruff-python-swallowed:73	BLE001:src/mcp_memory_service/server.py:3572:16:Do not catch blind exception: `Exception`	"{""end_byte"": null, ""end_line"": 3572, ""owner"": null, ""path"": ""src/mcp_memory_service/server.py"", ""start_byte"": null, ""start_line"": 3572}"	P00648
agent-python-3338367670:ruff-python-swallowed:74	2	agent-python-3338367670:ruff-python-swallowed	natural:agent-python-3338367670:ruff-python-swallowed:74	BLE001:src/mcp_memory_service/server.py:3597:16:Do not catch blind exception: `Exception`	"{""end_byte"": null, ""end_line"": 3597, ""owner"": null, ""path"": ""src/mcp_memory_service/server.py"", ""start_byte"": null, ""start_line"": 3597}"	P01893
agent-python-3338367670:ruff-python-swallowed:75	2	agent-python-3338367670:ruff-python-swallowed	natural:agent-python-3338367670:ruff-python-swallowed:75	BLE001:src/mcp_memory_service/server.py:3620:16:Do not catch blind exception: `Exception`	"{""end_byte"": null, ""end_line"": 3620, ""owner"": null, ""path"": ""src/mcp_memory_service/server.py"", ""start_byte"": null, ""start_line"": 3620}"	P01016
agent-python-3338367670:ruff-python-swallowed:76	2	agent-python-3338367670:ruff-python-swallowed	natural:agent-python-3338367670:ruff-python-swallowed:76	BLE001:src/mcp_memory_service/server.py:3689:24:Do not catch blind exception: `Exception`	"{""end_byte"": null, ""end_line"": 3689, ""owner"": null, ""path"": ""src/mcp_memory_service/server.py"", ""start_byte"": null, ""start_line"": 3689}"	P01349
agent-python-3338367670:ruff-python-swallowed:77	2	agent-python-3338367670:ruff-python-swallowed	natural:agent-python-3338367670:ruff-python-swallowed:77	BLE001:src/mcp_memory_service/server.py:3715:16:Do not catch blind exception: `Exception`	"{""end_byte"": null, ""end_line"": 3715, ""owner"": null, ""path"": ""src/mcp_memory_service/server.py"", ""start_byte"": null, ""start_line"": 3715}"	P01788
agent-python-3338367670:ruff-python-swallowed:78	2	agent-python-3338367670:ruff-python-swallowed	natural:agent-python-3338367670:ruff-python-swallowed:78	BLE001:src/mcp_memory_service/server.py:3834:32:Do not catch blind exception: `Exception`	"{""end_byte"": null, ""end_line"": 3834, ""owner"": null, ""path"": ""src/mcp_memory_service/server.py"", ""start_byte"": null, ""start_line"": 3834}"	P02085
agent-python-3338367670:ruff-python-swallowed:79	2	agent-python-3338367670:ruff-python-swallowed	natural:agent-python-3338367670:ruff-python-swallowed:79	BLE001:src/mcp_memory_service/server.py:3842:24:Do not catch blind exception: `Exception`	"{""end_byte"": null, ""end_line"": 3842, ""owner"": null, ""path"": ""src/mcp_memory_service/server.py"", ""start_byte"": null, ""start_line"": 3842}"	P00445
agent-python-3338367670:ruff-python-swallowed:80	2	agent-python-3338367670:ruff-python-swallowed	natural:agent-python-3338367670:ruff-python-swallowed:80	BLE001:src/mcp_memory_service/server.py:3874:16:Do not catch blind exception: `Exception`	"{""end_byte"": null, ""end_line"": 3874, ""owner"": null, ""path"": ""src/mcp_memory_service/server.py"", ""start_byte"": null, ""start_line"": 3874}"	P01387
agent-python-3338367670:ruff-python-swallowed:81	2	agent-python-3338367670:ruff-python-swallowed	natural:agent-python-3338367670:ruff-python-swallowed:81	BLE001:src/mcp_memory_service/server.py:3967:20:Do not catch blind exception: `Exception`	"{""end_byte"": null, ""end_line"": 3967, ""owner"": null, ""path"": ""src/mcp_memory_service/server.py"", ""start_byte"": null, ""start_line"": 3967}"	P01648
agent-python-3338367670:ruff-python-swallowed:82	2	agent-python-3338367670:ruff-python-swallowed	natural:agent-python-3338367670:ruff-python-swallowed:82	BLE001:src/mcp_memory_service/server.py:4075:12:Do not catch blind exception: `Exception`	"{""end_byte"": null, ""end_line"": 4075, ""owner"": null, ""path"": ""src/mcp_memory_service/server.py"", ""start_byte"": null, ""start_line"": 4075}"	P01990
agent-python-3338367670:ruff-python-swallowed:83	2	agent-python-3338367670:ruff-python-swallowed	natural:agent-python-3338367670:ruff-python-swallowed:83	BLE001:src/mcp_memory_service/storage/cloudflare.py:169:16:Do not catch blind exception: `Exception`	"{""end_byte"": null, ""end_line"": 169, ""owner"": null, ""path"": ""src/mcp_memory_service/storage/cloudflare.py"", ""start_byte"": null, ""start_line"": 169}"	P00681
agent-python-3338367670:ruff-python-swallowed:84	2	agent-python-3338367670:ruff-python-swallowed	natural:agent-python-3338367670:ruff-python-swallowed:84	BLE001:src/mcp_memory_service/storage/cloudflare.py:311:16:Do not catch blind exception: `Exception`	"{""end_byte"": null, ""end_line"": 311, ""owner"": null, ""path"": ""src/mcp_memory_service/storage/cloudflare.py"", ""start_byte"": null, ""start_line"": 311}"	P01713
agent-python-3338367670:ruff-python-swallowed:85	2	agent-python-3338367670:ruff-python-swallowed	natural:agent-python-3338367670:ruff-python-swallowed:85	BLE001:src/mcp_memory_service/storage/cloudflare.py:357:16:Do not catch blind exception: `Exception`	"{""end_byte"": null, ""end_line"": 357, ""owner"": null, ""path"": ""src/mcp_memory_service/storage/cloudflare.py"", ""start_byte"": null, ""start_line"": 357}"	P00486
agent-python-3338367670:ruff-python-swallowed:86	2	agent-python-3338367670:ruff-python-swallowed	natural:agent-python-3338367670:ruff-python-swallowed:86	BLE001:src/mcp_memory_service/storage/cloudflare.py:468:16:Do not catch blind exception: `Exception`	"{""end_byte"": null, ""end_line"": 468, ""owner"": null, ""path"": ""src/mcp_memory_service/storage/cloudflare.py"", ""start_byte"": null, ""start_line"": 468}"	P00794
agent-python-3338367670:ruff-python-swallowed:87	2	agent-python-3338367670:ruff-python-swallowed	natural:agent-python-3338367670:ruff-python-swallowed:87	BLE001:src/mcp_memory_service/storage/cloudflare.py:518:16:Do not catch blind exception: `Exception`	"{""end_byte"": null, ""end_line"": 518, ""owner"": null, ""path"": ""src/mcp_memory_service/storage/cloudflare.py"", ""start_byte"": null, ""start_line"": 518}"	P01840
agent-python-3338367670:ruff-python-swallowed:88	2	agent-python-3338367670:ruff-python-swallowed	natural:agent-python-3338367670:ruff-python-swallowed:88	BLE001:src/mcp_memory_service/storage/cloudflare.py:576:16:Do not catch blind exception: `Exception`	"{""end_byte"": null, ""end_line"": 576, ""owner"": null, ""path"": ""src/mcp_memory_service/storage/cloudflare.py"", ""start_byte"": null, ""start_line"": 576}"	P00455
agent-python-3338367670:ruff-python-swallowed:89	2	agent-python-3338367670:ruff-python-swallowed	natural:agent-python-3338367670:ruff-python-swallowed:89	BLE001:src/mcp_memory_service/storage/cloudflare.py:605:16:Do not catch blind exception: `Exception`	"{""end_byte"": null, ""end_line"": 605, ""owner"": null, ""path"": ""src/mcp_memory_service/storage/cloudflare.py"", ""start_byte"": null, ""start_line"": 605}"	P02126
agent-python-3338367670:ruff-python-swallowed:90	2	agent-python-3338367670:ruff-python-swallowed	natural:agent-python-3338367670:ruff-python-swallowed:90	BLE001:src/mcp_memory_service/storage/cloudflare.py:646:16:Do not catch blind exception: `Exception`	"{""end_byte"": null, ""end_line"": 646, ""owner"": null, ""path"": ""src/mcp_memory_service/storage/cloudflare.py"", ""start_byte"": null, ""start_line"": 646}"	P00280
agent-python-3338367670:ruff-python-swallowed:91	2	agent-python-3338367670:ruff-python-swallowed	natural:agent-python-3338367670:ruff-python-swallowed:91	BLE001:src/mcp_memory_service/storage/cloudflare.py:667:16:Do not catch blind exception: `Exception`	"{""end_byte"": null, ""end_line"": 667, ""owner"": null, ""path"": ""src/mcp_memory_service/storage/cloudflare.py"", ""start_byte"": null, ""start_line"": 667}"	P00688
agent-python-3338367670:ruff-python-swallowed:92	2	agent-python-3338367670:ruff-python-swallowed	natural:agent-python-3338367670:ruff-python-swallowed:92	BLE001:src/mcp_memory_service/storage/cloudflare.py:685:16:Do not catch blind exception: `Exception`	"{""end_byte"": null, ""end_line"": 685, ""owner"": null, ""path"": ""src/mcp_memory_service/storage/cloudflare.py"", ""start_byte"": null, ""start_line"": 685}"	P02086
agent-python-3338367670:ruff-python-swallowed:93	2	agent-python-3338367670:ruff-python-swallowed	natural:agent-python-3338367670:ruff-python-swallowed:93	BLE001:src/mcp_memory_service/storage/cloudflare.py:727:16:Do not catch blind exception: `Exception`	"{""end_byte"": null, ""end_line"": 727, ""owner"": null, ""path"": ""src/mcp_memory_service/storage/cloudflare.py"", ""start_byte"": null, ""start_line"": 727}"	P01217
agent-python-3338367670:ruff-python-swallowed:94	2	agent-python-3338367670:ruff-python-swallowed	natural:agent-python-3338367670:ruff-python-swallowed:94	BLE001:src/mcp_memory_service/storage/cloudflare.py:779:16:Do not catch blind exception: `Exception`	"{""end_byte"": null, ""end_line"": 779, ""owner"": null, ""path"": ""src/mcp_memory_service/storage/cloudflare.py"", ""start_byte"": null, ""start_line"": 779}"	P00599
agent-python-3338367670:ruff-python-swallowed:95	2	agent-python-3338367670:ruff-python-swallowed	natural:agent-python-3338367670:ruff-python-swallowed:95	BLE001:src/mcp_memory_service/storage/cloudflare.py:843:16:Do not catch blind exception: `Exception`	"{""end_byte"": null, ""end_line"": 843, ""owner"": null, ""path"": ""src/mcp_memory_service/storage/cloudflare.py"", ""start_byte"": null, ""start_line"": 843}"	P01356
agent-python-3338367670:ruff-python-swallowed:96	2	agent-python-3338367670:ruff-python-swallowed	natural:agent-python-3338367670:ruff-python-swallowed:96	BLE001:src/mcp_memory_service/storage/cloudflare.py:865:16:Do not catch blind exception: `Exception`	"{""end_byte"": null, ""end_line"": 865, ""owner"": null, ""path"": ""src/mcp_memory_service/storage/cloudflare.py"", ""start_byte"": null, ""start_line"": 865}"	P01591
agent-python-3338367670:ruff-python-swallowed:97	2	agent-python-3338367670:ruff-python-swallowed	natural:agent-python-3338367670:ruff-python-swallowed:97	BLE001:src/mcp_memory_service/storage/cloudflare.py:887:16:Do not catch blind exception: `Exception`	"{""end_byte"": null, ""end_line"": 887, ""owner"": null, ""path"": ""src/mcp_memory_service/storage/cloudflare.py"", ""start_byte"": null, ""start_line"": 887}"	P00169
human-python-3338367670-2869308081:shipped-stubs:1	2	human-python-3338367670-2869308081:shipped-stubs	natural:human-python-3338367670-2869308081:shipped-stubs:1	cf7871234ca59cfb	"{""end_byte"": null, ""end_line"": 531, ""owner"": null, ""path"": ""src/mcp_memory_service/web/static/app.js"", ""start_byte"": null, ""start_line"": 531}"	P00072
human-python-3338367670-2869308081:error-broad-handler:1	2	human-python-3338367670-2869308081:error-broad-handler	natural:human-python-3338367670-2869308081:error-broad-handler:1	broad-handler:other:src/mcp_memory_service/storage/http_client.py:138	"{""end_byte"": null, ""end_line"": 138, ""owner"": null, ""path"": ""src/mcp_memory_service/storage/http_client.py"", ""start_byte"": null, ""start_line"": 138}"	P00336
human-python-3338367670-2869308081:error-broad-handler:2	2	human-python-3338367670-2869308081:error-broad-handler	natural:human-python-3338367670-2869308081:error-broad-handler:2	broad-handler:other:src/mcp_memory_service/storage/http_client.py:186	"{""end_byte"": null, ""end_line"": 186, ""owner"": null, ""path"": ""src/mcp_memory_service/storage/http_client.py"", ""start_byte"": null, ""start_line"": 186}"	P00614
human-python-3338367670-2869308081:error-broad-handler:3	2	human-python-3338367670-2869308081:error-broad-handler	natural:human-python-3338367670-2869308081:error-broad-handler:3	broad-handler:other:src/mcp_memory_service/storage/http_client.py:227	"{""end_byte"": null, ""end_line"": 227, ""owner"": null, ""path"": ""src/mcp_memory_service/storage/http_client.py"", ""start_byte"": null, ""start_line"": 227}"	P01198
human-python-3338367670-2869308081:error-broad-handler:4	2	human-python-3338367670-2869308081:error-broad-handler	natural:human-python-3338367670-2869308081:error-broad-handler:4	broad-handler:other:src/mcp_memory_service/storage/http_client.py:251	"{""end_byte"": null, ""end_line"": 251, ""owner"": null, ""path"": ""src/mcp_memory_service/storage/http_client.py"", ""start_byte"": null, ""start_line"": 251}"	P01936
human-python-3338367670-2869308081:error-broad-handler:5	2	human-python-3338367670-2869308081:error-broad-handler	natural:human-python-3338367670-2869308081:error-broad-handler:5	broad-handler:other:src/mcp_memory_service/storage/http_client.py:316	"{""end_byte"": null, ""end_line"": 316, ""owner"": null, ""path"": ""src/mcp_memory_service/storage/http_client.py"", ""start_byte"": null, ""start_line"": 316}"	P00860
human-python-3338367670-2869308081:error-broad-handler:6	2	human-python-3338367670-2869308081:error-broad-handler	natural:human-python-3338367670-2869308081:error-broad-handler:6	broad-handler:other:src/mcp_memory_service/web/app.py:129	"{""end_byte"": null, ""end_line"": 129, ""owner"": null, ""path"": ""src/mcp_memory_service/web/app.py"", ""start_byte"": null, ""start_line"": 129}"	P00014
human-python-3338367670-2869308081:error-broad-handler:7	2	human-python-3338367670-2869308081:error-broad-handler	natural:human-python-3338367670-2869308081:error-broad-handler:7	broad-handler:other:src/mcp_memory_service/web/app.py:785	"{""end_byte"": null, ""end_line"": 785, ""owner"": null, ""path"": ""src/mcp_memory_service/web/app.py"", ""start_byte"": null, ""start_line"": 785}"	P01642
human-python-3338367670-2869308081:ruff-python-injection:1	2	human-python-3338367670-2869308081:ruff-python-injection	natural:human-python-3338367670-2869308081:ruff-python-injection:1	S608:src/mcp_memory_service/storage/cloudflare.py:553:19:Possible SQL injection vector through string-based query construction	"{""end_byte"": null, ""end_line"": 553, ""owner"": null, ""path"": ""src/mcp_memory_service/storage/cloudflare.py"", ""start_byte"": null, ""start_line"": 553}"	P00230
human-python-3338367670-2869308081:ruff-python-injection:2	2	human-python-3338367670-2869308081:ruff-python-injection	natural:human-python-3338367670-2869308081:ruff-python-injection:2	S608:src/mcp_memory_service/storage/cloudflare.py:643:34:Possible SQL injection vector through string-based query construction	"{""end_byte"": null, ""end_line"": 643, ""owner"": null, ""path"": ""src/mcp_memory_service/storage/cloudflare.py"", ""start_byte"": null, ""start_line"": 643}"	P01918
human-python-3338367670-2869308081:ruff-python-injection:3	2	human-python-3338367670-2869308081:ruff-python-injection	natural:human-python-3338367670-2869308081:ruff-python-injection:3	S608:src/mcp_memory_service/storage/cloudflare.py:764:19:Possible SQL injection vector through string-based query construction	"{""end_byte"": null, ""end_line"": 764, ""owner"": null, ""path"": ""src/mcp_memory_service/storage/cloudflare.py"", ""start_byte"": null, ""start_line"": 764}"	P01737
human-python-3338367670-2869308081:ruff-python-injection:4	2	human-python-3338367670-2869308081:ruff-python-injection	natural:human-python-3338367670-2869308081:ruff-python-injection:4	S608:src/mcp_memory_service/storage/cloudflare.py:1003:23:Possible SQL injection vector through string-based query construction	"{""end_byte"": null, ""end_line"": 1003, ""owner"": null, ""path"": ""src/mcp_memory_service/storage/cloudflare.py"", ""start_byte"": null, ""start_line"": 1003}"	P00135
human-python-3338367670-2869308081:ruff-python-injection:5	2	human-python-3338367670-2869308081:ruff-python-injection	natural:human-python-3338367670-2869308081:ruff-python-injection:5	S608:src/mcp_memory_service/storage/sqlite_vec.py:704:40:Possible SQL injection vector through string-based query construction	"{""end_byte"": null, ""end_line"": 704, ""owner"": null, ""path"": ""src/mcp_memory_service/storage/sqlite_vec.py"", ""start_byte"": null, ""start_line"": 704}"	P00789
human-python-3338367670-2869308081:ruff-python-injection:6	2	human-python-3338367670-2869308081:ruff-python-injection	natural:human-python-3338367670-2869308081:ruff-python-injection:6	S608:src/mcp_memory_service/storage/sqlite_vec.py:767:40:Possible SQL injection vector through string-based query construction	"{""end_byte"": null, ""end_line"": 767, ""owner"": null, ""path"": ""src/mcp_memory_service/storage/sqlite_vec.py"", ""start_byte"": null, ""start_line"": 767}"	P00318
human-python-3338367670-2869308081:ruff-python-injection:7	2	human-python-3338367670-2869308081:ruff-python-injection	natural:human-python-3338367670-2869308081:ruff-python-injection:7	S608:src/mcp_memory_service/storage/sqlite_vec.py:841:21:Possible SQL injection vector through string-based query construction	"{""end_byte"": null, ""end_line"": 841, ""owner"": null, ""path"": ""src/mcp_memory_service/storage/sqlite_vec.py"", ""start_byte"": null, ""start_line"": 841}"	P02130
human-python-3338367670-2869308081:ruff-python-swallowed:1	2	human-python-3338367670-2869308081:ruff-python-swallowed	natural:human-python-3338367670-2869308081:ruff-python-swallowed:1	BLE001:src/mcp_memory_service/cli/ingestion.py:125:28:Do not catch blind exception: `Exception`	"{""end_byte"": null, ""end_line"": 125, ""owner"": null, ""path"": ""src/mcp_memory_service/cli/ingestion.py"", ""start_byte"": null, ""start_line"": 125}"	P01240
human-python-3338367670-2869308081:ruff-python-swallowed:2	2	human-python-3338367670-2869308081:ruff-python-swallowed	natural:human-python-3338367670-2869308081:ruff-python-swallowed:2	BLE001:src/mcp_memory_service/cli/ingestion.py:150:16:Do not catch blind exception: `Exception`	"{""end_byte"": null, ""end_line"": 150, ""owner"": null, ""path"": ""src/mcp_memory_service/cli/ingestion.py"", ""start_byte"": null, ""start_line"": 150}"	P01173
human-python-3338367670-2869308081:ruff-python-swallowed:3	2	human-python-3338367670-2869308081:ruff-python-swallowed	natural:human-python-3338367670-2869308081:ruff-python-swallowed:3	BLE001:src/mcp_memory_service/cli/ingestion.py:300:36:Do not catch blind exception: `Exception`	"{""end_byte"": null, ""end_line"": 300, ""owner"": null, ""path"": ""src/mcp_memory_service/cli/ingestion.py"", ""start_byte"": null, ""start_line"": 300}"	P01320
human-python-3338367670-2869308081:ruff-python-swallowed:4	2	human-python-3338367670-2869308081:ruff-python-swallowed	natural:human-python-3338367670-2869308081:ruff-python-swallowed:4	BLE001:src/mcp_memory_service/cli/ingestion.py:312:28:Do not catch blind exception: `Exception`	"{""end_byte"": null, ""end_line"": 312, ""owner"": null, ""path"": ""src/mcp_memory_service/cli/ingestion.py"", ""start_byte"": null, ""start_line"": 312}"	P00996
human-python-3338367670-2869308081:ruff-python-swallowed:5	2	human-python-3338367670-2869308081:ruff-python-swallowed	natural:human-python-3338367670-2869308081:ruff-python-swallowed:5	BLE001:src/mcp_memory_service/cli/ingestion.py:343:16:Do not catch blind exception: `Exception`	"{""end_byte"": null, ""end_line"": 343, ""owner"": null, ""path"": ""src/mcp_memory_service/cli/ingestion.py"", ""start_byte"": null, ""start_line"": 343}"	P02010
human-python-3338367670-2869308081:ruff-python-swallowed:6	2	human-python-3338367670-2869308081:ruff-python-swallowed	natural:human-python-3338367670-2869308081:ruff-python-swallowed:6	BLE001:src/mcp_memory_service/mcp_server.py:238:12:Do not catch blind exception: `Exception`	"{""end_byte"": null, ""end_line"": 238, ""owner"": null, ""path"": ""src/mcp_memory_service/mcp_server.py"", ""start_byte"": null, ""start_line"": 238}"	P01999
human-python-3338367670-2869308081:ruff-python-swallowed:7	2	human-python-3338367670-2869308081:ruff-python-swallowed	natural:human-python-3338367670-2869308081:ruff-python-swallowed:7	BLE001:src/mcp_memory_service/mcp_server.py:291:12:Do not catch blind exception: `Exception`	"{""end_byte"": null, ""end_line"": 291, ""owner"": null, ""path"": ""src/mcp_memory_service/mcp_server.py"", ""start_byte"": null, ""start_line"": 291}"	P01065
human-python-3338367670-2869308081:ruff-python-swallowed:8	2	human-python-3338367670-2869308081:ruff-python-swallowed	natural:human-python-3338367670-2869308081:ruff-python-swallowed:8	BLE001:src/mcp_memory_service/mcp_server.py:346:12:Do not catch blind exception: `Exception`	"{""end_byte"": null, ""end_line"": 346, ""owner"": null, ""path"": ""src/mcp_memory_service/mcp_server.py"", ""start_byte"": null, ""start_line"": 346}"	P00770
human-python-3338367670-2869308081:ruff-python-swallowed:9	2	human-python-3338367670-2869308081:ruff-python-swallowed	natural:human-python-3338367670-2869308081:ruff-python-swallowed:9	BLE001:src/mcp_memory_service/mcp_server.py:380:12:Do not catch blind exception: `Exception`	"{""end_byte"": null, ""end_line"": 380, ""owner"": null, ""path"": ""src/mcp_memory_service/mcp_server.py"", ""start_byte"": null, ""start_line"": 380}"	P01863
human-python-3338367670-2869308081:ruff-python-swallowed:10	2	human-python-3338367670-2869308081:ruff-python-swallowed	natural:human-python-3338367670-2869308081:ruff-python-swallowed:10	BLE001:src/mcp_memory_service/mcp_server.py:414:12:Do not catch blind exception: `Exception`	"{""end_byte"": null, ""end_line"": 414, ""owner"": null, ""path"": ""src/mcp_memory_service/mcp_server.py"", ""start_byte"": null, ""start_line"": 414}"	P01822
human-python-3338367670-2869308081:ruff-python-swallowed:11	2	human-python-3338367670-2869308081:ruff-python-swallowed	natural:human-python-3338367670-2869308081:ruff-python-swallowed:11	BLE001:src/mcp_memory_service/mcp_server.py:477:12:Do not catch blind exception: `Exception`	"{""end_byte"": null, ""end_line"": 477, ""owner"": null, ""path"": ""src/mcp_memory_service/mcp_server.py"", ""start_byte"": null, ""start_line"": 477}"	P00576
human-python-3338367670-2869308081:ruff-python-swallowed:12	2	human-python-3338367670-2869308081:ruff-python-swallowed	natural:human-python-3338367670-2869308081:ruff-python-swallowed:12	BLE001:src/mcp_memory_service/models/memory.py:130:20:Do not catch blind exception: `Exception`	"{""end_byte"": null, ""end_line"": 130, ""owner"": null, ""path"": ""src/mcp_memory_service/models/memory.py"", ""start_byte"": null, ""start_line"": 130}"	P00734
human-python-3338367670-2869308081:ruff-python-swallowed:13	2	human-python-3338367670-2869308081:ruff-python-swallowed	natural:human-python-3338367670-2869308081:ruff-python-swallowed:13	BLE001:src/mcp_memory_service/models/memory.py:169:20:Do not catch blind exception: `Exception`	"{""end_byte"": null, ""end_line"": 169, ""owner"": null, ""path"": ""src/mcp_memory_service/models/memory.py"", ""start_byte"": null, ""start_line"": 169}"	P02143
human-python-3338367670-2869308081:ruff-python-swallowed:14	2	human-python-3338367670-2869308081:ruff-python-swallowed	natural:human-python-3338367670-2869308081:ruff-python-swallowed:14	BLE001:src/mcp_memory_service/server.py:69:12:Do not catch blind exception: `Exception`	"{""end_byte"": null, ""end_line"": 69, ""owner"": null, ""path"": ""src/mcp_memory_service/server.py"", ""start_byte"": null, ""start_line"": 69}"	P00276
human-python-3338367670-2869308081:ruff-python-swallowed:15	2	human-python-3338367670-2869308081:ruff-python-swallowed	natural:human-python-3338367670-2869308081:ruff-python-swallowed:15	BLE001:src/mcp_memory_service/server.py:158:12:Do not catch blind exception: `Exception`	"{""end_byte"": null, ""end_line"": 158, ""owner"": null, ""path"": ""src/mcp_memory_service/server.py"", ""start_byte"": null, ""start_line"": 158}"	P00122
human-python-3338367670-2869308081:ruff-python-swallowed:16	2	human-python-3338367670-2869308081:ruff-python-swallowed	natural:human-python-3338367670-2869308081:ruff-python-swallowed:16	BLE001:src/mcp_memory_service/server.py:320:20:Do not catch blind exception: `Exception`	"{""end_byte"": null, ""end_line"": 320, ""owner"": null, ""path"": ""src/mcp_memory_service/server.py"", ""start_byte"": null, ""start_line"": 320}"	P00921
human-python-3338367670-2869308081:ruff-python-swallowed:17	2	human-python-3338367670-2869308081:ruff-python-swallowed	natural:human-python-3338367670-2869308081:ruff-python-swallowed:17	BLE001:src/mcp_memory_service/server.py:343:16:Do not catch blind exception: `Exception`	"{""end_byte"": null, ""end_line"": 343, ""owner"": null, ""path"": ""src/mcp_memory_service/server.py"", ""start_byte"": null, ""start_line"": 343}"	P01981
human-python-3338367670-2869308081:ruff-python-swallowed:18	2	human-python-3338367670-2869308081:ruff-python-swallowed	natural:human-python-3338367670-2869308081:ruff-python-swallowed:18	BLE001:src/mcp_memory_service/server.py:365:16:Do not catch blind exception: `Exception`	"{""end_byte"": null, ""end_line"": 365, ""owner"": null, ""path"": ""src/mcp_memory_service/server.py"", ""start_byte"": null, ""start_line"": 365}"	P00784
human-python-3338367670-2869308081:ruff-python-swallowed:19	2	human-python-3338367670-2869308081:ruff-python-swallowed	natural:human-python-3338367670-2869308081:ruff-python-swallowed:19	BLE001:src/mcp_memory_service/server.py:407:16:Do not catch blind exception: `Exception`	"{""end_byte"": null, ""end_line"": 407, ""owner"": null, ""path"": ""src/mcp_memory_service/server.py"", ""start_byte"": null, ""start_line"": 407}"	P01206
human-python-3338367670-2869308081:ruff-python-swallowed:20	2	human-python-3338367670-2869308081:ruff-python-swallowed	natural:human-python-3338367670-2869308081:ruff-python-swallowed:20	BLE001:src/mcp_memory_service/server.py:510:16:Do not catch blind exception: `Exception`	"{""end_byte"": null, ""end_line"": 510, ""owner"": null, ""path"": ""src/mcp_memory_service/server.py"", ""start_byte"": null, ""start_line"": 510}"	P01604
human-python-3338367670-2869308081:ruff-python-swallowed:21	2	human-python-3338367670-2869308081:ruff-python-swallowed	natural:human-python-3338367670-2869308081:ruff-python-swallowed:21	BLE001:src/mcp_memory_service/server.py:697:20:Do not catch blind exception: `Exception`	"{""end_byte"": null, ""end_line"": 697, ""owner"": null, ""path"": ""src/mcp_memory_service/server.py"", ""start_byte"": null, ""start_line"": 697}"	P01843
human-python-3338367670-2869308081:ruff-python-swallowed:22	2	human-python-3338367670-2869308081:ruff-python-swallowed	natural:human-python-3338367670-2869308081:ruff-python-swallowed:22	BLE001:src/mcp_memory_service/server.py:713:16:Do not catch blind exception: `Exception`	"{""end_byte"": null, ""end_line"": 713, ""owner"": null, ""path"": ""src/mcp_memory_service/server.py"", ""start_byte"": null, ""start_line"": 713}"	P00989
human-python-3338367670-2869308081:ruff-python-swallowed:23	2	human-python-3338367670-2869308081:ruff-python-swallowed	natural:human-python-3338367670-2869308081:ruff-python-swallowed:23	BLE001:src/mcp_memory_service/server.py:745:16:Do not catch blind exception: `Exception`	"{""end_byte"": null, ""end_line"": 745, ""owner"": null, ""path"": ""src/mcp_memory_service/server.py"", ""start_byte"": null, ""start_line"": 745}"	P01091
human-python-3338367670-2869308081:ruff-python-swallowed:24	2	human-python-3338367670-2869308081:ruff-python-swallowed	natural:human-python-3338367670-2869308081:ruff-python-swallowed:24	BLE001:src/mcp_memory_service/server.py:780:16:Do not catch blind exception: `Exception`	"{""end_byte"": null, ""end_line"": 780, ""owner"": null, ""path"": ""src/mcp_memory_service/server.py"", ""start_byte"": null, ""start_line"": 780}"	P01090
human-python-3338367670-2869308081:ruff-python-swallowed:25	2	human-python-3338367670-2869308081:ruff-python-swallowed	natural:human-python-3338367670-2869308081:ruff-python-swallowed:25	BLE001:src/mcp_memory_service/server.py:837:20:Do not catch blind exception: `Exception`	"{""end_byte"": null, ""end_line"": 837, ""owner"": null, ""path"": ""src/mcp_memory_service/server.py"", ""start_byte"": null, ""start_line"": 837}"	P00105
human-python-3338367670-2869308081:ruff-python-swallowed:26	2	human-python-3338367670-2869308081:ruff-python-swallowed	natural:human-python-3338367670-2869308081:ruff-python-swallowed:26	BLE001:src/mcp_memory_service/server.py:894:20:Do not catch blind exception: `Exception`	"{""end_byte"": null, ""end_line"": 894, ""owner"": null, ""path"": ""src/mcp_memory_service/server.py"", ""start_byte"": null, ""start_line"": 894}"	P00543
human-python-3338367670-2869308081:ruff-python-swallowed:27	2	human-python-3338367670-2869308081:ruff-python-swallowed	natural:human-python-3338367670-2869308081:ruff-python-swallowed:27	BLE001:src/mcp_memory_service/server.py:2135:20:Do not catch blind exception: `Exception`	"{""end_byte"": null, ""end_line"": 2135, ""owner"": null, ""path"": ""src/mcp_memory_service/server.py"", ""start_byte"": null, ""start_line"": 2135}"	P01789
human-python-3338367670-2869308081:ruff-python-swallowed:28	2	human-python-3338367670-2869308081:ruff-python-swallowed	natural:human-python-3338367670-2869308081:ruff-python-swallowed:28	BLE001:src/mcp_memory_service/server.py:2157:16:Do not catch blind exception: `Exception`	"{""end_byte"": null, ""end_line"": 2157, ""owner"": null, ""path"": ""src/mcp_memory_service/server.py"", ""start_byte"": null, ""start_line"": 2157}"	P00927
human-python-3338367670-2869308081:ruff-python-swallowed:29	2	human-python-3338367670-2869308081:ruff-python-swallowed	natural:human-python-3338367670-2869308081:ruff-python-swallowed:29	BLE001:src/mcp_memory_service/server.py:2227:16:Do not catch blind exception: `Exception`	"{""end_byte"": null, ""end_line"": 2227, ""owner"": null, ""path"": ""src/mcp_memory_service/server.py"", ""start_byte"": null, ""start_line"": 2227}"	P01114
human-python-3338367670-2869308081:ruff-python-swallowed:30	2	human-python-3338367670-2869308081:ruff-python-swallowed	natural:human-python-3338367670-2869308081:ruff-python-swallowed:30	BLE001:src/mcp_memory_service/server.py:2278:16:Do not catch blind exception: `Exception`	"{""end_byte"": null, ""end_line"": 2278, ""owner"": null, ""path"": ""src/mcp_memory_service/server.py"", ""start_byte"": null, ""start_line"": 2278}"	P01497
human-python-3338367670-2869308081:ruff-python-swallowed:31	2	human-python-3338367670-2869308081:ruff-python-swallowed	natural:human-python-3338367670-2869308081:ruff-python-swallowed:31	BLE001:src/mcp_memory_service/server.py:2325:16:Do not catch blind exception: `Exception`	"{""end_byte"": null, ""end_line"": 2325, ""owner"": null, ""path"": ""src/mcp_memory_service/server.py"", ""start_byte"": null, ""start_line"": 2325}"	P01907
human-python-3338367670-2869308081:ruff-python-swallowed:32	2	human-python-3338367670-2869308081:ruff-python-swallowed	natural:human-python-3338367670-2869308081:ruff-python-swallowed:32	BLE001:src/mcp_memory_service/server.py:2337:16:Do not catch blind exception: `Exception`	"{""end_byte"": null, ""end_line"": 2337, ""owner"": null, ""path"": ""src/mcp_memory_service/server.py"", ""start_byte"": null, ""start_line"": 2337}"	P01697
human-python-3338367670-2869308081:ruff-python-swallowed:33	2	human-python-3338367670-2869308081:ruff-python-swallowed	natural:human-python-3338367670-2869308081:ruff-python-swallowed:33	BLE001:src/mcp_memory_service/server.py:2450:32:Do not catch blind exception: `Exception`	"{""end_byte"": null, ""end_line"": 2450, ""owner"": null, ""path"": ""src/mcp_memory_service/server.py"", ""start_byte"": null, ""start_line"": 2450}"	P01037
human-python-3338367670-2869308081:ruff-python-swallowed:34	2	human-python-3338367670-2869308081:ruff-python-swallowed	natural:human-python-3338367670-2869308081:ruff-python-swallowed:34	BLE001:src/mcp_memory_service/server.py:2463:16:Do not catch blind exception: `Exception`	"{""end_byte"": null, ""end_line"": 2463, ""owner"": null, ""path"": ""src/mcp_memory_service/server.py"", ""start_byte"": null, ""start_line"": 2463}"	P00792
human-python-3338367670-2869308081:ruff-python-swallowed:35	2	human-python-3338367670-2869308081:ruff-python-swallowed	natural:human-python-3338367670-2869308081:ruff-python-swallowed:35	BLE001:src/mcp_memory_service/server.py:2521:16:Do not catch blind exception: `Exception`	"{""end_byte"": null, ""end_line"": 2521, ""owner"": null, ""path"": ""src/mcp_memory_service/server.py"", ""start_byte"": null, ""start_line"": 2521}"	P00106
human-python-3338367670-2869308081:ruff-python-swallowed:36	2	human-python-3338367670-2869308081:ruff-python-swallowed	natural:human-python-3338367670-2869308081:ruff-python-swallowed:36	BLE001:src/mcp_memory_service/server.py:2620:16:Do not catch blind exception: `Exception`	"{""end_byte"": null, ""end_line"": 2620, ""owner"": null, ""path"": ""src/mcp_memory_service/server.py"", ""start_byte"": null, ""start_line"": 2620}"	P00474
human-python-3338367670-2869308081:ruff-python-swallowed:37	2	human-python-3338367670-2869308081:ruff-python-swallowed	natural:human-python-3338367670-2869308081:ruff-python-swallowed:37	BLE001:src/mcp_memory_service/server.py:2656:16:Do not catch blind exception: `Exception`	"{""end_byte"": null, ""end_line"": 2656, ""owner"": null, ""path"": ""src/mcp_memory_service/server.py"", ""start_byte"": null, ""start_line"": 2656}"	P00875
human-python-3338367670-2869308081:ruff-python-swallowed:38	2	human-python-3338367670-2869308081:ruff-python-swallowed	natural:human-python-3338367670-2869308081:ruff-python-swallowed:38	BLE001:src/mcp_memory_service/server.py:2714:16:Do not catch blind exception: `Exception`	"{""end_byte"": null, ""end_line"": 2714, ""owner"": null, ""path"": ""src/mcp_memory_service/server.py"", ""start_byte"": null, ""start_line"": 2714}"	P01306
human-python-3338367670-2869308081:ruff-python-swallowed:39	2	human-python-3338367670-2869308081:ruff-python-swallowed	natural:human-python-3338367670-2869308081:ruff-python-swallowed:39	BLE001:src/mcp_memory_service/server.py:2757:16:Do not catch blind exception: `Exception`	"{""end_byte"": null, ""end_line"": 2757, ""owner"": null, ""path"": ""src/mcp_memory_service/server.py"", ""start_byte"": null, ""start_line"": 2757}"	P01079
human-python-3338367670-2869308081:ruff-python-swallowed:40	2	human-python-3338367670-2869308081:ruff-python-swallowed	natural:human-python-3338367670-2869308081:ruff-python-swallowed:40	BLE001:src/mcp_memory_service/server.py:2796:16:Do not catch blind exception: `Exception`	"{""end_byte"": null, ""end_line"": 2796, ""owner"": null, ""path"": ""src/mcp_memory_service/server.py"", ""start_byte"": null, ""start_line"": 2796}"	P01467
human-python-3338367670-2869308081:ruff-python-swallowed:41	2	human-python-3338367670-2869308081:ruff-python-swallowed	natural:human-python-3338367670-2869308081:ruff-python-swallowed:41	BLE001:src/mcp_memory_service/server.py:2808:16:Do not catch blind exception: `Exception`	"{""end_byte"": null, ""end_line"": 2808, ""owner"": null, ""path"": ""src/mcp_memory_service/server.py"", ""start_byte"": null, ""start_line"": 2808}"	P01330
human-python-3338367670-2869308081:ruff-python-swallowed:42	2	human-python-3338367670-2869308081:ruff-python-swallowed	natural:human-python-3338367670-2869308081:ruff-python-swallowed:42	BLE001:src/mcp_memory_service/server.py:2828:16:Do not catch blind exception: `Exception`	"{""end_byte"": null, ""end_line"": 2828, ""owner"": null, ""path"": ""src/mcp_memory_service/server.py"", ""start_byte"": null, ""start_line"": 2828}"	P01192
human-python-3338367670-2869308081:ruff-python-swallowed:43	2	human-python-3338367670-2869308081:ruff-python-swallowed	natural:human-python-3338367670-2869308081:ruff-python-swallowed:43	BLE001:src/mcp_memory_service/server.py:2870:16:Do not catch blind exception: `Exception`	"{""end_byte"": null, ""end_line"": 2870, ""owner"": null, ""path"": ""src/mcp_memory_service/server.py"", ""start_byte"": null, ""start_line"": 2870}"	P00235
human-python-3338367670-2869308081:ruff-python-swallowed:44	2	human-python-3338367670-2869308081:ruff-python-swallowed	natural:human-python-3338367670-2869308081:ruff-python-swallowed:44	BLE001:src/mcp_memory_service/server.py:2886:16:Do not catch blind exception: `Exception`	"{""end_byte"": null, ""end_line"": 2886, ""owner"": null, ""path"": ""src/mcp_memory_service/server.py"", ""start_byte"": null, ""start_line"": 2886}"	P00180
human-python-3338367670-2869308081:ruff-python-swallowed:45	2	human-python-3338367670-2869308081:ruff-python-swallowed	natural:human-python-3338367670-2869308081:ruff-python-swallowed:45	BLE001:src/mcp_memory_service/server.py:2896:16:Do not catch blind exception: `Exception`	"{""end_byte"": null, ""end_line"": 2896, ""owner"": null, ""path"": ""src/mcp_memory_service/server.py"", ""start_byte"": null, ""start_line"": 2896}"	P01879
human-python-3338367670-2869308081:ruff-python-swallowed:46	2	human-python-3338367670-2869308081:ruff-python-swallowed	natural:human-python-3338367670-2869308081:ruff-python-swallowed:46	BLE001:src/mcp_memory_service/server.py:2936:16:Do not catch blind exception: `Exception`	"{""end_byte"": null, ""end_line"": 2936, ""owner"": null, ""path"": ""src/mcp_memory_service/server.py"", ""start_byte"": null, ""start_line"": 2936}"	P00545
human-python-3338367670-2869308081:ruff-python-swallowed:47	2	human-python-3338367670-2869308081:ruff-python-swallowed	natural:human-python-3338367670-2869308081:ruff-python-swallowed:47	BLE001:src/mcp_memory_service/server.py:2976:16:Do not catch blind exception: `Exception`	"{""end_byte"": null, ""end_line"": 2976, ""owner"": null, ""path"": ""src/mcp_memory_service/server.py"", ""start_byte"": null, ""start_line"": 2976}"	P01300
human-python-3338367670-2869308081:ruff-python-swallowed:48	2	human-python-3338367670-2869308081:ruff-python-swallowed	natural:human-python-3338367670-2869308081:ruff-python-swallowed:48	BLE001:src/mcp_memory_service/server.py:3026:16:Do not catch blind exception: `Exception`	"{""end_byte"": null, ""end_line"": 3026, ""owner"": null, ""path"": ""src/mcp_memory_service/server.py"", ""start_byte"": null, ""start_line"": 3026}"	P01543
human-python-3338367670-2869308081:ruff-python-swallowed:49	2	human-python-3338367670-2869308081:ruff-python-swallowed	natural:human-python-3338367670-2869308081:ruff-python-swallowed:49	BLE001:src/mcp_memory_service/server.py:3083:16:Do not catch blind exception: `Exception`	"{""end_byte"": null, ""end_line"": 3083, ""owner"": null, ""path"": ""src/mcp_memory_service/server.py"", ""start_byte"": null, ""start_line"": 3083}"	P01110
human-python-3338367670-2869308081:ruff-python-swallowed:50	2	human-python-3338367670-2869308081:ruff-python-swallowed	natural:human-python-3338367670-2869308081:ruff-python-swallowed:50	BLE001:src/mcp_memory_service/server.py:3138:16:Do not catch blind exception: `Exception`	"{""end_byte"": null, ""end_line"": 3138, ""owner"": null, ""path"": ""src/mcp_memory_service/server.py"", ""start_byte"": null, ""start_line"": 3138}"	P01073
human-python-3338367670-2869308081:ruff-python-swallowed:51	2	human-python-3338367670-2869308081:ruff-python-swallowed	natural:human-python-3338367670-2869308081:ruff-python-swallowed:51	BLE001:src/mcp_memory_service/server.py:3167:16:Do not catch blind exception: `Exception`	"{""end_byte"": null, ""end_line"": 3167, ""owner"": null, ""path"": ""src/mcp_memory_service/server.py"", ""start_byte"": null, ""start_line"": 3167}"	P01550
human-python-3338367670-2869308081:ruff-python-swallowed:52	2	human-python-3338367670-2869308081:ruff-python-swallowed	natural:human-python-3338367670-2869308081:ruff-python-swallowed:52	BLE001:src/mcp_memory_service/server.py:3189:16:Do not catch blind exception: `Exception`	"{""end_byte"": null, ""end_line"": 3189, ""owner"": null, ""path"": ""src/mcp_memory_service/server.py"", ""start_byte"": null, ""start_line"": 3189}"	P01221
human-python-3338367670-2869308081:ruff-python-swallowed:53	2	human-python-3338367670-2869308081:ruff-python-swallowed	natural:human-python-3338367670-2869308081:ruff-python-swallowed:53	BLE001:src/mcp_memory_service/server.py:3211:16:Do not catch blind exception: `Exception`	"{""end_byte"": null, ""end_line"": 3211, ""owner"": null, ""path"": ""src/mcp_memory_service/server.py"", ""start_byte"": null, ""start_line"": 3211}"	P00266
human-python-3338367670-2869308081:ruff-python-swallowed:54	2	human-python-3338367670-2869308081:ruff-python-swallowed	natural:human-python-3338367670-2869308081:ruff-python-swallowed:54	BLE001:src/mcp_memory_service/server.py:3231:16:Do not catch blind exception: `Exception`	"{""end_byte"": null, ""end_line"": 3231, ""owner"": null, ""path"": ""src/mcp_memory_service/server.py"", ""start_byte"": null, ""start_line"": 3231}"	P00165
human-python-3338367670-2869308081:ruff-python-swallowed:55	2	human-python-3338367670-2869308081:ruff-python-swallowed	natural:human-python-3338367670-2869308081:ruff-python-swallowed:55	BLE001:src/mcp_memory_service/server.py:3245:16:Do not catch blind exception: `Exception`	"{""end_byte"": null, ""end_line"": 3245, ""owner"": null, ""path"": ""src/mcp_memory_service/server.py"", ""start_byte"": null, ""start_line"": 3245}"	P01443
human-python-3338367670-2869308081:ruff-python-swallowed:56	2	human-python-3338367670-2869308081:ruff-python-swallowed	natural:human-python-3338367670-2869308081:ruff-python-swallowed:56	BLE001:src/mcp_memory_service/server.py:3290:16:Do not catch blind exception: `Exception`	"{""end_byte"": null, ""end_line"": 3290, ""owner"": null, ""path"": ""src/mcp_memory_service/server.py"", ""start_byte"": null, ""start_line"": 3290}"	P00025
human-python-3338367670-2869308081:ruff-python-swallowed:57	2	human-python-3338367670-2869308081:ruff-python-swallowed	natural:human-python-3338367670-2869308081:ruff-python-swallowed:57	BLE001:src/mcp_memory_service/server.py:3325:16:Do not catch blind exception: `Exception`	"{""end_byte"": null, ""end_line"": 3325, ""owner"": null, ""path"": ""src/mcp_memory_service/server.py"", ""start_byte"": null, ""start_line"": 3325}"	P01210
human-python-3338367670-2869308081:ruff-python-swallowed:58	2	human-python-3338367670-2869308081:ruff-python-swallowed	natural:human-python-3338367670-2869308081:ruff-python-swallowed:58	BLE001:src/mcp_memory_service/server.py:3429:16:Do not catch blind exception: `Exception`	"{""end_byte"": null, ""end_line"": 3429, ""owner"": null, ""path"": ""src/mcp_memory_service/server.py"", ""start_byte"": null, ""start_line"": 3429}"	P01954
human-python-3338367670-2869308081:ruff-python-swallowed:59	2	human-python-3338367670-2869308081:ruff-python-swallowed	natural:human-python-3338367670-2869308081:ruff-python-swallowed:59	BLE001:src/mcp_memory_service/server.py:3440:20:Do not catch blind exception: `Exception`	"{""end_byte"": null, ""end_line"": 3440, ""owner"": null, ""path"": ""src/mcp_memory_service/server.py"", ""start_byte"": null, ""start_line"": 3440}"	P01361
human-python-3338367670-2869308081:ruff-python-swallowed:60	2	human-python-3338367670-2869308081:ruff-python-swallowed	natural:human-python-3338367670-2869308081:ruff-python-swallowed:60	BLE001:src/mcp_memory_service/server.py:3518:28:Do not catch blind exception: `Exception`	"{""end_byte"": null, ""end_line"": 3518, ""owner"": null, ""path"": ""src/mcp_memory_service/server.py"", ""start_byte"": null, ""start_line"": 3518}"	P00964
human-python-3338367670-2869308081:ruff-python-swallowed:61	2	human-python-3338367670-2869308081:ruff-python-swallowed	natural:human-python-3338367670-2869308081:ruff-python-swallowed:61	BLE001:src/mcp_memory_service/server.py:3560:24:Do not catch blind exception: `Exception`	"{""end_byte"": null, ""end_line"": 3560, ""owner"": null, ""path"": ""src/mcp_memory_service/server.py"", ""start_byte"": null, ""start_line"": 3560}"	P00157
human-python-3338367670-2869308081:ruff-python-swallowed:62	2	human-python-3338367670-2869308081:ruff-python-swallowed	natural:human-python-3338367670-2869308081:ruff-python-swallowed:62	BLE001:src/mcp_memory_service/server.py:3618:28:Do not catch blind exception: `Exception`	"{""end_byte"": null, ""end_line"": 3618, ""owner"": null, ""path"": ""src/mcp_memory_service/server.py"", ""start_byte"": null, ""start_line"": 3618}"	P00403
human-python-3338367670-2869308081:ruff-python-swallowed:63	2	human-python-3338367670-2869308081:ruff-python-swallowed	natural:human-python-3338367670-2869308081:ruff-python-swallowed:63	BLE001:src/mcp_memory_service/server.py:3640:24:Do not catch blind exception: `Exception`	"{""end_byte"": null, ""end_line"": 3640, ""owner"": null, ""path"": ""src/mcp_memory_service/server.py"", ""start_byte"": null, ""start_line"": 3640}"	P00293
human-python-3338367670-2869308081:ruff-python-swallowed:64	2	human-python-3338367670-2869308081:ruff-python-swallowed	natural:human-python-3338367670-2869308081:ruff-python-swallowed:64	S110:src/mcp_memory_service/server.py:3657:17:`try`-`except`-`pass` detected, consider logging the exception	"{""end_byte"": null, ""end_line"": 3657, ""owner"": null, ""path"": ""src/mcp_memory_service/server.py"", ""start_byte"": null, ""start_line"": 3657}"	P00311
human-python-3338367670-2869308081:ruff-python-swallowed:65	2	human-python-3338367670-2869308081:ruff-python-swallowed	natural:human-python-3338367670-2869308081:ruff-python-swallowed:65	BLE001:src/mcp_memory_service/server.py:3657:24:Do not catch blind exception: `Exception`	"{""end_byte"": null, ""end_line"": 3657, ""owner"": null, ""path"": ""src/mcp_memory_service/server.py"", ""start_byte"": null, ""start_line"": 3657}"	P01857
human-python-3338367670-2869308081:ruff-python-swallowed:66	2	human-python-3338367670-2869308081:ruff-python-swallowed	natural:human-python-3338367670-2869308081:ruff-python-swallowed:66	BLE001:src/mcp_memory_service/server.py:3679:16:Do not catch blind exception: `Exception`	"{""end_byte"": null, ""end_line"": 3679, ""owner"": null, ""path"": ""src/mcp_memory_service/server.py"", ""start_byte"": null, ""start_line"": 3679}"	P00156
human-python-3338367670-2869308081:ruff-python-swallowed:67	2	human-python-3338367670-2869308081:ruff-python-swallowed	natural:human-python-3338367670-2869308081:ruff-python-swallowed:67	BLE001:src/mcp_memory_service/server.py:3745:16:Do not catch blind exception: `Exception`	"{""end_byte"": null, ""end_line"": 3745, ""owner"": null, ""path"": ""src/mcp_memory_service/server.py"", ""start_byte"": null, ""start_line"": 3745}"	P00263
human-python-3338367670-2869308081:ruff-python-swallowed:68	2	human-python-3338367670-2869308081:ruff-python-swallowed	natural:human-python-3338367670-2869308081:ruff-python-swallowed:68	BLE001:src/mcp_memory_service/server.py:3770:16:Do not catch blind exception: `Exception`	"{""end_byte"": null, ""end_line"": 3770, ""owner"": null, ""path"": ""src/mcp_memory_service/server.py"", ""start_byte"": null, ""start_line"": 3770}"	P01496
human-python-3338367670-2869308081:ruff-python-swallowed:69	2	human-python-3338367670-2869308081:ruff-python-swallowed	natural:human-python-3338367670-2869308081:ruff-python-swallowed:69	BLE001:src/mcp_memory_service/server.py:3793:16:Do not catch blind exception: `Exception`	"{""end_byte"": null, ""end_line"": 3793, ""owner"": null, ""path"": ""src/mcp_memory_service/server.py"", ""start_byte"": null, ""start_line"": 3793}"	P01734
human-python-3338367670-2869308081:ruff-python-swallowed:70	2	human-python-3338367670-2869308081:ruff-python-swallowed	natural:human-python-3338367670-2869308081:ruff-python-swallowed:70	BLE001:src/mcp_memory_service/server.py:3870:24:Do not catch blind exception: `Exception`	"{""end_byte"": null, ""end_line"": 3870, ""owner"": null, ""path"": ""src/mcp_memory_service/server.py"", ""start_byte"": null, ""start_line"": 3870}"	P00666
human-python-3338367670-2869308081:ruff-python-swallowed:71	2	human-python-3338367670-2869308081:ruff-python-swallowed	natural:human-python-3338367670-2869308081:ruff-python-swallowed:71	BLE001:src/mcp_memory_service/server.py:3896:16:Do not catch blind exception: `Exception`	"{""end_byte"": null, ""end_line"": 3896, ""owner"": null, ""path"": ""src/mcp_memory_service/server.py"", ""start_byte"": null, ""start_line"": 3896}"	P01243
human-python-3338367670-2869308081:ruff-python-swallowed:72	2	human-python-3338367670-2869308081:ruff-python-swallowed	natural:human-python-3338367670-2869308081:ruff-python-swallowed:72	BLE001:src/mcp_memory_service/server.py:4015:32:Do not catch blind exception: `Exception`	"{""end_byte"": null, ""end_line"": 4015, ""owner"": null, ""path"": ""src/mcp_memory_service/server.py"", ""start_byte"": null, ""start_line"": 4015}"	P01586
human-python-3338367670-2869308081:ruff-python-swallowed:73	2	human-python-3338367670-2869308081:ruff-python-swallowed	natural:human-python-3338367670-2869308081:ruff-python-swallowed:73	BLE001:src/mcp_memory_service/server.py:4023:24:Do not catch blind exception: `Exception`	"{""end_byte"": null, ""end_line"": 4023, ""owner"": null, ""path"": ""src/mcp_memory_service/server.py"", ""start_byte"": null, ""start_line"": 4023}"	P00660
human-python-3338367670-2869308081:ruff-python-swallowed:74	2	human-python-3338367670-2869308081:ruff-python-swallowed	natural:human-python-3338367670-2869308081:ruff-python-swallowed:74	BLE001:src/mcp_memory_service/server.py:4055:16:Do not catch blind exception: `Exception`	"{""end_byte"": null, ""end_line"": 4055, ""owner"": null, ""path"": ""src/mcp_memory_service/server.py"", ""start_byte"": null, ""start_line"": 4055}"	P00197
human-python-3338367670-2869308081:ruff-python-swallowed:75	2	human-python-3338367670-2869308081:ruff-python-swallowed	natural:human-python-3338367670-2869308081:ruff-python-swallowed:75	BLE001:src/mcp_memory_service/server.py:4120:20:Do not catch blind exception: `Exception`	"{""end_byte"": null, ""end_line"": 4120, ""owner"": null, ""path"": ""src/mcp_memory_service/server.py"", ""start_byte"": null, ""start_line"": 4120}"	P00514
human-python-3338367670-2869308081:ruff-python-swallowed:76	2	human-python-3338367670-2869308081:ruff-python-swallowed	natural:human-python-3338367670-2869308081:ruff-python-swallowed:76	BLE001:src/mcp_memory_service/server.py:4228:12:Do not catch blind exception: `Exception`	"{""end_byte"": null, ""end_line"": 4228, ""owner"": null, ""path"": ""src/mcp_memory_service/server.py"", ""start_byte"": null, ""start_line"": 4228}"	P00237
human-python-3338367670-2869308081:ruff-python-swallowed:77	2	human-python-3338367670-2869308081:ruff-python-swallowed	natural:human-python-3338367670-2869308081:ruff-python-swallowed:77	S110:src/mcp_memory_service/storage/chroma.py:232:21:`try`-`except`-`pass` detected, consider logging the exception	"{""end_byte"": null, ""end_line"": 232, ""owner"": null, ""path"": ""src/mcp_memory_service/storage/chroma.py"", ""start_byte"": null, ""start_line"": 232}"	P00984
human-python-3338367670-2869308081:ruff-python-swallowed:78	2	human-python-3338367670-2869308081:ruff-python-swallowed	natural:human-python-3338367670-2869308081:ruff-python-swallowed:78	BLE001:src/mcp_memory_service/storage/chroma.py:261:20:Do not catch blind exception: `Exception`	"{""end_byte"": null, ""end_line"": 261, ""owner"": null, ""path"": ""src/mcp_memory_service/storage/chroma.py"", ""start_byte"": null, ""start_line"": 261}"	P02043
human-python-3338367670-2869308081:ruff-python-swallowed:79	2	human-python-3338367670-2869308081:ruff-python-swallowed	natural:human-python-3338367670-2869308081:ruff-python-swallowed:79	BLE001:src/mcp_memory_service/storage/chroma.py:341:20:Do not catch blind exception: `Exception`	"{""end_byte"": null, ""end_line"": 341, ""owner"": null, ""path"": ""src/mcp_memory_service/storage/chroma.py"", ""start_byte"": null, ""start_line"": 341}"	P00313
human-python-3338367670-2869308081:ruff-python-swallowed:80	2	human-python-3338367670-2869308081:ruff-python-swallowed	natural:human-python-3338367670-2869308081:ruff-python-swallowed:80	BLE001:src/mcp_memory_service/storage/chroma.py:400:20:Do not catch blind exception: `Exception`	"{""end_byte"": null, ""end_line"": 400, ""owner"": null, ""path"": ""src/mcp_memory_service/storage/chroma.py"", ""start_byte"": null, ""start_line"": 400}"	P01284
human-python-3338367670-2869308081:ruff-python-swallowed:81	2	human-python-3338367670-2869308081:ruff-python-swallowed	natural:human-python-3338367670-2869308081:ruff-python-swallowed:81	BLE001:src/mcp_memory_service/storage/chroma.py:422:28:Do not catch blind exception: `Exception`	"{""end_byte"": null, ""end_line"": 422, ""owner"": null, ""path"": ""src/mcp_memory_service/storage/chroma.py"", ""start_byte"": null, ""start_line"": 422}"	P02135
human-python-3338367670-2869308081:ruff-python-swallowed:82	2	human-python-3338367670-2869308081:ruff-python-swallowed	natural:human-python-3338367670-2869308081:ruff-python-swallowed:82	BLE001:src/mcp_memory_service/storage/chroma.py:444:16:Do not catch blind exception: `Exception`	"{""end_byte"": null, ""end_line"": 444, ""owner"": null, ""path"": ""src/mcp_memory_service/storage/chroma.py"", ""start_byte"": null, ""start_line"": 444}"	P01708
human-python-3338367670-2869308081:ruff-python-swallowed:83	2	human-python-3338367670-2869308081:ruff-python-swallowed	natural:human-python-3338367670-2869308081:ruff-python-swallowed:83	BLE001:src/mcp_memory_service/storage/chroma.py:507:16:Do not catch blind exception: `Exception`	"{""end_byte"": null, ""end_line"": 507, ""owner"": null, ""path"": ""src/mcp_memory_service/storage/chroma.py"", ""start_byte"": null, ""start_line"": 507}"	P00901
human-python-3338367670-2869308081:ruff-python-swallowed:84	2	human-python-3338367670-2869308081:ruff-python-swallowed	natural:human-python-3338367670-2869308081:ruff-python-swallowed:84	BLE001:src/mcp_memory_service/storage/chroma.py:556:16:Do not catch blind exception: `Exception`	"{""end_byte"": null, ""end_line"": 556, ""owner"": null, ""path"": ""src/mcp_memory_service/storage/chroma.py"", ""start_byte"": null, ""start_line"": 556}"	P01846
human-python-3338367670-2869308081:ruff-python-swallowed:85	2	human-python-3338367670-2869308081:ruff-python-swallowed	natural:human-python-3338367670-2869308081:ruff-python-swallowed:85	BLE001:src/mcp_memory_service/storage/chroma.py:596:16:Do not catch blind exception: `Exception`	"{""end_byte"": null, ""end_line"": 596, ""owner"": null, ""path"": ""src/mcp_memory_service/storage/chroma.py"", ""start_byte"": null, ""start_line"": 596}"	P02007
human-python-3338367670-2869308081:ruff-python-swallowed:86	2	human-python-3338367670-2869308081:ruff-python-swallowed	natural:human-python-3338367670-2869308081:ruff-python-swallowed:86	BLE001:src/mcp_memory_service/storage/chroma.py:635:28:Do not catch blind exception: `Exception`	"{""end_byte"": null, ""end_line"": 635, ""owner"": null, ""path"": ""src/mcp_memory_service/storage/chroma.py"", ""start_byte"": null, ""start_line"": 635}"	P01419
human-python-3338367670-2869308081:ruff-python-swallowed:87	2	human-python-3338367670-2869308081:ruff-python-swallowed	natural:human-python-3338367670-2869308081:ruff-python-swallowed:87	BLE001:src/mcp_memory_service/storage/chroma.py:661:16:Do not catch blind exception: `Exception`	"{""end_byte"": null, ""end_line"": 661, ""owner"": null, ""path"": ""src/mcp_memory_service/storage/chroma.py"", ""start_byte"": null, ""start_line"": 661}"	P00740
human-python-3338367670-2869308081:ruff-python-swallowed:88	2	human-python-3338367670-2869308081:ruff-python-swallowed	natural:human-python-3338367670-2869308081:ruff-python-swallowed:88	BLE001:src/mcp_memory_service/storage/chroma.py:707:28:Do not catch blind exception: `Exception`	"{""end_byte"": null, ""end_line"": 707, ""owner"": null, ""path"": ""src/mcp_memory_service/storage/chroma.py"", ""start_byte"": null, ""start_line"": 707}"	P00773
human-python-3338367670-2869308081:ruff-python-swallowed:89	2	human-python-3338367670-2869308081:ruff-python-swallowed	natural:human-python-3338367670-2869308081:ruff-python-swallowed:89	BLE001:src/mcp_memory_service/storage/chroma.py:726:16:Do not catch blind exception: `Exception`	"{""end_byte"": null, ""end_line"": 726, ""owner"": null, ""path"": ""src/mcp_memory_service/storage/chroma.py"", ""start_byte"": null, ""start_line"": 726}"	P00940
human-python-3338367670-2869308081:ruff-python-swallowed:90	2	human-python-3338367670-2869308081:ruff-python-swallowed	natural:human-python-3338367670-2869308081:ruff-python-swallowed:90	BLE001:src/mcp_memory_service/storage/chroma.py:747:16:Do not catch blind exception: `Exception`	"{""end_byte"": null, ""end_line"": 747, ""owner"": null, ""path"": ""src/mcp_memory_service/storage/chroma.py"", ""start_byte"": null, ""start_line"": 747}"	P01559
human-python-3338367670-2869308081:ruff-python-swallowed:91	2	human-python-3338367670-2869308081:ruff-python-swallowed	natural:human-python-3338367670-2869308081:ruff-python-swallowed:91	BLE001:src/mcp_memory_service/storage/chroma.py:784:16:Do not catch blind exception: `Exception`	"{""end_byte"": null, ""end_line"": 784, ""owner"": null, ""path"": ""src/mcp_memory_service/storage/chroma.py"", ""start_byte"": null, ""start_line"": 784}"	P01510
human-python-3338367670-2869308081:ruff-python-swallowed:92	2	human-python-3338367670-2869308081:ruff-python-swallowed	natural:human-python-3338367670-2869308081:ruff-python-swallowed:92	BLE001:src/mcp_memory_service/storage/chroma.py:922:16:Do not catch blind exception: `Exception`	"{""end_byte"": null, ""end_line"": 922, ""owner"": null, ""path"": ""src/mcp_memory_service/storage/chroma.py"", ""start_byte"": null, ""start_line"": 922}"	P01382
human-python-3338367670-2869308081:ruff-python-swallowed:93	2	human-python-3338367670-2869308081:ruff-python-swallowed	natural:human-python-3338367670-2869308081:ruff-python-swallowed:93	BLE001:src/mcp_memory_service/storage/chroma.py:997:24:Do not catch blind exception: `Exception`	"{""end_byte"": null, ""end_line"": 997, ""owner"": null, ""path"": ""src/mcp_memory_service/storage/chroma.py"", ""start_byte"": null, ""start_line"": 997}"	P00305
human-python-3338367670-2869308081:ruff-python-swallowed:94	2	human-python-3338367670-2869308081:ruff-python-swallowed	natural:human-python-3338367670-2869308081:ruff-python-swallowed:94	BLE001:src/mcp_memory_service/storage/chroma.py:1025:16:Do not catch blind exception: `Exception`	"{""end_byte"": null, ""end_line"": 1025, ""owner"": null, ""path"": ""src/mcp_memory_service/storage/chroma.py"", ""start_byte"": null, ""start_line"": 1025}"	P00163
human-python-3338367670-2869308081:ruff-python-swallowed:95	2	human-python-3338367670-2869308081:ruff-python-swallowed	natural:human-python-3338367670-2869308081:ruff-python-swallowed:95	BLE001:src/mcp_memory_service/storage/chroma.py:1262:20:Do not catch blind exception: `Exception`	"{""end_byte"": null, ""end_line"": 1262, ""owner"": null, ""path"": ""src/mcp_memory_service/storage/chroma.py"", ""start_byte"": null, ""start_line"": 1262}"	P02148
human-python-3338367670-2869308081:ruff-python-swallowed:96	2	human-python-3338367670-2869308081:ruff-python-swallowed	natural:human-python-3338367670-2869308081:ruff-python-swallowed:96	BLE001:src/mcp_memory_service/storage/chroma.py:1280:28:Do not catch blind exception: `Exception`	"{""end_byte"": null, ""end_line"": 1280, ""owner"": null, ""path"": ""src/mcp_memory_service/storage/chroma.py"", ""start_byte"": null, ""start_line"": 1280}"	P01949
human-python-3338367670-2869308081:ruff-python-swallowed:97	2	human-python-3338367670-2869308081:ruff-python-swallowed	natural:human-python-3338367670-2869308081:ruff-python-swallowed:97	BLE001:src/mcp_memory_service/storage/chroma.py:1319:16:Do not catch blind exception: `Exception`	"{""end_byte"": null, ""end_line"": 1319, ""owner"": null, ""path"": ""src/mcp_memory_service/storage/chroma.py"", ""start_byte"": null, ""start_line"": 1319}"	P01166
human-python-3338367670-2869308081:ruff-python-swallowed:98	2	human-python-3338367670-2869308081:ruff-python-swallowed	natural:human-python-3338367670-2869308081:ruff-python-swallowed:98	BLE001:src/mcp_memory_service/storage/chroma.py:1392:24:Do not catch blind exception: `Exception`	"{""end_byte"": null, ""end_line"": 1392, ""owner"": null, ""path"": ""src/mcp_memory_service/storage/chroma.py"", ""start_byte"": null, ""start_line"": 1392}"	P00670
human-python-3338367670-2869308081:ruff-python-swallowed:99	2	human-python-3338367670-2869308081:ruff-python-swallowed	natural:human-python-3338367670-2869308081:ruff-python-swallowed:99	BLE001:src/mcp_memory_service/storage/chroma.py:1407:16:Do not catch blind exception: `Exception`	"{""end_byte"": null, ""end_line"": 1407, ""owner"": null, ""path"": ""src/mcp_memory_service/storage/chroma.py"", ""start_byte"": null, ""start_line"": 1407}"	P00437
human-python-3338367670-2869308081:ruff-python-swallowed:100	2	human-python-3338367670-2869308081:ruff-python-swallowed	natural:human-python-3338367670-2869308081:ruff-python-swallowed:100	BLE001:src/mcp_memory_service/storage/chroma.py:1439:16:Do not catch blind exception: `Exception`	"{""end_byte"": null, ""end_line"": 1439, ""owner"": null, ""path"": ""src/mcp_memory_service/storage/chroma.py"", ""start_byte"": null, ""start_line"": 1439}"	P00781
human-python-3338367670-2869308081:ruff-python-swallowed:101	2	human-python-3338367670-2869308081:ruff-python-swallowed	natural:human-python-3338367670-2869308081:ruff-python-swallowed:101	BLE001:src/mcp_memory_service/storage/chroma_enhanced.py:91:12:Do not catch blind exception: `Exception`	"{""end_byte"": null, ""end_line"": 91, ""owner"": null, ""path"": ""src/mcp_memory_service/storage/chroma_enhanced.py"", ""start_byte"": null, ""start_line"": 91}"	P01372
human-python-3338367670-2869308081:ruff-python-swallowed:102	2	human-python-3338367670-2869308081:ruff-python-swallowed	natural:human-python-3338367670-2869308081:ruff-python-swallowed:102	BLE001:src/mcp_memory_service/storage/chroma_enhanced.py:171:12:Do not catch blind exception: `Exception`	"{""end_byte"": null, ""end_line"": 171, ""owner"": null, ""path"": ""src/mcp_memory_service/storage/chroma_enhanced.py"", ""start_byte"": null, ""start_line"": 171}"	P01314
human-python-3338367670-2869308081:ruff-python-swallowed:103	2	human-python-3338367670-2869308081:ruff-python-swallowed	natural:human-python-3338367670-2869308081:ruff-python-swallowed:103	BLE001:src/mcp_memory_service/storage/cloudflare.py:169:16:Do not catch blind exception: `Exception`	"{""end_byte"": null, ""end_line"": 169, ""owner"": null, ""path"": ""src/mcp_memory_service/storage/cloudflare.py"", ""start_byte"": null, ""start_line"": 169}"	P01135
human-python-3338367670-2869308081:ruff-python-swallowed:104	2	human-python-3338367670-2869308081:ruff-python-swallowed	natural:human-python-3338367670-2869308081:ruff-python-swallowed:104	BLE001:src/mcp_memory_service/storage/cloudflare.py:311:16:Do not catch blind exception: `Exception`	"{""end_byte"": null, ""end_line"": 311, ""owner"": null, ""path"": ""src/mcp_memory_service/storage/cloudflare.py"", ""start_byte"": null, ""start_line"": 311}"	P01810
human-python-3338367670-2869308081:ruff-python-swallowed:105	2	human-python-3338367670-2869308081:ruff-python-swallowed	natural:human-python-3338367670-2869308081:ruff-python-swallowed:105	BLE001:src/mcp_memory_service/storage/cloudflare.py:359:16:Do not catch blind exception: `Exception`	"{""end_byte"": null, ""end_line"": 359, ""owner"": null, ""path"": ""src/mcp_memory_service/storage/cloudflare.py"", ""start_byte"": null, ""start_line"": 359}"	P01039
human-python-3338367670-2869308081:ruff-python-swallowed:106	2	human-python-3338367670-2869308081:ruff-python-swallowed	natural:human-python-3338367670-2869308081:ruff-python-swallowed:106	BLE001:src/mcp_memory_service/storage/cloudflare.py:470:16:Do not catch blind exception: `Exception`	"{""end_byte"": null, ""end_line"": 470, ""owner"": null, ""path"": ""src/mcp_memory_service/storage/cloudflare.py"", ""start_byte"": null, ""start_line"": 470}"	P00325
human-python-3338367670-2869308081:ruff-python-swallowed:107	2	human-python-3338367670-2869308081:ruff-python-swallowed	natural:human-python-3338367670-2869308081:ruff-python-swallowed:107	BLE001:src/mcp_memory_service/storage/cloudflare.py:520:16:Do not catch blind exception: `Exception`	"{""end_byte"": null, ""end_line"": 520, ""owner"": null, ""path"": ""src/mcp_memory_service/storage/cloudflare.py"", ""start_byte"": null, ""start_line"": 520}"	P01067
human-python-3338367670-2869308081:ruff-python-swallowed:108	2	human-python-3338367670-2869308081:ruff-python-swallowed	natural:human-python-3338367670-2869308081:ruff-python-swallowed:108	BLE001:src/mcp_memory_service/storage/cloudflare.py:578:16:Do not catch blind exception: `Exception`	"{""end_byte"": null, ""end_line"": 578, ""owner"": null, ""path"": ""src/mcp_memory_service/storage/cloudflare.py"", ""start_byte"": null, ""start_line"": 578}"	P00893
human-python-3338367670-2869308081:ruff-python-swallowed:109	2	human-python-3338367670-2869308081:ruff-python-swallowed	natural:human-python-3338367670-2869308081:ruff-python-swallowed:109	BLE001:src/mcp_memory_service/storage/cloudflare.py:607:16:Do not catch blind exception: `Exception`	"{""end_byte"": null, ""end_line"": 607, ""owner"": null, ""path"": ""src/mcp_memory_service/storage/cloudflare.py"", ""start_byte"": null, ""start_line"": 607}"	P01975
human-python-3338367670-2869308081:ruff-python-swallowed:110	2	human-python-3338367670-2869308081:ruff-python-swallowed	natural:human-python-3338367670-2869308081:ruff-python-swallowed:110	BLE001:src/mcp_memory_service/storage/cloudflare.py:648:16:Do not catch blind exception: `Exception`	"{""end_byte"": null, ""end_line"": 648, ""owner"": null, ""path"": ""src/mcp_memory_service/storage/cloudflare.py"", ""start_byte"": null, ""start_line"": 648}"	P00979
human-python-3338367670-2869308081:ruff-python-swallowed:111	2	human-python-3338367670-2869308081:ruff-python-swallowed	natural:human-python-3338367670-2869308081:ruff-python-swallowed:111	BLE001:src/mcp_memory_service/storage/cloudflare.py:669:16:Do not catch blind exception: `Exception`	"{""end_byte"": null, ""end_line"": 669, ""owner"": null, ""path"": ""src/mcp_memory_service/storage/cloudflare.py"", ""start_byte"": null, ""start_line"": 669}"	P01657
human-python-3338367670-2869308081:ruff-python-swallowed:112	2	human-python-3338367670-2869308081:ruff-python-swallowed	natural:human-python-3338367670-2869308081:ruff-python-swallowed:112	BLE001:src/mcp_memory_service/storage/cloudflare.py:687:16:Do not catch blind exception: `Exception`	"{""end_byte"": null, ""end_line"": 687, ""owner"": null, ""path"": ""src/mcp_memory_service/storage/cloudflare.py"", ""start_byte"": null, ""start_line"": 687}"	P00957
human-python-3338367670-2869308081:ruff-python-swallowed:113	2	human-python-3338367670-2869308081:ruff-python-swallowed	natural:human-python-3338367670-2869308081:ruff-python-swallowed:113	BLE001:src/mcp_memory_service/storage/cloudflare.py:729:16:Do not catch blind exception: `Exception`	"{""end_byte"": null, ""end_line"": 729, ""owner"": null, ""path"": ""src/mcp_memory_service/storage/cloudflare.py"", ""start_byte"": null, ""start_line"": 729}"	P01799
human-python-3338367670-2869308081:ruff-python-swallowed:114	2	human-python-3338367670-2869308081:ruff-python-swallowed	natural:human-python-3338367670-2869308081:ruff-python-swallowed:114	BLE001:src/mcp_memory_service/storage/cloudflare.py:781:16:Do not catch blind exception: `Exception`	"{""end_byte"": null, ""end_line"": 781, ""owner"": null, ""path"": ""src/mcp_memory_service/storage/cloudflare.py"", ""start_byte"": null, ""start_line"": 781}"	P00296
human-python-3338367670-2869308081:ruff-python-swallowed:115	2	human-python-3338367670-2869308081:ruff-python-swallowed	natural:human-python-3338367670-2869308081:ruff-python-swallowed:115	BLE001:src/mcp_memory_service/storage/cloudflare.py:845:16:Do not catch blind exception: `Exception`	"{""end_byte"": null, ""end_line"": 845, ""owner"": null, ""path"": ""src/mcp_memory_service/storage/cloudflare.py"", ""start_byte"": null, ""start_line"": 845}"	P02125
human-python-3338367670-2869308081:ruff-python-swallowed:116	2	human-python-3338367670-2869308081:ruff-python-swallowed	natural:human-python-3338367670-2869308081:ruff-python-swallowed:116	BLE001:src/mcp_memory_service/storage/cloudflare.py:867:16:Do not catch blind exception: `Exception`	"{""end_byte"": null, ""end_line"": 867, ""owner"": null, ""path"": ""src/mcp_memory_service/storage/cloudflare.py"", ""start_byte"": null, ""start_line"": 867}"	P01538
human-python-3338367670-2869308081:ruff-python-swallowed:117	2	human-python-3338367670-2869308081:ruff-python-swallowed	natural:human-python-3338367670-2869308081:ruff-python-swallowed:117	BLE001:src/mcp_memory_service/storage/cloudflare.py:889:16:Do not catch blind exception: `Exception`	"{""end_byte"": null, ""end_line"": 889, ""owner"": null, ""path"": ""src/mcp_memory_service/storage/cloudflare.py"", ""start_byte"": null, ""start_line"": 889}"	P01851
human-python-3338367670-2869308081:ruff-python-swallowed:118	2	human-python-3338367670-2869308081:ruff-python-swallowed	natural:human-python-3338367670-2869308081:ruff-python-swallowed:118	BLE001:src/mcp_memory_service/storage/cloudflare.py:994:24:Do not catch blind exception: `Exception`	"{""end_byte"": null, ""end_line"": 994, ""owner"": null, ""path"": ""src/mcp_memory_service/storage/cloudflare.py"", ""start_byte"": null, ""start_line"": 994}"	P00392
human-python-3338367670-2869308081:ruff-python-swallowed:119	2	human-python-3338367670-2869308081:ruff-python-swallowed	natural:human-python-3338367670-2869308081:ruff-python-swallowed:119	BLE001:src/mcp_memory_service/storage/cloudflare.py:1034:16:Do not catch blind exception: `Exception`	"{""end_byte"": null, ""end_line"": 1034, ""owner"": null, ""path"": ""src/mcp_memory_service/storage/cloudflare.py"", ""start_byte"": null, ""start_line"": 1034}"	P00201
human-python-3338367670-2869308081:ruff-python-swallowed:120	2	human-python-3338367670-2869308081:ruff-python-swallowed	natural:human-python-3338367670-2869308081:ruff-python-swallowed:120	BLE001:src/mcp_memory_service/storage/cloudflare.py:1099:16:Do not catch blind exception: `Exception`	"{""end_byte"": null, ""end_line"": 1099, ""owner"": null, ""path"": ""src/mcp_memory_service/storage/cloudflare.py"", ""start_byte"": null, ""start_line"": 1099}"	P01228
human-python-3338367670-2869308081:ruff-python-swallowed:121	2	human-python-3338367670-2869308081:ruff-python-swallowed	natural:human-python-3338367670-2869308081:ruff-python-swallowed:121	BLE001:src/mcp_memory_service/storage/cloudflare.py:1134:16:Do not catch blind exception: `Exception`	"{""end_byte"": null, ""end_line"": 1134, ""owner"": null, ""path"": ""src/mcp_memory_service/storage/cloudflare.py"", ""start_byte"": null, ""start_line"": 1134}"	P00396
human-python-3338367670-2869308081:ruff-python-swallowed:122	2	human-python-3338367670-2869308081:ruff-python-swallowed	natural:human-python-3338367670-2869308081:ruff-python-swallowed:122	BLE001:src/mcp_memory_service/storage/http_client.py:97:16:Do not catch blind exception: `Exception`	"{""end_byte"": null, ""end_line"": 97, ""owner"": null, ""path"": ""src/mcp_memory_service/storage/http_client.py"", ""start_byte"": null, ""start_line"": 97}"	P00933
human-python-3338367670-2869308081:ruff-python-swallowed:123	2	human-python-3338367670-2869308081:ruff-python-swallowed	natural:human-python-3338367670-2869308081:ruff-python-swallowed:123	BLE001:src/mcp_memory_service/storage/http_client.py:138:16:Do not catch blind exception: `Exception`	"{""end_byte"": null, ""end_line"": 138, ""owner"": null, ""path"": ""src/mcp_memory_service/storage/http_client.py"", ""start_byte"": null, ""start_line"": 138}"	P01730
human-python-3338367670-2869308081:ruff-python-swallowed:124	2	human-python-3338367670-2869308081:ruff-python-swallowed	natural:human-python-3338367670-2869308081:ruff-python-swallowed:124	BLE001:src/mcp_memory_service/storage/http_client.py:186:16:Do not catch blind exception: `Exception`	"{""end_byte"": null, ""end_line"": 186, ""owner"": null, ""path"": ""src/mcp_memory_service/storage/http_client.py"", ""start_byte"": null, ""start_line"": 186}"	P00006
human-python-3338367670-2869308081:ruff-python-swallowed:125	2	human-python-3338367670-2869308081:ruff-python-swallowed	natural:human-python-3338367670-2869308081:ruff-python-swallowed:125	BLE001:src/mcp_memory_service/storage/http_client.py:227:16:Do not catch blind exception: `Exception`	"{""end_byte"": null, ""end_line"": 227, ""owner"": null, ""path"": ""src/mcp_memory_service/storage/http_client.py"", ""start_byte"": null, ""start_line"": 227}"	P00128
human-python-3338367670-2869308081:ruff-python-swallowed:126	2	human-python-3338367670-2869308081:ruff-python-swallowed	natural:human-python-3338367670-2869308081:ruff-python-swallowed:126	BLE001:src/mcp_memory_service/storage/http_client.py:251:16:Do not catch blind exception: `Exception`	"{""end_byte"": null, ""end_line"": 251, ""owner"": null, ""path"": ""src/mcp_memory_service/storage/http_client.py"", ""start_byte"": null, ""start_line"": 251}"	P00351
human-python-3338367670-2869308081:ruff-python-swallowed:127	2	human-python-3338367670-2869308081:ruff-python-swallowed	natural:human-python-3338367670-2869308081:ruff-python-swallowed:127	BLE001:src/mcp_memory_service/storage/http_client.py:316:16:Do not catch blind exception: `Exception`	"{""end_byte"": null, ""end_line"": 316, ""owner"": null, ""path"": ""src/mcp_memory_service/storage/http_client.py"", ""start_byte"": null, ""start_line"": 316}"	P00400
human-python-3338367670-2869308081:ruff-python-swallowed:128	2	human-python-3338367670-2869308081:ruff-python-swallowed	natural:human-python-3338367670-2869308081:ruff-python-swallowed:128	BLE001:src/mcp_memory_service/storage/sqlite_vec.py:180:16:Do not catch blind exception: `Exception`	"{""end_byte"": null, ""end_line"": 180, ""owner"": null, ""path"": ""src/mcp_memory_service/storage/sqlite_vec.py"", ""start_byte"": null, ""start_line"": 180}"	P00286
human-python-3338367670-2869308081:ruff-python-swallowed:129	2	human-python-3338367670-2869308081:ruff-python-swallowed	natural:human-python-3338367670-2869308081:ruff-python-swallowed:129	BLE001:src/mcp_memory_service/storage/sqlite_vec.py:260:20:Do not catch blind exception: `Exception`	"{""end_byte"": null, ""end_line"": 260, ""owner"": null, ""path"": ""src/mcp_memory_service/storage/sqlite_vec.py"", ""start_byte"": null, ""start_line"": 260}"	P00196
human-python-3338367670-2869308081:ruff-python-swallowed:130	2	human-python-3338367670-2869308081:ruff-python-swallowed	natural:human-python-3338367670-2869308081:ruff-python-swallowed:130	BLE001:src/mcp_memory_service/storage/sqlite_vec.py:362:16:Do not catch blind exception: `Exception`	"{""end_byte"": null, ""end_line"": 362, ""owner"": null, ""path"": ""src/mcp_memory_service/storage/sqlite_vec.py"", ""start_byte"": null, ""start_line"": 362}"	P01012
human-python-3338367670-2869308081:ruff-python-swallowed:131	2	human-python-3338367670-2869308081:ruff-python-swallowed	natural:human-python-3338367670-2869308081:ruff-python-swallowed:131	BLE001:src/mcp_memory_service/storage/sqlite_vec.py:401:24:Do not catch blind exception: `Exception`	"{""end_byte"": null, ""end_line"": 401, ""owner"": null, ""path"": ""src/mcp_memory_service/storage/sqlite_vec.py"", ""start_byte"": null, ""start_line"": 401}"	P00399
human-python-3338367670-2869308081:ruff-python-swallowed:132	2	human-python-3338367670-2869308081:ruff-python-swallowed	natural:human-python-3338367670-2869308081:ruff-python-swallowed:132	BLE001:src/mcp_memory_service/storage/sqlite_vec.py:450:20:Do not catch blind exception: `Exception`	"{""end_byte"": null, ""end_line"": 450, ""owner"": null, ""path"": ""src/mcp_memory_service/storage/sqlite_vec.py"", ""start_byte"": null, ""start_line"": 450}"	P01449
human-python-3338367670-2869308081:ruff-python-swallowed:133	2	human-python-3338367670-2869308081:ruff-python-swallowed	natural:human-python-3338367670-2869308081:ruff-python-swallowed:133	BLE001:src/mcp_memory_service/storage/sqlite_vec.py:465:16:Do not catch blind exception: `Exception`	"{""end_byte"": null, ""end_line"": 465, ""owner"": null, ""path"": ""src/mcp_memory_service/storage/sqlite_vec.py"", ""start_byte"": null, ""start_line"": 465}"	P00205
human-python-3338367670-2869308081:ruff-python-swallowed:134	2	human-python-3338367670-2869308081:ruff-python-swallowed	natural:human-python-3338367670-2869308081:ruff-python-swallowed:134	BLE001:src/mcp_memory_service/storage/sqlite_vec.py:524:20:Do not catch blind exception: `Exception`	"{""end_byte"": null, ""end_line"": 524, ""owner"": null, ""path"": ""src/mcp_memory_service/storage/sqlite_vec.py"", ""start_byte"": null, ""start_line"": 524}"	P01258
human-python-3338367670-2869308081:ruff-python-swallowed:135	2	human-python-3338367670-2869308081:ruff-python-swallowed	natural:human-python-3338367670-2869308081:ruff-python-swallowed:135	BLE001:src/mcp_memory_service/storage/sqlite_vec.py:583:16:Do not catch blind exception: `Exception`	"{""end_byte"": null, ""end_line"": 583, ""owner"": null, ""path"": ""src/mcp_memory_service/storage/sqlite_vec.py"", ""start_byte"": null, ""start_line"": 583}"	P00497
human-python-3338367670-2869308081:ruff-python-swallowed:136	2	human-python-3338367670-2869308081:ruff-python-swallowed	natural:human-python-3338367670-2869308081:ruff-python-swallowed:136	BLE001:src/mcp_memory_service/storage/sqlite_vec.py:603:20:Do not catch blind exception: `Exception`	"{""end_byte"": null, ""end_line"": 603, ""owner"": null, ""path"": ""src/mcp_memory_service/storage/sqlite_vec.py"", ""start_byte"": null, ""start_line"": 603}"	P00523
human-python-3338367670-2869308081:ruff-python-swallowed:137	2	human-python-3338367670-2869308081:ruff-python-swallowed	natural:human-python-3338367670-2869308081:ruff-python-swallowed:137	BLE001:src/mcp_memory_service/storage/sqlite_vec.py:678:24:Do not catch blind exception: `Exception`	"{""end_byte"": null, ""end_line"": 678, ""owner"": null, ""path"": ""src/mcp_memory_service/storage/sqlite_vec.py"", ""start_byte"": null, ""start_line"": 678}"	P00260
human-python-3338367670-2869308081:ruff-python-swallowed:138	2	human-python-3338367670-2869308081:ruff-python-swallowed	natural:human-python-3338367670-2869308081:ruff-python-swallowed:138	BLE001:src/mcp_memory_service/storage/sqlite_vec.py:685:16:Do not catch blind exception: `Exception`	"{""end_byte"": null, ""end_line"": 685, ""owner"": null, ""path"": ""src/mcp_memory_service/storage/sqlite_vec.py"", ""start_byte"": null, ""start_line"": 685}"	P01054
human-python-3338367670-2869308081:ruff-python-swallowed:139	2	human-python-3338367670-2869308081:ruff-python-swallowed	natural:human-python-3338367670-2869308081:ruff-python-swallowed:139	BLE001:src/mcp_memory_service/storage/sqlite_vec.py:736:24:Do not catch blind exception: `Exception`	"{""end_byte"": null, ""end_line"": 736, ""owner"": null, ""path"": ""src/mcp_memory_service/storage/sqlite_vec.py"", ""start_byte"": null, ""start_line"": 736}"	P00358
human-python-3338367670-2869308081:ruff-python-swallowed:140	2	human-python-3338367670-2869308081:ruff-python-swallowed	natural:human-python-3338367670-2869308081:ruff-python-swallowed:140	BLE001:src/mcp_memory_service/storage/sqlite_vec.py:743:16:Do not catch blind exception: `Exception`	"{""end_byte"": null, ""end_line"": 743, ""owner"": null, ""path"": ""src/mcp_memory_service/storage/sqlite_vec.py"", ""start_byte"": null, ""start_line"": 743}"	P01085
human-python-3338367670-2869308081:ruff-python-swallowed:141	2	human-python-3338367670-2869308081:ruff-python-swallowed	natural:human-python-3338367670-2869308081:ruff-python-swallowed:141	BLE001:src/mcp_memory_service/storage/sqlite_vec.py:798:24:Do not catch blind exception: `Exception`	"{""end_byte"": null, ""end_line"": 798, ""owner"": null, ""path"": ""src/mcp_memory_service/storage/sqlite_vec.py"", ""start_byte"": null, ""start_line"": 798}"	P01525
human-python-3338367670-2869308081:ruff-python-swallowed:142	2	human-python-3338367670-2869308081:ruff-python-swallowed	natural:human-python-3338367670-2869308081:ruff-python-swallowed:142	BLE001:src/mcp_memory_service/storage/sqlite_vec.py:805:16:Do not catch blind exception: `Exception`	"{""end_byte"": null, ""end_line"": 805, ""owner"": null, ""path"": ""src/mcp_memory_service/storage/sqlite_vec.py"", ""start_byte"": null, ""start_line"": 805}"	P01894
human-python-3338367670-2869308081:ruff-python-swallowed:143	2	human-python-3338367670-2869308081:ruff-python-swallowed	natural:human-python-3338367670-2869308081:ruff-python-swallowed:143	BLE001:src/mcp_memory_service/storage/sqlite_vec.py:875:24:Do not catch blind exception: `Exception`	"{""end_byte"": null, ""end_line"": 875, ""owner"": null, ""path"": ""src/mcp_memory_service/storage/sqlite_vec.py"", ""start_byte"": null, ""start_line"": 875}"	P00641
human-python-3338367670-2869308081:ruff-python-swallowed:144	2	human-python-3338367670-2869308081:ruff-python-swallowed	natural:human-python-3338367670-2869308081:ruff-python-swallowed:144	BLE001:src/mcp_memory_service/storage/sqlite_vec.py:882:16:Do not catch blind exception: `Exception`	"{""end_byte"": null, ""end_line"": 882, ""owner"": null, ""path"": ""src/mcp_memory_service/storage/sqlite_vec.py"", ""start_byte"": null, ""start_line"": 882}"	P01412
human-python-3338367670-2869308081:ruff-python-swallowed:145	2	human-python-3338367670-2869308081:ruff-python-swallowed	natural:human-python-3338367670-2869308081:ruff-python-swallowed:145	BLE001:src/mcp_memory_service/storage/sqlite_vec.py:912:16:Do not catch blind exception: `Exception`	"{""end_byte"": null, ""end_line"": 912, ""owner"": null, ""path"": ""src/mcp_memory_service/storage/sqlite_vec.py"", ""start_byte"": null, ""start_line"": 912}"	P00982
human-python-3338367670-2869308081:ruff-python-swallowed:146	2	human-python-3338367670-2869308081:ruff-python-swallowed	natural:human-python-3338367670-2869308081:ruff-python-swallowed:146	BLE001:src/mcp_memory_service/storage/sqlite_vec.py:954:16:Do not catch blind exception: `Exception`	"{""end_byte"": null, ""end_line"": 954, ""owner"": null, ""path"": ""src/mcp_memory_service/storage/sqlite_vec.py"", ""start_byte"": null, ""start_line"": 954}"	P00626
human-python-3338367670-2869308081:ruff-python-swallowed:147	2	human-python-3338367670-2869308081:ruff-python-swallowed	natural:human-python-3338367670-2869308081:ruff-python-swallowed:147	BLE001:src/mcp_memory_service/storage/sqlite_vec.py:983:16:Do not catch blind exception: `Exception`	"{""end_byte"": null, ""end_line"": 983, ""owner"": null, ""path"": ""src/mcp_memory_service/storage/sqlite_vec.py"", ""start_byte"": null, ""start_line"": 983}"	P00104
human-python-3338367670-2869308081:ruff-python-swallowed:148	2	human-python-3338367670-2869308081:ruff-python-swallowed	natural:human-python-3338367670-2869308081:ruff-python-swallowed:148	BLE001:src/mcp_memory_service/storage/sqlite_vec.py:1013:16:Do not catch blind exception: `Exception`	"{""end_byte"": null, ""end_line"": 1013, ""owner"": null, ""path"": ""src/mcp_memory_service/storage/sqlite_vec.py"", ""start_byte"": null, ""start_line"": 1013}"	P02157
human-python-3338367670-2869308081:ruff-python-swallowed:149	2	human-python-3338367670-2869308081:ruff-python-swallowed	natural:human-python-3338367670-2869308081:ruff-python-swallowed:149	BLE001:src/mcp_memory_service/storage/sqlite_vec.py:1113:16:Do not catch blind exception: `Exception`	"{""end_byte"": null, ""end_line"": 1113, ""owner"": null, ""path"": ""src/mcp_memory_service/storage/sqlite_vec.py"", ""start_byte"": null, ""start_line"": 1113}"	P01164
human-python-3338367670-2869308081:ruff-python-swallowed:150	2	human-python-3338367670-2869308081:ruff-python-swallowed	natural:human-python-3338367670-2869308081:ruff-python-swallowed:150	BLE001:src/mcp_memory_service/storage/sqlite_vec.py:1164:16:Do not catch blind exception: `Exception`	"{""end_byte"": null, ""end_line"": 1164, ""owner"": null, ""path"": ""src/mcp_memory_service/storage/sqlite_vec.py"", ""start_byte"": null, ""start_line"": 1164}"	P00356
human-python-3338367670-2869308081:ruff-python-swallowed:151	2	human-python-3338367670-2869308081:ruff-python-swallowed	natural:human-python-3338367670-2869308081:ruff-python-swallowed:151	BLE001:src/mcp_memory_service/storage/sqlite_vec.py:1287:32:Do not catch blind exception: `Exception`	"{""end_byte"": null, ""end_line"": 1287, ""owner"": null, ""path"": ""src/mcp_memory_service/storage/sqlite_vec.py"", ""start_byte"": null, ""start_line"": 1287}"	P01493
human-python-3338367670-2869308081:ruff-python-swallowed:152	2	human-python-3338367670-2869308081:ruff-python-swallowed	natural:human-python-3338367670-2869308081:ruff-python-swallowed:152	BLE001:src/mcp_memory_service/storage/sqlite_vec.py:1294:24:Do not catch blind exception: `Exception`	"{""end_byte"": null, ""end_line"": 1294, ""owner"": null, ""path"": ""src/mcp_memory_service/storage/sqlite_vec.py"", ""start_byte"": null, ""start_line"": 1294}"	P00425
human-python-3338367670-2869308081:ruff-python-swallowed:153	2	human-python-3338367670-2869308081:ruff-python-swallowed	natural:human-python-3338367670-2869308081:ruff-python-swallowed:153	BLE001:src/mcp_memory_service/storage/sqlite_vec.py:1345:24:Do not catch blind exception: `Exception`	"{""end_byte"": null, ""end_line"": 1345, ""owner"": null, ""path"": ""src/mcp_memory_service/storage/sqlite_vec.py"", ""start_byte"": null, ""start_line"": 1345}"	P01850
human-python-3338367670-2869308081:ruff-python-swallowed:154	2	human-python-3338367670-2869308081:ruff-python-swallowed	natural:human-python-3338367670-2869308081:ruff-python-swallowed:154	BLE001:src/mcp_memory_service/storage/sqlite_vec.py:1352:16:Do not catch blind exception: `Exception`	"{""end_byte"": null, ""end_line"": 1352, ""owner"": null, ""path"": ""src/mcp_memory_service/storage/sqlite_vec.py"", ""start_byte"": null, ""start_line"": 1352}"	P01776
human-python-3338367670-2869308081:ruff-python-swallowed:155	2	human-python-3338367670-2869308081:ruff-python-swallowed	natural:human-python-3338367670-2869308081:ruff-python-swallowed:155	BLE001:src/mcp_memory_service/storage/sqlite_vec.py:1400:24:Do not catch blind exception: `Exception`	"{""end_byte"": null, ""end_line"": 1400, ""owner"": null, ""path"": ""src/mcp_memory_service/storage/sqlite_vec.py"", ""start_byte"": null, ""start_line"": 1400}"	P01177
human-python-3338367670-2869308081:ruff-python-swallowed:156	2	human-python-3338367670-2869308081:ruff-python-swallowed	natural:human-python-3338367670-2869308081:ruff-python-swallowed:156	BLE001:src/mcp_memory_service/storage/sqlite_vec.py:1407:16:Do not catch blind exception: `Exception`	"{""end_byte"": null, ""end_line"": 1407, ""owner"": null, ""path"": ""src/mcp_memory_service/storage/sqlite_vec.py"", ""start_byte"": null, ""start_line"": 1407}"	P00409
human-python-3338367670-2869308081:ruff-python-swallowed:157	2	human-python-3338367670-2869308081:ruff-python-swallowed	natural:human-python-3338367670-2869308081:ruff-python-swallowed:157	BLE001:src/mcp_memory_service/storage/sqlite_vec.py:1447:24:Do not catch blind exception: `Exception`	"{""end_byte"": null, ""end_line"": 1447, ""owner"": null, ""path"": ""src/mcp_memory_service/storage/sqlite_vec.py"", ""start_byte"": null, ""start_line"": 1447}"	P01511
human-python-3338367670-2869308081:ruff-python-swallowed:158	2	human-python-3338367670-2869308081:ruff-python-swallowed	natural:human-python-3338367670-2869308081:ruff-python-swallowed:158	BLE001:src/mcp_memory_service/storage/sqlite_vec.py:1454:16:Do not catch blind exception: `Exception`	"{""end_byte"": null, ""end_line"": 1454, ""owner"": null, ""path"": ""src/mcp_memory_service/storage/sqlite_vec.py"", ""start_byte"": null, ""start_line"": 1454}"	P01041
human-python-3338367670-2869308081:ruff-python-swallowed:159	2	human-python-3338367670-2869308081:ruff-python-swallowed	natural:human-python-3338367670-2869308081:ruff-python-swallowed:159	BLE001:src/mcp_memory_service/storage/sqlite_vec.py:1480:16:Do not catch blind exception: `Exception`	"{""end_byte"": null, ""end_line"": 1480, ""owner"": null, ""path"": ""src/mcp_memory_service/storage/sqlite_vec.py"", ""start_byte"": null, ""start_line"": 1480}"	P01068
human-python-3338367670-2869308081:ruff-python-swallowed:160	2	human-python-3338367670-2869308081:ruff-python-swallowed	natural:human-python-3338367670-2869308081:ruff-python-swallowed:160	BLE001:src/mcp_memory_service/storage/sqlite_vec.py:1502:24:Do not catch blind exception: `Exception`	"{""end_byte"": null, ""end_line"": 1502, ""owner"": null, ""path"": ""src/mcp_memory_service/storage/sqlite_vec.py"", ""start_byte"": null, ""start_line"": 1502}"	P01771
human-python-3338367670-2869308081:ruff-python-swallowed:161	2	human-python-3338367670-2869308081:ruff-python-swallowed	natural:human-python-3338367670-2869308081:ruff-python-swallowed:161	BLE001:src/mcp_memory_service/storage/sqlite_vec.py:1508:16:Do not catch blind exception: `Exception`	"{""end_byte"": null, ""end_line"": 1508, ""owner"": null, ""path"": ""src/mcp_memory_service/storage/sqlite_vec.py"", ""start_byte"": null, ""start_line"": 1508}"	P01069
human-python-3338367670-2869308081:ruff-python-swallowed:162	2	human-python-3338367670-2869308081:ruff-python-swallowed	natural:human-python-3338367670-2869308081:ruff-python-swallowed:162	BLE001:src/mcp_memory_service/storage/sqlite_vec.py:1535:16:Do not catch blind exception: `Exception`	"{""end_byte"": null, ""end_line"": 1535, ""owner"": null, ""path"": ""src/mcp_memory_service/storage/sqlite_vec.py"", ""start_byte"": null, ""start_line"": 1535}"	P00634
human-python-3338367670-2869308081:ruff-python-swallowed:163	2	human-python-3338367670-2869308081:ruff-python-swallowed	natural:human-python-3338367670-2869308081:ruff-python-swallowed:163	BLE001:src/mcp_memory_service/storage/sqlite_vec.py:1600:16:Do not catch blind exception: `Exception`	"{""end_byte"": null, ""end_line"": 1600, ""owner"": null, ""path"": ""src/mcp_memory_service/storage/sqlite_vec.py"", ""start_byte"": null, ""start_line"": 1600}"	P00023
human-python-3338367670-2869308081:ruff-python-swallowed:164	2	human-python-3338367670-2869308081:ruff-python-swallowed	natural:human-python-3338367670-2869308081:ruff-python-swallowed:164	BLE001:src/mcp_memory_service/storage/sqlite_vec.py:1637:16:Do not catch blind exception: `Exception`	"{""end_byte"": null, ""end_line"": 1637, ""owner"": null, ""path"": ""src/mcp_memory_service/storage/sqlite_vec.py"", ""start_byte"": null, ""start_line"": 1637}"	P01257
human-python-3338367670-2869308081:ruff-python-swallowed:165	2	human-python-3338367670-2869308081:ruff-python-swallowed	natural:human-python-3338367670-2869308081:ruff-python-swallowed:165	BLE001:src/mcp_memory_service/web/api/events.py:89:12:Do not catch blind exception: `Exception`	"{""end_byte"": null, ""end_line"": 89, ""owner"": null, ""path"": ""src/mcp_memory_service/web/api/events.py"", ""start_byte"": null, ""start_line"": 89}"	P00733
human-python-3338367670-2869308081:ruff-python-swallowed:166	2	human-python-3338367670-2869308081:ruff-python-swallowed	natural:human-python-3338367670-2869308081:ruff-python-swallowed:166	BLE001:src/mcp_memory_service/web/api/health.py:122:16:Do not catch blind exception: `Exception`	"{""end_byte"": null, ""end_line"": 122, ""owner"": null, ""path"": ""src/mcp_memory_service/web/api/health.py"", ""start_byte"": null, ""start_line"": 122}"	P01699
human-python-3338367670-2869308081:ruff-python-swallowed:167	2	human-python-3338367670-2869308081:ruff-python-swallowed	natural:human-python-3338367670-2869308081:ruff-python-swallowed:167	BLE001:src/mcp_memory_service/web/api/health.py:126:12:Do not catch blind exception: `Exception`	"{""end_byte"": null, ""end_line"": 126, ""owner"": null, ""path"": ""src/mcp_memory_service/web/api/health.py"", ""start_byte"": null, ""start_line"": 126}"	P01626
human-python-3338367670-2869308081:ruff-python-swallowed:168	2	human-python-3338367670-2869308081:ruff-python-swallowed	natural:human-python-3338367670-2869308081:ruff-python-swallowed:168	BLE001:src/mcp_memory_service/web/api/mcp.py:193:12:Do not catch blind exception: `Exception`	"{""end_byte"": null, ""end_line"": 193, ""owner"": null, ""path"": ""src/mcp_memory_service/web/api/mcp.py"", ""start_byte"": null, ""start_line"": 193}"	P00251
human-python-3338367670-2869308081:ruff-python-swallowed:169	2	human-python-3338367670-2869308081:ruff-python-swallowed	natural:human-python-3338367670-2869308081:ruff-python-swallowed:169	BLE001:src/mcp_memory_service/web/api/memories.py:200:20:Do not catch blind exception: `Exception`	"{""end_byte"": null, ""end_line"": 200, ""owner"": null, ""path"": ""src/mcp_memory_service/web/api/memories.py"", ""start_byte"": null, ""start_line"": 200}"	P01741
human-python-3338367670-2869308081:ruff-python-swallowed:170	2	human-python-3338367670-2869308081:ruff-python-swallowed	natural:human-python-3338367670-2869308081:ruff-python-swallowed:170	BLE001:src/mcp_memory_service/web/api/memories.py:217:12:Do not catch blind exception: `Exception`	"{""end_byte"": null, ""end_line"": 217, ""owner"": null, ""path"": ""src/mcp_memory_service/web/api/memories.py"", ""start_byte"": null, ""start_line"": 217}"	P00075
human-python-3338367670-2869308081:ruff-python-swallowed:171	2	human-python-3338367670-2869308081:ruff-python-swallowed	natural:human-python-3338367670-2869308081:ruff-python-swallowed:171	BLE001:src/mcp_memory_service/web/api/memories.py:277:12:Do not catch blind exception: `Exception`	"{""end_byte"": null, ""end_line"": 277, ""owner"": null, ""path"": ""src/mcp_memory_service/web/api/memories.py"", ""start_byte"": null, ""start_line"": 277}"	P01671
human-python-3338367670-2869308081:ruff-python-swallowed:172	2	human-python-3338367670-2869308081:ruff-python-swallowed	natural:human-python-3338367670-2869308081:ruff-python-swallowed:172	BLE001:src/mcp_memory_service/web/api/memories.py:303:12:Do not catch blind exception: `Exception`	"{""end_byte"": null, ""end_line"": 303, ""owner"": null, ""path"": ""src/mcp_memory_service/web/api/memories.py"", ""start_byte"": null, ""start_line"": 303}"	P00016
human-python-3338367670-2869308081:ruff-python-swallowed:173	2	human-python-3338367670-2869308081:ruff-python-swallowed	natural:human-python-3338367670-2869308081:ruff-python-swallowed:173	BLE001:src/mcp_memory_service/web/api/memories.py:325:16:Do not catch blind exception: `Exception`	"{""end_byte"": null, ""end_line"": 325, ""owner"": null, ""path"": ""src/mcp_memory_service/web/api/memories.py"", ""start_byte"": null, ""start_line"": 325}"	P00903
human-python-3338367670-2869308081:ruff-python-swallowed:174	2	human-python-3338367670-2869308081:ruff-python-swallowed	natural:human-python-3338367670-2869308081:ruff-python-swallowed:174	BLE001:src/mcp_memory_service/web/api/memories.py:335:12:Do not catch blind exception: `Exception`	"{""end_byte"": null, ""end_line"": 335, ""owner"": null, ""path"": ""src/mcp_memory_service/web/api/memories.py"", ""start_byte"": null, ""start_line"": 335}"	P02087
human-python-3338367670-2869308081:ruff-python-swallowed:175	2	human-python-3338367670-2869308081:ruff-python-swallowed	natural:human-python-3338367670-2869308081:ruff-python-swallowed:175	BLE001:src/mcp_memory_service/web/api/memories.py:403:12:Do not catch blind exception: `Exception`	"{""end_byte"": null, ""end_line"": 403, ""owner"": null, ""path"": ""src/mcp_memory_service/web/api/memories.py"", ""start_byte"": null, ""start_line"": 403}"	P00657
human-python-3338367670-2869308081:ruff-python-swallowed:176	2	human-python-3338367670-2869308081:ruff-python-swallowed	natural:human-python-3338367670-2869308081:ruff-python-swallowed:176	BLE001:src/mcp_memory_service/web/api/memories.py:430:12:Do not catch blind exception: `Exception`	"{""end_byte"": null, ""end_line"": 430, ""owner"": null, ""path"": ""src/mcp_memory_service/web/api/memories.py"", ""start_byte"": null, ""start_line"": 430}"	P00953
human-python-3338367670-2869308081:ruff-python-swallowed:177	2	human-python-3338367670-2869308081:ruff-python-swallowed	natural:human-python-3338367670-2869308081:ruff-python-swallowed:177	BLE001:src/mcp_memory_service/web/api/search.py:148:16:Do not catch blind exception: `Exception`	"{""end_byte"": null, ""end_line"": 148, ""owner"": null, ""path"": ""src/mcp_memory_service/web/api/search.py"", ""start_byte"": null, ""start_line"": 148}"	P00859
human-python-3338367670-2869308081:ruff-python-swallowed:178	2	human-python-3338367670-2869308081:ruff-python-swallowed	natural:human-python-3338367670-2869308081:ruff-python-swallowed:178	BLE001:src/mcp_memory_service/web/api/search.py:159:12:Do not catch blind exception: `Exception`	"{""end_byte"": null, ""end_line"": 159, ""owner"": null, ""path"": ""src/mcp_memory_service/web/api/search.py"", ""start_byte"": null, ""start_line"": 159}"	P01942
human-python-3338367670-2869308081:ruff-python-swallowed:179	2	human-python-3338367670-2869308081:ruff-python-swallowed	natural:human-python-3338367670-2869308081:ruff-python-swallowed:179	BLE001:src/mcp_memory_service/web/api/search.py:217:16:Do not catch blind exception: `Exception`	"{""end_byte"": null, ""end_line"": 217, ""owner"": null, ""path"": ""src/mcp_memory_service/web/api/search.py"", ""start_byte"": null, ""start_line"": 217}"	P01782
human-python-3338367670-2869308081:ruff-python-swallowed:180	2	human-python-3338367670-2869308081:ruff-python-swallowed	natural:human-python-3338367670-2869308081:ruff-python-swallowed:180	BLE001:src/mcp_memory_service/web/api/search.py:230:12:Do not catch blind exception: `Exception`	"{""end_byte"": null, ""end_line"": 230, ""owner"": null, ""path"": ""src/mcp_memory_service/web/api/search.py"", ""start_byte"": null, ""start_line"": 230}"	P02133
human-python-3338367670-2869308081:ruff-python-swallowed:181	2	human-python-3338367670-2869308081:ruff-python-swallowed	natural:human-python-3338367670-2869308081:ruff-python-swallowed:181	BLE001:src/mcp_memory_service/web/api/search.py:299:12:Do not catch blind exception: `Exception`	"{""end_byte"": null, ""end_line"": 299, ""owner"": null, ""path"": ""src/mcp_memory_service/web/api/search.py"", ""start_byte"": null, ""start_line"": 299}"	P01341
human-python-3338367670-2869308081:ruff-python-swallowed:182	2	human-python-3338367670-2869308081:ruff-python-swallowed	natural:human-python-3338367670-2869308081:ruff-python-swallowed:182	BLE001:src/mcp_memory_service/web/api/search.py:359:12:Do not catch blind exception: `Exception`	"{""end_byte"": null, ""end_line"": 359, ""owner"": null, ""path"": ""src/mcp_memory_service/web/api/search.py"", ""start_byte"": null, ""start_line"": 359}"	P01809
human-python-3338367670-2869308081:ruff-python-swallowed:183	2	human-python-3338367670-2869308081:ruff-python-swallowed	natural:human-python-3338367670-2869308081:ruff-python-swallowed:183	BLE001:src/mcp_memory_service/web/app.py:81:16:Do not catch blind exception: `Exception`	"{""end_byte"": null, ""end_line"": 81, ""owner"": null, ""path"": ""src/mcp_memory_service/web/app.py"", ""start_byte"": null, ""start_line"": 81}"	P00591
human-python-3338367670-2869308081:ruff-python-swallowed:184	2	human-python-3338367670-2869308081:ruff-python-swallowed	natural:human-python-3338367670-2869308081:ruff-python-swallowed:184	BLE001:src/mcp_memory_service/web/app.py:129:20:Do not catch blind exception: `Exception`	"{""end_byte"": null, ""end_line"": 129, ""owner"": null, ""path"": ""src/mcp_memory_service/web/app.py"", ""start_byte"": null, ""start_line"": 129}"	P00063
human-python-3338367670-2869308081:ruff-python-swallowed:185	2	human-python-3338367670-2869308081:ruff-python-swallowed	natural:human-python-3338367670-2869308081:ruff-python-swallowed:185	BLE001:src/mcp_memory_service/web/app.py:149:16:Do not catch blind exception: `Exception`	"{""end_byte"": null, ""end_line"": 149, ""owner"": null, ""path"": ""src/mcp_memory_service/web/app.py"", ""start_byte"": null, ""start_line"": 149}"	P00974
human-python-3338367670-2869308081:ruff-python-swallowed:186	2	human-python-3338367670-2869308081:ruff-python-swallowed	natural:human-python-3338367670-2869308081:ruff-python-swallowed:186	BLE001:src/mcp_memory_service/web/app.py:160:16:Do not catch blind exception: `Exception`	"{""end_byte"": null, ""end_line"": 160, ""owner"": null, ""path"": ""src/mcp_memory_service/web/app.py"", ""start_byte"": null, ""start_line"": 160}"	P01670
human-python-3338367670-2869308081:ruff-python-swallowed:187	2	human-python-3338367670-2869308081:ruff-python-swallowed	natural:human-python-3338367670-2869308081:ruff-python-swallowed:187	BLE001:src/mcp_memory_service/web/app.py:785:16:Do not catch blind exception: `Exception`	"{""end_byte"": null, ""end_line"": 785, ""owner"": null, ""path"": ""src/mcp_memory_service/web/app.py"", ""start_byte"": null, ""start_line"": 785}"	P01794
human-python-3338367670-2869308081:ruff-python-swallowed:188	2	human-python-3338367670-2869308081:ruff-python-swallowed	natural:human-python-3338367670-2869308081:ruff-python-swallowed:188	S110:src/mcp_memory_service/web/sse.py:133:13:`try`-`except`-`pass` detected, consider logging the exception	"{""end_byte"": null, ""end_line"": 133, ""owner"": null, ""path"": ""src/mcp_memory_service/web/sse.py"", ""start_byte"": null, ""start_line"": 133}"	P01329
human-python-3338367670-2869308081:ruff-python-swallowed:189	2	human-python-3338367670-2869308081:ruff-python-swallowed	natural:human-python-3338367670-2869308081:ruff-python-swallowed:189	BLE001:src/mcp_memory_service/web/sse.py:160:24:Do not catch blind exception: `Exception`	"{""end_byte"": null, ""end_line"": 160, ""owner"": null, ""path"": ""src/mcp_memory_service/web/sse.py"", ""start_byte"": null, ""start_line"": 160}"	P00195
human-python-3338367670-2869308081:ruff-python-swallowed:190	2	human-python-3338367670-2869308081:ruff-python-swallowed	natural:human-python-3338367670-2869308081:ruff-python-swallowed:190	BLE001:src/mcp_memory_service/web/sse.py:193:20:Do not catch blind exception: `Exception`	"{""end_byte"": null, ""end_line"": 193, ""owner"": null, ""path"": ""src/mcp_memory_service/web/sse.py"", ""start_byte"": null, ""start_line"": 193}"	P01317
human-python-3338367670-2869308081:ruff-python-swallowed:191	2	human-python-3338367670-2869308081:ruff-python-swallowed	natural:human-python-3338367670-2869308081:ruff-python-swallowed:191	BLE001:src/mcp_memory_service/web/sse.py:268:16:Do not catch blind exception: `Exception`	"{""end_byte"": null, ""end_line"": 268, ""owner"": null, ""path"": ""src/mcp_memory_service/web/sse.py"", ""start_byte"": null, ""start_line"": 268}"	P01100
agent-python-3311111058:shipped-escapes:1	2	agent-python-3311111058:shipped-escapes	natural:agent-python-3311111058:shipped-escapes:1	89258ceaabd1bb1d	"{""end_byte"": null, ""end_line"": 52, ""owner"": null, ""path"": ""src/sqlfluff/utils/reflow/respace.py"", ""start_byte"": null, ""start_line"": 52}"	P01702
agent-python-3311111058:shipped-escapes:2	2	agent-python-3311111058:shipped-escapes	natural:agent-python-3311111058:shipped-escapes:2	0dc505bf5ff6af36	"{""end_byte"": null, ""end_line"": 58, ""owner"": null, ""path"": ""src/sqlfluff/utils/reflow/respace.py"", ""start_byte"": null, ""start_line"": 58}"	P00963
agent-python-3311111058:shipped-escapes:3	2	agent-python-3311111058:shipped-escapes	natural:agent-python-3311111058:shipped-escapes:3	ffbf0ad63cc27cba	"{""end_byte"": null, ""end_line"": 335, ""owner"": null, ""path"": ""src/sqlfluff/utils/reflow/respace.py"", ""start_byte"": null, ""start_line"": 335}"	P01094
agent-python-3311111058:shipped-escapes:4	2	agent-python-3311111058:shipped-escapes	natural:agent-python-3311111058:shipped-escapes:4	a794c9ba375d33b6	"{""end_byte"": null, ""end_line"": 356, ""owner"": null, ""path"": ""src/sqlfluff/utils/reflow/respace.py"", ""start_byte"": null, ""start_line"": 356}"	P00582
agent-python-3311111058:shipped-escapes:5	2	agent-python-3311111058:shipped-escapes	natural:agent-python-3311111058:shipped-escapes:5	ad543da245ae7411	"{""end_byte"": null, ""end_line"": 444, ""owner"": null, ""path"": ""src/sqlfluff/utils/reflow/respace.py"", ""start_byte"": null, ""start_line"": 444}"	P00345
agent-python-3311111058:shipped-escapes:6	2	agent-python-3311111058:shipped-escapes	natural:agent-python-3311111058:shipped-escapes:6	687537e7d89c6942	"{""end_byte"": null, ""end_line"": 446, ""owner"": null, ""path"": ""src/sqlfluff/utils/reflow/respace.py"", ""start_byte"": null, ""start_line"": 446}"	P01230
agent-python-3311111058:shipped-test-skip:1	2	agent-python-3311111058:shipped-test-skip	natural:agent-python-3311111058:shipped-test-skip:1	89258ceaabd1bb1d	"{""end_byte"": null, ""end_line"": 52, ""owner"": null, ""path"": ""src/sqlfluff/utils/reflow/respace.py"", ""start_byte"": null, ""start_line"": 52}"	P00346
agent-python-3311111058:shipped-test-skip:2	2	agent-python-3311111058:shipped-test-skip	natural:agent-python-3311111058:shipped-test-skip:2	0dc505bf5ff6af36	"{""end_byte"": null, ""end_line"": 58, ""owner"": null, ""path"": ""src/sqlfluff/utils/reflow/respace.py"", ""start_byte"": null, ""start_line"": 58}"	P01887
agent-python-3311111058:shipped-test-skip:3	2	agent-python-3311111058:shipped-test-skip	natural:agent-python-3311111058:shipped-test-skip:3	ffbf0ad63cc27cba	"{""end_byte"": null, ""end_line"": 335, ""owner"": null, ""path"": ""src/sqlfluff/utils/reflow/respace.py"", ""start_byte"": null, ""start_line"": 335}"	P00109
agent-python-3311111058:shipped-test-skip:4	2	agent-python-3311111058:shipped-test-skip	natural:agent-python-3311111058:shipped-test-skip:4	a794c9ba375d33b6	"{""end_byte"": null, ""end_line"": 356, ""owner"": null, ""path"": ""src/sqlfluff/utils/reflow/respace.py"", ""start_byte"": null, ""start_line"": 356}"	P01717
agent-python-3311111058:shipped-test-skip:5	2	agent-python-3311111058:shipped-test-skip	natural:agent-python-3311111058:shipped-test-skip:5	ad543da245ae7411	"{""end_byte"": null, ""end_line"": 444, ""owner"": null, ""path"": ""src/sqlfluff/utils/reflow/respace.py"", ""start_byte"": null, ""start_line"": 444}"	P00944
agent-python-3311111058:shipped-test-skip:6	2	agent-python-3311111058:shipped-test-skip	natural:agent-python-3311111058:shipped-test-skip:6	687537e7d89c6942	"{""end_byte"": null, ""end_line"": 446, ""owner"": null, ""path"": ""src/sqlfluff/utils/reflow/respace.py"", ""start_byte"": null, ""start_line"": 446}"	P01974
human-python-3311111058-2700121316:new-direct-dependency:1	2	human-python-3311111058-2700121316:new-direct-dependency	natural:human-python-3311111058-2700121316:new-direct-dependency:1	pypi:tomli	"{""end_byte"": null, ""end_line"": null, ""owner"": null, ""path"": ""pyproject.toml"", ""start_byte"": null, ""start_line"": null}"	P01901
agent-python-3199112507:ruff-python-swallowed:1	2	agent-python-3199112507:ruff-python-swallowed	natural:agent-python-3199112507:ruff-python-swallowed:1	BLE001:ddns/provider/noip.py:113:16:Do not catch blind exception: `Exception`	"{""end_byte"": null, ""end_line"": 113, ""owner"": null, ""path"": ""ddns/provider/noip.py"", ""start_byte"": null, ""start_line"": 113}"	P00027
human-python-3199112507-2559529133:error-broad-handler:1	2	human-python-3199112507-2559529133:error-broad-handler	natural:human-python-3199112507-2559529133:error-broad-handler:1	broad-handler:other:util/config.py:128	"{""end_byte"": null, ""end_line"": 128, ""owner"": null, ""path"": ""util/config.py"", ""start_byte"": null, ""start_line"": 128}"	P01982
human-python-3199112507-2559529133:ruff-python-injection:1	2	human-python-3199112507-2559529133:ruff-python-injection	natural:human-python-3199112507-2559529133:ruff-python-injection:1	S602:run.py:63:25:`subprocess` call with `shell=True` identified, security issue	"{""end_byte"": null, ""end_line"": 63, ""owner"": null, ""path"": ""run.py"", ""start_byte"": null, ""start_line"": 63}"	P00097
human-python-3199112507-2559529133:ruff-python-swallowed:1	2	human-python-3199112507-2559529133:ruff-python-swallowed	natural:human-python-3199112507-2559529133:ruff-python-swallowed:1	BLE001:run.py:71:12:Do not catch blind exception: `Exception`	"{""end_byte"": null, ""end_line"": 71, ""owner"": null, ""path"": ""run.py"", ""start_byte"": null, ""start_line"": 71}"	P01767
human-python-3199112507-2559529133:ruff-python-swallowed:2	2	human-python-3199112507-2559529133:ruff-python-swallowed	natural:human-python-3199112507-2559529133:ruff-python-swallowed:2	BLE001:run.py:86:16:Do not catch blind exception: `Exception`	"{""end_byte"": null, ""end_line"": 86, ""owner"": null, ""path"": ""run.py"", ""start_byte"": null, ""start_line"": 86}"	P01174
human-python-3199112507-2559529133:ruff-python-swallowed:3	2	human-python-3199112507-2559529133:ruff-python-swallowed	natural:human-python-3199112507-2559529133:ruff-python-swallowed:3	BLE001:util/config.py:128:12:Do not catch blind exception: `Exception`	"{""end_byte"": null, ""end_line"": 128, ""owner"": null, ""path"": ""util/config.py"", ""start_byte"": null, ""start_line"": 128}"	P01156
agent-python-3140874272:shipped-escapes:1	2	agent-python-3140874272:shipped-escapes	natural:agent-python-3140874272:shipped-escapes:1	fea99eea32b4646e	"{""end_byte"": null, ""end_line"": 207, ""owner"": null, ""path"": ""airbyte/mcp/__init__.py"", ""start_byte"": null, ""start_line"": 207}"	P01035
agent-python-3140874272:shipped-test-skip:1	2	agent-python-3140874272:shipped-test-skip	natural:agent-python-3140874272:shipped-test-skip:1	fea99eea32b4646e	"{""end_byte"": null, ""end_line"": 207, ""owner"": null, ""path"": ""airbyte/mcp/__init__.py"", ""start_byte"": null, ""start_line"": 207}"	P01927
human-python-3140874272-2660224921:ruff-python-swallowed:1	2	human-python-3140874272-2660224921:ruff-python-swallowed	natural:human-python-3140874272-2660224921:ruff-python-swallowed:1	BLE001:airbyte/sources/registry.py:127:16:Do not catch blind exception: `Exception`	"{""end_byte"": null, ""end_line"": 127, ""owner"": null, ""path"": ""airbyte/sources/registry.py"", ""start_byte"": null, ""start_line"": 127}"	P00479
human-rust-3338772570-2911941086:shipped-public-api:1	2	human-rust-3338772570-2911941086:shipped-public-api	natural:human-rust-3338772570-2911941086:shipped-public-api:1	e13cb897e5c18d01	"{""end_byte"": null, ""end_line"": 97, ""owner"": null, ""path"": ""lldap_domain_handlers (crates/domain-handlers/Cargo.toml)"", ""start_byte"": null, ""start_line"": 97}"	P01074
human-rust-3356723010-2784268856:shipped-stubs:1	2	human-rust-3356723010-2784268856:shipped-stubs	natural:human-rust-3356723010-2784268856:shipped-stubs:1	5dea15bf2b246cd1	"{""end_byte"": null, ""end_line"": 34, ""owner"": null, ""path"": ""crates/lib/src/bootc_composefs/state.rs"", ""start_byte"": null, ""start_line"": 34}"	P00871
human-rust-3220390592-2761879068:shipped-escapes:1	2	human-rust-3220390592-2761879068:shipped-escapes	natural:human-rust-3220390592-2761879068:shipped-escapes:1	549466374b98b4b3	"{""end_byte"": null, ""end_line"": 67, ""owner"": null, ""path"": ""src/mex.rs"", ""start_byte"": null, ""start_line"": 67}"	P01874
human-rust-3220390592-2761879068:shipped-test-skip:1	2	human-rust-3220390592-2761879068:shipped-test-skip	natural:human-rust-3220390592-2761879068:shipped-test-skip:1	549466374b98b4b3	"{""end_byte"": null, ""end_line"": 67, ""owner"": null, ""path"": ""src/mex.rs"", ""start_byte"": null, ""start_line"": 67}"	P01839
human-rust-3541394251-2947252828:shipped-escapes:1	2	human-rust-3541394251-2947252828:shipped-escapes	natural:human-rust-3541394251-2947252828:shipped-escapes:1	87fd5e83cba92fc0	"{""end_byte"": null, ""end_line"": 525, ""owner"": null, ""path"": ""src/cmd/server.rs"", ""start_byte"": null, ""start_line"": 525}"	P00187
human-rust-3541394251-2947252828:shipped-escapes:2	2	human-rust-3541394251-2947252828:shipped-escapes	natural:human-rust-3541394251-2947252828:shipped-escapes:2	6678a12a968a7a6d	"{""end_byte"": null, ""end_line"": 531, ""owner"": null, ""path"": ""src/cmd/server.rs"", ""start_byte"": null, ""start_line"": 531}"	P01279
human-rust-3541394251-2947252828:shipped-test-skip:1	2	human-rust-3541394251-2947252828:shipped-test-skip	natural:human-rust-3541394251-2947252828:shipped-test-skip:1	87fd5e83cba92fc0	"{""end_byte"": null, ""end_line"": 525, ""owner"": null, ""path"": ""src/cmd/server.rs"", ""start_byte"": null, ""start_line"": 525}"	P00844
human-rust-3541394251-2947252828:shipped-test-skip:2	2	human-rust-3541394251-2947252828:shipped-test-skip	natural:human-rust-3541394251-2947252828:shipped-test-skip:2	6678a12a968a7a6d	"{""end_byte"": null, ""end_line"": 531, ""owner"": null, ""path"": ""src/cmd/server.rs"", ""start_byte"": null, ""start_line"": 531}"	P00091
human-rust-3355917270-2777895811:shipped-public-api:1	2	human-rust-3355917270-2777895811:shipped-public-api	natural:human-rust-3355917270-2777895811:shipped-public-api:1	757fb913a423290a	"{""end_byte"": null, ""end_line"": 12, ""owner"": null, ""path"": ""op_reth (crates/optimism/bin/Cargo.toml)"", ""start_byte"": null, ""start_line"": 12}"	P01342
human-rust-3355917270-2777895811:shipped-public-api:2	2	human-rust-3355917270-2777895811:shipped-public-api	natural:human-rust-3355917270-2777895811:shipped-public-api:2	e636712661fb339a	"{""end_byte"": null, ""end_line"": 12, ""owner"": null, ""path"": ""reth_op (crates/optimism/reth/Cargo.toml)"", ""start_byte"": null, ""start_line"": 12}"	P00662
human-rust-3355917270-2777895811:shipped-public-api:3	2	human-rust-3355917270-2777895811:shipped-public-api	natural:human-rust-3355917270-2777895811:shipped-public-api:3	0a1eab436e296ca9	"{""end_byte"": null, ""end_line"": 12, ""owner"": null, ""path"": ""reth_optimism_node (crates/optimism/node/Cargo.toml)"", ""start_byte"": null, ""start_line"": 12}"	P00803
human-rust-3411560345-2795897816:shipped-escapes:1	2	human-rust-3411560345-2795897816:shipped-escapes	natural:human-rust-3411560345-2795897816:shipped-escapes:1	3cb395e554f8df91	"{""end_byte"": null, ""end_line"": 352, ""owner"": null, ""path"": ""rust/lance-table/src/utils/stream.rs"", ""start_byte"": null, ""start_line"": 352}"	P00216
human-rust-3411560345-2795897816:shipped-test-skip:1	2	human-rust-3411560345-2795897816:shipped-test-skip	natural:human-rust-3411560345-2795897816:shipped-test-skip:1	3cb395e554f8df91	"{""end_byte"": null, ""end_line"": 352, ""owner"": null, ""path"": ""rust/lance-table/src/utils/stream.rs"", ""start_byte"": null, ""start_line"": 352}"	P01787
human-rust-3303211080-2730099339:shipped-escapes:1	2	human-rust-3303211080-2730099339:shipped-escapes	natural:human-rust-3303211080-2730099339:shipped-escapes:1	5f55d758c2fbc582	"{""end_byte"": null, ""end_line"": 260, ""owner"": null, ""path"": ""trae-agent-rs/src/main.rs"", ""start_byte"": null, ""start_line"": 260}"	P01267
human-rust-3303211080-2730099339:shipped-escapes:2	2	human-rust-3303211080-2730099339:shipped-escapes	natural:human-rust-3303211080-2730099339:shipped-escapes:2	001818b6a91a04c8	"{""end_byte"": null, ""end_line"": 489, ""owner"": null, ""path"": ""trae-agent-rs/src/main.rs"", ""start_byte"": null, ""start_line"": 489}"	P00018
human-rust-3303211080-2730099339:shipped-escapes:3	2	human-rust-3303211080-2730099339:shipped-escapes	natural:human-rust-3303211080-2730099339:shipped-escapes:3	7f4edfd86ef14b59	"{""end_byte"": null, ""end_line"": 555, ""owner"": null, ""path"": ""trae-agent-rs/src/main.rs"", ""start_byte"": null, ""start_line"": 555}"	P00478
human-rust-3303211080-2730099339:shipped-test-skip:1	2	human-rust-3303211080-2730099339:shipped-test-skip	natural:human-rust-3303211080-2730099339:shipped-test-skip:1	5f55d758c2fbc582	"{""end_byte"": null, ""end_line"": 260, ""owner"": null, ""path"": ""trae-agent-rs/src/main.rs"", ""start_byte"": null, ""start_line"": 260}"	P01130
human-rust-3303211080-2730099339:shipped-test-skip:2	2	human-rust-3303211080-2730099339:shipped-test-skip	natural:human-rust-3303211080-2730099339:shipped-test-skip:2	001818b6a91a04c8	"{""end_byte"": null, ""end_line"": 489, ""owner"": null, ""path"": ""trae-agent-rs/src/main.rs"", ""start_byte"": null, ""start_line"": 489}"	P01183
human-rust-3303211080-2730099339:shipped-test-skip:3	2	human-rust-3303211080-2730099339:shipped-test-skip	natural:human-rust-3303211080-2730099339:shipped-test-skip:3	7f4edfd86ef14b59	"{""end_byte"": null, ""end_line"": 555, ""owner"": null, ""path"": ""trae-agent-rs/src/main.rs"", ""start_byte"": null, ""start_line"": 555}"	P00064
human-rust-3303211080-2730099339:new-direct-dependency:1	2	human-rust-3303211080-2730099339:new-direct-dependency	natural:human-rust-3303211080-2730099339:new-direct-dependency:1	crates:anyhow	"{""end_byte"": null, ""end_line"": null, ""owner"": null, ""path"": ""trae-agent-rs/Cargo.toml"", ""start_byte"": null, ""start_line"": null}"	P00987
human-rust-3303211080-2730099339:new-direct-dependency:2	2	human-rust-3303211080-2730099339:new-direct-dependency	natural:human-rust-3303211080-2730099339:new-direct-dependency:2	crates:clap	"{""end_byte"": null, ""end_line"": null, ""owner"": null, ""path"": ""trae-agent-rs/Cargo.toml"", ""start_byte"": null, ""start_line"": null}"	P01175
human-rust-3303211080-2730099339:new-direct-dependency:3	2	human-rust-3303211080-2730099339:new-direct-dependency	natural:human-rust-3303211080-2730099339:new-direct-dependency:3	crates:reqwest	"{""end_byte"": null, ""end_line"": null, ""owner"": null, ""path"": ""trae-agent-rs/Cargo.toml"", ""start_byte"": null, ""start_line"": null}"	P01215
human-rust-3303211080-2730099339:new-direct-dependency:4	2	human-rust-3303211080-2730099339:new-direct-dependency	natural:human-rust-3303211080-2730099339:new-direct-dependency:4	crates:serde	"{""end_byte"": null, ""end_line"": null, ""owner"": null, ""path"": ""trae-agent-rs/Cargo.toml"", ""start_byte"": null, ""start_line"": null}"	P01952
human-rust-3303211080-2730099339:new-direct-dependency:5	2	human-rust-3303211080-2730099339:new-direct-dependency	natural:human-rust-3303211080-2730099339:new-direct-dependency:5	crates:serde_json	"{""end_byte"": null, ""end_line"": null, ""owner"": null, ""path"": ""trae-agent-rs/Cargo.toml"", ""start_byte"": null, ""start_line"": null}"	P00505
human-rust-3303211080-2730099339:new-direct-dependency:6	2	human-rust-3303211080-2730099339:new-direct-dependency	natural:human-rust-3303211080-2730099339:new-direct-dependency:6	crates:serde_yaml	"{""end_byte"": null, ""end_line"": null, ""owner"": null, ""path"": ""trae-agent-rs/Cargo.toml"", ""start_byte"": null, ""start_line"": null}"	P00625
human-rust-3303211080-2730099339:new-direct-dependency:7	2	human-rust-3303211080-2730099339:new-direct-dependency	natural:human-rust-3303211080-2730099339:new-direct-dependency:7	crates:tokio	"{""end_byte"": null, ""end_line"": null, ""owner"": null, ""path"": ""trae-agent-rs/Cargo.toml"", ""start_byte"": null, ""start_line"": null}"	P01872
human-rust-3303211080-2730099339:new-direct-dependency:8	2	human-rust-3303211080-2730099339:new-direct-dependency	natural:human-rust-3303211080-2730099339:new-direct-dependency:8	crates:tracing	"{""end_byte"": null, ""end_line"": null, ""owner"": null, ""path"": ""trae-agent-rs/Cargo.toml"", ""start_byte"": null, ""start_line"": null}"	P01266
human-rust-3303211080-2730099339:new-direct-dependency:9	2	human-rust-3303211080-2730099339:new-direct-dependency	natural:human-rust-3303211080-2730099339:new-direct-dependency:9	crates:tracing-subscriber	"{""end_byte"": null, ""end_line"": null, ""owner"": null, ""path"": ""trae-agent-rs/Cargo.toml"", ""start_byte"": null, ""start_line"": null}"	P02055
human-rust-3481817276-2756620376:shipped-escapes:1	2	human-rust-3481817276-2756620376:shipped-escapes	natural:human-rust-3481817276-2756620376:shipped-escapes:1	686f1d0c7cdfa15d	"{""end_byte"": null, ""end_line"": 76, ""owner"": null, ""path"": ""src/cli/test.rs"", ""start_byte"": null, ""start_line"": 76}"	P01128
human-rust-3481817276-2756620376:shipped-escapes:2	2	human-rust-3481817276-2756620376:shipped-escapes	natural:human-rust-3481817276-2756620376:shipped-escapes:2	b3eae04cad0904a4	"{""end_byte"": null, ""end_line"": 83, ""owner"": null, ""path"": ""src/cli/test.rs"", ""start_byte"": null, ""start_line"": 83}"	P00291
human-rust-3481817276-2756620376:shipped-escapes:3	2	human-rust-3481817276-2756620376:shipped-escapes	natural:human-rust-3481817276-2756620376:shipped-escapes:3	8c151a892d4945bf	"{""end_byte"": null, ""end_line"": 11, ""owner"": null, ""path"": ""src/test_runner.rs"", ""start_byte"": null, ""start_line"": 11}"	P00067
human-rust-3481817276-2756620376:shipped-escapes:4	2	human-rust-3481817276-2756620376:shipped-escapes	natural:human-rust-3481817276-2756620376:shipped-escapes:4	d60348274a7dada8	"{""end_byte"": null, ""end_line"": 25, ""owner"": null, ""path"": ""src/test_runner.rs"", ""start_byte"": null, ""start_line"": 25}"	P01819
human-rust-3481817276-2756620376:shipped-test-skip:1	2	human-rust-3481817276-2756620376:shipped-test-skip	natural:human-rust-3481817276-2756620376:shipped-test-skip:1	686f1d0c7cdfa15d	"{""end_byte"": null, ""end_line"": 76, ""owner"": null, ""path"": ""src/cli/test.rs"", ""start_byte"": null, ""start_line"": 76}"	P01442
human-rust-3481817276-2756620376:shipped-test-skip:2	2	human-rust-3481817276-2756620376:shipped-test-skip	natural:human-rust-3481817276-2756620376:shipped-test-skip:2	b3eae04cad0904a4	"{""end_byte"": null, ""end_line"": 83, ""owner"": null, ""path"": ""src/cli/test.rs"", ""start_byte"": null, ""start_line"": 83}"	P01680
human-rust-3481817276-2756620376:shipped-test-skip:3	2	human-rust-3481817276-2756620376:shipped-test-skip	natural:human-rust-3481817276-2756620376:shipped-test-skip:3	8c151a892d4945bf	"{""end_byte"": null, ""end_line"": 11, ""owner"": null, ""path"": ""src/test_runner.rs"", ""start_byte"": null, ""start_line"": 11}"	P00959
human-rust-3481817276-2756620376:shipped-test-skip:4	2	human-rust-3481817276-2756620376:shipped-test-skip	natural:human-rust-3481817276-2756620376:shipped-test-skip:4	d60348274a7dada8	"{""end_byte"": null, ""end_line"": 25, ""owner"": null, ""path"": ""src/test_runner.rs"", ""start_byte"": null, ""start_line"": 25}"	P00755
human-rust-3481817276-2756620376:new-direct-dependency:1	2	human-rust-3481817276-2756620376:new-direct-dependency	natural:human-rust-3481817276-2756620376:new-direct-dependency:1	crates:similar	"{""end_byte"": null, ""end_line"": null, ""owner"": null, ""path"": ""Cargo.toml"", ""start_byte"": null, ""start_line"": null}"	P00717
human-rust-3531565119-2862507726:new-direct-dependency:1	2	human-rust-3531565119-2862507726:new-direct-dependency	natural:human-rust-3531565119-2862507726:new-direct-dependency:1	crates:ordered-float	"{""end_byte"": null, ""end_line"": null, ""owner"": null, ""path"": ""Cargo.toml"", ""start_byte"": null, ""start_line"": null}"	P00289
human-rust-3399286828-2837822341:shipped-escapes:1	2	human-rust-3399286828-2837822341:shipped-escapes	natural:human-rust-3399286828-2837822341:shipped-escapes:1	a5daeff6aaae5f45	"{""end_byte"": null, ""end_line"": 947, ""owner"": null, ""path"": ""kernel/src/task/tasks.rs"", ""start_byte"": null, ""start_line"": 947}"	P01365
human-rust-3399286828-2837822341:shipped-test-skip:1	2	human-rust-3399286828-2837822341:shipped-test-skip	natural:human-rust-3399286828-2837822341:shipped-test-skip:1	a5daeff6aaae5f45	"{""end_byte"": null, ""end_line"": 947, ""owner"": null, ""path"": ""kernel/src/task/tasks.rs"", ""start_byte"": null, ""start_line"": 947}"	P01337
human-rust-3399286828-2837822341:shipped-public-api:1	2	human-rust-3399286828-2837822341:shipped-public-api	natural:human-rust-3399286828-2837822341:shipped-public-api:1	c9ebfb99af7b09e2	"{""end_byte"": null, ""end_line"": 90, ""owner"": null, ""path"": ""svsm (kernel/Cargo.toml)"", ""start_byte"": null, ""start_line"": 90}"	P01581
human-rust-3399286828-2837822341:shipped-public-api:2	2	human-rust-3399286828-2837822341:shipped-public-api	natural:human-rust-3399286828-2837822341:shipped-public-api:2	2d0d3f8fd88ecb01	"{""end_byte"": null, ""end_line"": 270, ""owner"": null, ""path"": ""svsm (kernel/Cargo.toml)"", ""start_byte"": null, ""start_line"": 270}"	P01784
human-rust-3399286828-2837822341:shipped-public-api:3	2	human-rust-3399286828-2837822341:shipped-public-api	natural:human-rust-3399286828-2837822341:shipped-public-api:3	838e9a30659be0d2	"{""end_byte"": null, ""end_line"": 298, ""owner"": null, ""path"": ""svsm (kernel/Cargo.toml)"", ""start_byte"": null, ""start_line"": 298}"	P01798
human-rust-3399286828-2837822341:shipped-public-api:4	2	human-rust-3399286828-2837822341:shipped-public-api	natural:human-rust-3399286828-2837822341:shipped-public-api:4	e7b6a23d5c57a5fa	"{""end_byte"": null, ""end_line"": 308, ""owner"": null, ""path"": ""svsm (kernel/Cargo.toml)"", ""start_byte"": null, ""start_line"": 308}"	P01924
human-rust-3399286828-2837822341:shipped-public-api:5	2	human-rust-3399286828-2837822341:shipped-public-api	natural:human-rust-3399286828-2837822341:shipped-public-api:5	edee4d7eae7ead51	"{""end_byte"": null, ""end_line"": 401, ""owner"": null, ""path"": ""svsm (kernel/Cargo.toml)"", ""start_byte"": null, ""start_line"": 401}"	P01430
human-rust-3399286828-2837822341:shipped-public-api:6	2	human-rust-3399286828-2837822341:shipped-public-api	natural:human-rust-3399286828-2837822341:shipped-public-api:6	28b6dbb48f0b791c	"{""end_byte"": null, ""end_line"": 452, ""owner"": null, ""path"": ""svsm (kernel/Cargo.toml)"", ""start_byte"": null, ""start_line"": 452}"	P01445
human-rust-3399286828-2837822341:shipped-public-api:7	2	human-rust-3399286828-2837822341:shipped-public-api	natural:human-rust-3399286828-2837822341:shipped-public-api:7	c4bccdbc82edd647	"{""end_byte"": null, ""end_line"": 831, ""owner"": null, ""path"": ""svsm (kernel/Cargo.toml)"", ""start_byte"": null, ""start_line"": 831}"	P01531
human-rust-3399286828-2837822341:shipped-public-api:8	2	human-rust-3399286828-2837822341:shipped-public-api	natural:human-rust-3399286828-2837822341:shipped-public-api:8	83f2e6f7bb232bbb	"{""end_byte"": null, ""end_line"": 1376, ""owner"": null, ""path"": ""svsm (kernel/Cargo.toml)"", ""start_byte"": null, ""start_line"": 1376}"	P00897
human-rust-3070149818-2405390894:shipped-escapes:1	2	human-rust-3070149818-2405390894:shipped-escapes	natural:human-rust-3070149818-2405390894:shipped-escapes:1	260040a828088cd4	"{""end_byte"": null, ""end_line"": 23, ""owner"": null, ""path"": ""prqlc/prqlc/src/cli/lsp.rs"", ""start_byte"": null, ""start_line"": 23}"	P00307
human-rust-3070149818-2405390894:shipped-escapes:2	2	human-rust-3070149818-2405390894:shipped-escapes	natural:human-rust-3070149818-2405390894:shipped-escapes:2	331fc4a7ba2da096	"{""end_byte"": null, ""end_line"": 45, ""owner"": null, ""path"": ""prqlc/prqlc/src/cli/lsp.rs"", ""start_byte"": null, ""start_line"": 45}"	P00955
human-rust-3070149818-2405390894:shipped-escapes:3	2	human-rust-3070149818-2405390894:shipped-escapes	natural:human-rust-3070149818-2405390894:shipped-escapes:3	608d1ff235ca836a	"{""end_byte"": null, ""end_line"": 59, ""owner"": null, ""path"": ""prqlc/prqlc/src/cli/lsp.rs"", ""start_byte"": null, ""start_line"": 59}"	P01171
human-rust-3070149818-2405390894:shipped-escapes:4	2	human-rust-3070149818-2405390894:shipped-escapes	natural:human-rust-3070149818-2405390894:shipped-escapes:4	f52d6dac0555ea95	"{""end_byte"": null, ""end_line"": 382, ""owner"": null, ""path"": ""prqlc/prqlc/src/cli/test.rs"", ""start_byte"": null, ""start_line"": 382}"	P00060
human-rust-3070149818-2405390894:shipped-test-skip:1	2	human-rust-3070149818-2405390894:shipped-test-skip	natural:human-rust-3070149818-2405390894:shipped-test-skip:1	260040a828088cd4	"{""end_byte"": null, ""end_line"": 23, ""owner"": null, ""path"": ""prqlc/prqlc/src/cli/lsp.rs"", ""start_byte"": null, ""start_line"": 23}"	P00343
human-rust-3070149818-2405390894:shipped-test-skip:2	2	human-rust-3070149818-2405390894:shipped-test-skip	natural:human-rust-3070149818-2405390894:shipped-test-skip:2	331fc4a7ba2da096	"{""end_byte"": null, ""end_line"": 45, ""owner"": null, ""path"": ""prqlc/prqlc/src/cli/lsp.rs"", ""start_byte"": null, ""start_line"": 45}"	P01568
human-rust-3070149818-2405390894:shipped-test-skip:3	2	human-rust-3070149818-2405390894:shipped-test-skip	natural:human-rust-3070149818-2405390894:shipped-test-skip:3	608d1ff235ca836a	"{""end_byte"": null, ""end_line"": 59, ""owner"": null, ""path"": ""prqlc/prqlc/src/cli/lsp.rs"", ""start_byte"": null, ""start_line"": 59}"	P00349
human-rust-3070149818-2405390894:shipped-test-skip:4	2	human-rust-3070149818-2405390894:shipped-test-skip	natural:human-rust-3070149818-2405390894:shipped-test-skip:4	f52d6dac0555ea95	"{""end_byte"": null, ""end_line"": 382, ""owner"": null, ""path"": ""prqlc/prqlc/src/cli/test.rs"", ""start_byte"": null, ""start_line"": 382}"	P02082
human-rust-3070149818-2405390894:new-direct-dependency:1	2	human-rust-3070149818-2405390894:new-direct-dependency	natural:human-rust-3070149818-2405390894:new-direct-dependency:1	crates:lsp-server	"{""end_byte"": null, ""end_line"": null, ""owner"": null, ""path"": ""prqlc/prqlc/Cargo.toml"", ""start_byte"": null, ""start_line"": null}"	P01984
human-rust-3070149818-2405390894:new-direct-dependency:2	2	human-rust-3070149818-2405390894:new-direct-dependency	natural:human-rust-3070149818-2405390894:new-direct-dependency:2	crates:lsp-types	"{""end_byte"": null, ""end_line"": null, ""owner"": null, ""path"": ""prqlc/prqlc/Cargo.toml"", ""start_byte"": null, ""start_line"": null}"	P00878
