source_finding_id	packet_id	source_kind	change_id	case_set_id	case_id	phenotype_id	finding_row_id
natural:agent-typescript-3391967160:shipped-escapes:38	P00001	natural	agent-typescript-3391967160			shipped-escapes	agent-typescript-3391967160:shipped-escapes:38
natural:agent-typescript-3391967160:shipped-escapes:35	P00002	natural	agent-typescript-3391967160			shipped-escapes	agent-typescript-3391967160:shipped-escapes:35
natural:human-python-3478506066-2888257815:ruff-python-swallowed:179	P00003	natural	human-python-3478506066-2888257815			ruff-python-swallowed	human-python-3478506066-2888257815:ruff-python-swallowed:179
natural:agent-python-3327267830:shipped-test-skip:40	P00004	natural	agent-python-3327267830			shipped-test-skip	agent-python-3327267830:shipped-test-skip:40
natural:agent-python-3327267830:shipped-escapes:40	P00005	natural	agent-python-3327267830			shipped-escapes	agent-python-3327267830:shipped-escapes:40
natural:human-python-3338367670-2869308081:ruff-python-swallowed:124	P00006	natural	human-python-3338367670-2869308081			ruff-python-swallowed	human-python-3338367670-2869308081:ruff-python-swallowed:124
hard-negative:pilot-public-api:w662:shipped-public-api:w662	P00007	hard-negative		pilot-public-api	w662	shipped-public-api	
natural:agent-rust-3220390592:shipped-public-api:1	P00008	natural	agent-rust-3220390592			shipped-public-api	agent-rust-3220390592:shipped-public-api:1
natural:human-python-3478506066-2888257815:ruff-python-swallowed:68	P00009	natural	human-python-3478506066-2888257815			ruff-python-swallowed	human-python-3478506066-2888257815:ruff-python-swallowed:68
natural:agent-python-3338367670:ruff-python-swallowed:23	P00010	natural	agent-python-3338367670			ruff-python-swallowed	agent-python-3338367670:ruff-python-swallowed:23
natural:agent-python-3327267830:ruff-python-swallowed:28	P00011	natural	agent-python-3327267830			ruff-python-swallowed	agent-python-3327267830:ruff-python-swallowed:28
natural:agent-typescript-3391967160:shipped-test-skip:41	P00012	natural	agent-typescript-3391967160			shipped-test-skip	agent-typescript-3391967160:shipped-test-skip:41
natural:agent-rust-3539106136:shipped-escapes:3	P00013	natural	agent-rust-3539106136			shipped-escapes	agent-rust-3539106136:shipped-escapes:3
natural:human-python-3338367670-2869308081:error-broad-handler:6	P00014	natural	human-python-3338367670-2869308081			error-broad-handler	human-python-3338367670-2869308081:error-broad-handler:6
natural:human-python-3478506066-2888257815:ruff-python-swallowed:51	P00015	natural	human-python-3478506066-2888257815			ruff-python-swallowed	human-python-3478506066-2888257815:ruff-python-swallowed:51
natural:human-python-3338367670-2869308081:ruff-python-swallowed:172	P00016	natural	human-python-3338367670-2869308081			ruff-python-swallowed	human-python-3338367670-2869308081:ruff-python-swallowed:172
natural:agent-python-3327267830:shipped-escapes:85	P00017	natural	agent-python-3327267830			shipped-escapes	agent-python-3327267830:shipped-escapes:85
natural:human-rust-3303211080-2730099339:shipped-escapes:2	P00018	natural	human-rust-3303211080-2730099339			shipped-escapes	human-rust-3303211080-2730099339:shipped-escapes:2
natural:agent-typescript-3391967160:shipped-escapes:18	P00019	natural	agent-typescript-3391967160			shipped-escapes	agent-typescript-3391967160:shipped-escapes:18
natural:agent-python-3338367670:shipped-stubs:1	P00020	natural	agent-python-3338367670			shipped-stubs	agent-python-3338367670:shipped-stubs:1
natural:agent-typescript-3391967160:shipped-escapes:43	P00021	natural	agent-typescript-3391967160			shipped-escapes	agent-typescript-3391967160:shipped-escapes:43
natural:agent-typescript-3519641294:shipped-escapes:14	P00022	natural	agent-typescript-3519641294			shipped-escapes	agent-typescript-3519641294:shipped-escapes:14
natural:human-python-3338367670-2869308081:ruff-python-swallowed:163	P00023	natural	human-python-3338367670-2869308081			ruff-python-swallowed	human-python-3338367670-2869308081:ruff-python-swallowed:163
natural:human-typescript-3357327691-2669782320:shipped-test-skip:1	P00024	natural	human-typescript-3357327691-2669782320			shipped-test-skip	human-typescript-3357327691-2669782320:shipped-test-skip:1
natural:human-python-3338367670-2869308081:ruff-python-swallowed:56	P00025	natural	human-python-3338367670-2869308081			ruff-python-swallowed	human-python-3338367670-2869308081:ruff-python-swallowed:56
natural:agent-typescript-3437109293:shipped-escapes:14	P00026	natural	agent-typescript-3437109293			shipped-escapes	agent-typescript-3437109293:shipped-escapes:14
natural:agent-python-3199112507:ruff-python-swallowed:1	P00027	natural	agent-python-3199112507			ruff-python-swallowed	agent-python-3199112507:ruff-python-swallowed:1
natural:agent-python-3327267830:shipped-escapes:73	P00028	natural	agent-python-3327267830			shipped-escapes	agent-python-3327267830:shipped-escapes:73
natural:agent-rust-3187718516:shipped-test-skip:6	P00029	natural	agent-rust-3187718516			shipped-test-skip	agent-rust-3187718516:shipped-test-skip:6
natural:agent-python-3260236912:error-broad-handler:6	P00030	natural	agent-python-3260236912			error-broad-handler	agent-python-3260236912:error-broad-handler:6
natural:agent-python-3431634736:ruff-python-swallowed:6	P00031	natural	agent-python-3431634736			ruff-python-swallowed	agent-python-3431634736:ruff-python-swallowed:6
natural:agent-python-3327267830:ruff-python-swallowed:43	P00032	natural	agent-python-3327267830			ruff-python-swallowed	agent-python-3327267830:ruff-python-swallowed:43
natural:agent-typescript-3437109293:shipped-escapes:8	P00033	natural	agent-typescript-3437109293			shipped-escapes	agent-typescript-3437109293:shipped-escapes:8
natural:agent-python-3338367670:ruff-python-swallowed:31	P00034	natural	agent-python-3338367670			ruff-python-swallowed	agent-python-3338367670:ruff-python-swallowed:31
natural:agent-python-3431634736:ruff-python-swallowed:9	P00035	natural	agent-python-3431634736			ruff-python-swallowed	agent-python-3431634736:ruff-python-swallowed:9
natural:agent-python-3338367670:error-broad-handler:13	P00036	natural	agent-python-3338367670			error-broad-handler	agent-python-3338367670:error-broad-handler:13
hard-negative:pilot-complexity:w1986:shipped-complexity:w1986	P00037	hard-negative		pilot-complexity	w1986	shipped-complexity	
natural:agent-typescript-3437109293:shipped-escapes:45	P00038	natural	agent-typescript-3437109293			shipped-escapes	agent-typescript-3437109293:shipped-escapes:45
natural:agent-python-3327267830:shipped-test-skip:58	P00039	natural	agent-python-3327267830			shipped-test-skip	agent-python-3327267830:shipped-test-skip:58
natural:agent-python-3338367670:new-direct-dependency:1	P00040	natural	agent-python-3338367670			new-direct-dependency	agent-python-3338367670:new-direct-dependency:1
hard-negative:pilot-public-api:w2254:shipped-public-api:w2254	P00041	hard-negative		pilot-public-api	w2254	shipped-public-api	
natural:human-typescript-3182983420-2724644741:shipped-escapes:5	P00042	natural	human-typescript-3182983420-2724644741			shipped-escapes	human-typescript-3182983420-2724644741:shipped-escapes:5
natural:agent-python-3327267830:shipped-escapes:111	P00043	natural	agent-python-3327267830			shipped-escapes	agent-python-3327267830:shipped-escapes:111
natural:agent-python-3431634736:ruff-python-swallowed:3	P00044	natural	agent-python-3431634736			ruff-python-swallowed	agent-python-3431634736:ruff-python-swallowed:3
natural:agent-python-3376791991:shipped-test-skip:14	P00045	natural	agent-python-3376791991			shipped-test-skip	agent-python-3376791991:shipped-test-skip:14
natural:human-python-3478506066-2888257815:ruff-python-swallowed:96	P00046	natural	human-python-3478506066-2888257815			ruff-python-swallowed	human-python-3478506066-2888257815:ruff-python-swallowed:96
hard-negative:pilot-public-api:w001:shipped-public-api:w001	P00047	hard-negative		pilot-public-api	w001	shipped-public-api	
natural:human-python-3441479674-2884784925:new-direct-dependency:3	P00048	natural	human-python-3441479674-2884784925			new-direct-dependency	human-python-3441479674-2884784925:new-direct-dependency:3
natural:agent-typescript-3519641294:new-direct-dependency:3	P00049	natural	agent-typescript-3519641294			new-direct-dependency	agent-typescript-3519641294:new-direct-dependency:3
natural:agent-rust-3187718516:shipped-test-skip:8	P00050	natural	agent-rust-3187718516			shipped-test-skip	agent-rust-3187718516:shipped-test-skip:8
natural:human-python-3478506066-2888257815:ruff-python-swallowed:110	P00051	natural	human-python-3478506066-2888257815			ruff-python-swallowed	human-python-3478506066-2888257815:ruff-python-swallowed:110
natural:agent-python-3478506066:ruff-python-swallowed:1	P00052	natural	agent-python-3478506066			ruff-python-swallowed	agent-python-3478506066:ruff-python-swallowed:1
natural:agent-python-3327267830:shipped-test-skip:71	P00053	natural	agent-python-3327267830			shipped-test-skip	agent-python-3327267830:shipped-test-skip:71
natural:agent-python-3338367670:ruff-python-swallowed:62	P00054	natural	agent-python-3338367670			ruff-python-swallowed	agent-python-3338367670:ruff-python-swallowed:62
natural:agent-typescript-3391967160:shipped-escapes:19	P00055	natural	agent-typescript-3391967160			shipped-escapes	agent-typescript-3391967160:shipped-escapes:19
natural:agent-python-3431634736:ruff-python-swallowed:12	P00056	natural	agent-python-3431634736			ruff-python-swallowed	agent-python-3431634736:ruff-python-swallowed:12
natural:human-python-3478506066-2888257815:ruff-python-swallowed:20	P00057	natural	human-python-3478506066-2888257815			ruff-python-swallowed	human-python-3478506066-2888257815:ruff-python-swallowed:20
hard-negative:pilot-escapes:w206:shipped-escapes:w206	P00058	hard-negative		pilot-escapes	w206	shipped-escapes	
natural:agent-python-3327267830:shipped-test-skip:153	P00059	natural	agent-python-3327267830			shipped-test-skip	agent-python-3327267830:shipped-test-skip:153
natural:human-rust-3070149818-2405390894:shipped-escapes:4	P00060	natural	human-rust-3070149818-2405390894			shipped-escapes	human-rust-3070149818-2405390894:shipped-escapes:4
natural:agent-python-3260236912:ruff-python-swallowed:15	P00061	natural	agent-python-3260236912			ruff-python-swallowed	agent-python-3260236912:ruff-python-swallowed:15
natural:agent-python-3327267830:shipped-escapes:45	P00062	natural	agent-python-3327267830			shipped-escapes	agent-python-3327267830:shipped-escapes:45
natural:human-python-3338367670-2869308081:ruff-python-swallowed:184	P00063	natural	human-python-3338367670-2869308081			ruff-python-swallowed	human-python-3338367670-2869308081:ruff-python-swallowed:184
natural:human-rust-3303211080-2730099339:shipped-test-skip:3	P00064	natural	human-rust-3303211080-2730099339			shipped-test-skip	human-rust-3303211080-2730099339:shipped-test-skip:3
natural:human-python-3478506066-2888257815:ruff-python-swallowed:47	P00065	natural	human-python-3478506066-2888257815			ruff-python-swallowed	human-python-3478506066-2888257815:ruff-python-swallowed:47
natural:agent-rust-3356723010:shipped-test-skip:1	P00066	natural	agent-rust-3356723010			shipped-test-skip	agent-rust-3356723010:shipped-test-skip:1
natural:human-rust-3481817276-2756620376:shipped-escapes:3	P00067	natural	human-rust-3481817276-2756620376			shipped-escapes	human-rust-3481817276-2756620376:shipped-escapes:3
natural:agent-rust-3539106136:shipped-escapes:4	P00068	natural	agent-rust-3539106136			shipped-escapes	agent-rust-3539106136:shipped-escapes:4
hard-negative:pilot-public-api:w1489:shipped-public-api:w1489	P00069	hard-negative		pilot-public-api	w1489	shipped-public-api	
natural:agent-typescript-3391967160:shipped-escapes:31	P00070	natural	agent-typescript-3391967160			shipped-escapes	agent-typescript-3391967160:shipped-escapes:31
natural:agent-python-3327267830:shipped-escapes:56	P00071	natural	agent-python-3327267830			shipped-escapes	agent-python-3327267830:shipped-escapes:56
natural:human-python-3338367670-2869308081:shipped-stubs:1	P00072	natural	human-python-3338367670-2869308081			shipped-stubs	human-python-3338367670-2869308081:shipped-stubs:1
natural:agent-python-3327267830:shipped-test-skip:149	P00073	natural	agent-python-3327267830			shipped-test-skip	agent-python-3327267830:shipped-test-skip:149
natural:human-python-3478506066-2888257815:ruff-python-swallowed:145	P00074	natural	human-python-3478506066-2888257815			ruff-python-swallowed	human-python-3478506066-2888257815:ruff-python-swallowed:145
natural:human-python-3338367670-2869308081:ruff-python-swallowed:170	P00075	natural	human-python-3338367670-2869308081			ruff-python-swallowed	human-python-3338367670-2869308081:ruff-python-swallowed:170
hard-negative:pilot-complexity:w2326:shipped-complexity:w2326	P00076	hard-negative		pilot-complexity	w2326	shipped-complexity	
natural:agent-python-3327267830:ruff-python-swallowed:45	P00077	natural	agent-python-3327267830			ruff-python-swallowed	agent-python-3327267830:ruff-python-swallowed:45
natural:human-python-3288751740-2848154600:ruff-python-swallowed:13	P00078	natural	human-python-3288751740-2848154600			ruff-python-swallowed	human-python-3288751740-2848154600:ruff-python-swallowed:13
natural:agent-typescript-2836523710:new-direct-dependency:7	P00079	natural	agent-typescript-2836523710			new-direct-dependency	agent-typescript-2836523710:new-direct-dependency:7
natural:human-python-3203515928-2644838880:ruff-python-swallowed:8	P00080	natural	human-python-3203515928-2644838880			ruff-python-swallowed	human-python-3203515928-2644838880:ruff-python-swallowed:8
hard-negative:test-integrity-corpus:integrity-rs/neg-helper-file-plain:test-weakened-rust:assertion-removed:replaced:tests/slug.rs:7:00001	P00081	hard-negative		test-integrity-corpus	integrity-rs/neg-helper-file-plain	test-weakened-rust	
natural:human-typescript-3332391124-2701990016:shipped-test-skip:6	P00082	natural	human-typescript-3332391124-2701990016			shipped-test-skip	human-typescript-3332391124-2701990016:shipped-test-skip:6
natural:agent-python-3327267830:shipped-test-skip:93	P00083	natural	agent-python-3327267830			shipped-test-skip	agent-python-3327267830:shipped-test-skip:93
natural:agent-typescript-3437109293:design-family-bypass:9	P00084	natural	agent-typescript-3437109293			design-family-bypass	agent-typescript-3437109293:design-family-bypass:9
natural:agent-python-3327267830:shipped-escapes:81	P00085	natural	agent-python-3327267830			shipped-escapes	agent-python-3327267830:shipped-escapes:81
natural:agent-rust-3187718516:shipped-lockfile:1	P00086	natural	agent-rust-3187718516			shipped-lockfile	agent-rust-3187718516:shipped-lockfile:1
natural:agent-python-3327267830:shipped-escapes:67	P00087	natural	agent-python-3327267830			shipped-escapes	agent-python-3327267830:shipped-escapes:67
natural:human-python-3478506066-2888257815:ruff-python-swallowed:125	P00088	natural	human-python-3478506066-2888257815			ruff-python-swallowed	human-python-3478506066-2888257815:ruff-python-swallowed:125
natural:agent-python-3376791991:shipped-test-skip:9	P00089	natural	agent-python-3376791991			shipped-test-skip	agent-python-3376791991:shipped-test-skip:9
natural:agent-python-3288751740:ruff-python-swallowed:2	P00090	natural	agent-python-3288751740			ruff-python-swallowed	agent-python-3288751740:ruff-python-swallowed:2
natural:human-rust-3541394251-2947252828:shipped-test-skip:2	P00091	natural	human-rust-3541394251-2947252828			shipped-test-skip	human-rust-3541394251-2947252828:shipped-test-skip:2
natural:agent-typescript-3391967160:shipped-test-skip:12	P00092	natural	agent-typescript-3391967160			shipped-test-skip	agent-typescript-3391967160:shipped-test-skip:12
hard-negative:pilot-public-api:w1221:shipped-public-api:w1221	P00093	hard-negative		pilot-public-api	w1221	shipped-public-api	
natural:agent-python-3327267830:shipped-escapes:65	P00094	natural	agent-python-3327267830			shipped-escapes	agent-python-3327267830:shipped-escapes:65
natural:human-python-3478506066-2888257815:ruff-python-swallowed:128	P00095	natural	human-python-3478506066-2888257815			ruff-python-swallowed	human-python-3478506066-2888257815:ruff-python-swallowed:128
natural:human-python-3478506066-2888257815:ruff-python-swallowed:28	P00096	natural	human-python-3478506066-2888257815			ruff-python-swallowed	human-python-3478506066-2888257815:ruff-python-swallowed:28
natural:human-python-3199112507-2559529133:ruff-python-injection:1	P00097	natural	human-python-3199112507-2559529133			ruff-python-injection	human-python-3199112507-2559529133:ruff-python-injection:1
natural:agent-typescript-3437109293:shipped-escapes:19	P00098	natural	agent-typescript-3437109293			shipped-escapes	agent-typescript-3437109293:shipped-escapes:19
natural:agent-python-3327267830:shipped-escapes:5	P00099	natural	agent-python-3327267830			shipped-escapes	agent-python-3327267830:shipped-escapes:5
natural:agent-typescript-3391967160:shipped-test-skip:16	P00100	natural	agent-typescript-3391967160			shipped-test-skip	agent-typescript-3391967160:shipped-test-skip:16
natural:agent-python-3327267830:shipped-escapes:27	P00101	natural	agent-python-3327267830			shipped-escapes	agent-python-3327267830:shipped-escapes:27
natural:human-typescript-3182983420-2724644741:shipped-test-skip:13	P00102	natural	human-typescript-3182983420-2724644741			shipped-test-skip	human-typescript-3182983420-2724644741:shipped-test-skip:13
natural:agent-python-3327267830:ruff-python-swallowed:14	P00103	natural	agent-python-3327267830			ruff-python-swallowed	agent-python-3327267830:ruff-python-swallowed:14
natural:human-python-3338367670-2869308081:ruff-python-swallowed:147	P00104	natural	human-python-3338367670-2869308081			ruff-python-swallowed	human-python-3338367670-2869308081:ruff-python-swallowed:147
natural:human-python-3338367670-2869308081:ruff-python-swallowed:25	P00105	natural	human-python-3338367670-2869308081			ruff-python-swallowed	human-python-3338367670-2869308081:ruff-python-swallowed:25
natural:human-python-3338367670-2869308081:ruff-python-swallowed:35	P00106	natural	human-python-3338367670-2869308081			ruff-python-swallowed	human-python-3338367670-2869308081:ruff-python-swallowed:35
natural:agent-python-3327267830:ruff-python-swallowed:10	P00107	natural	agent-python-3327267830			ruff-python-swallowed	agent-python-3327267830:ruff-python-swallowed:10
natural:agent-python-3338367670:error-broad-handler:12	P00108	natural	agent-python-3338367670			error-broad-handler	agent-python-3338367670:error-broad-handler:12
natural:agent-python-3311111058:shipped-test-skip:3	P00109	natural	agent-python-3311111058			shipped-test-skip	agent-python-3311111058:shipped-test-skip:3
natural:agent-typescript-3391967160:shipped-test-skip:46	P00110	natural	agent-typescript-3391967160			shipped-test-skip	agent-typescript-3391967160:shipped-test-skip:46
natural:agent-python-3327267830:shipped-escapes:79	P00111	natural	agent-python-3327267830			shipped-escapes	agent-python-3327267830:shipped-escapes:79
natural:agent-typescript-3437109293:shipped-escapes:1	P00112	natural	agent-typescript-3437109293			shipped-escapes	agent-typescript-3437109293:shipped-escapes:1
natural:agent-typescript-3437109293:shipped-test-skip:5	P00113	natural	agent-typescript-3437109293			shipped-test-skip	agent-typescript-3437109293:shipped-test-skip:5
natural:agent-python-3260236912:shipped-stubs:3	P00114	natural	agent-python-3260236912			shipped-stubs	agent-python-3260236912:shipped-stubs:3
natural:human-typescript-3332391124-2701990016:shipped-escapes:4	P00115	natural	human-typescript-3332391124-2701990016			shipped-escapes	human-typescript-3332391124-2701990016:shipped-escapes:4
natural:agent-python-3338367670:ruff-python-swallowed:27	P00116	natural	agent-python-3338367670			ruff-python-swallowed	agent-python-3338367670:ruff-python-swallowed:27
natural:agent-typescript-3437109293:shipped-escapes:47	P00117	natural	agent-typescript-3437109293			shipped-escapes	agent-typescript-3437109293:shipped-escapes:47
natural:agent-python-3327267830:shipped-test-skip:27	P00118	natural	agent-python-3327267830			shipped-test-skip	agent-python-3327267830:shipped-test-skip:27
natural:agent-python-3327267830:ruff-python-swallowed:3	P00119	natural	agent-python-3327267830			ruff-python-swallowed	agent-python-3327267830:ruff-python-swallowed:3
natural:human-typescript-3332391124-2701990016:shipped-test-skip:7	P00120	natural	human-typescript-3332391124-2701990016			shipped-test-skip	human-typescript-3332391124-2701990016:shipped-test-skip:7
natural:agent-typescript-3437109293:shipped-test-skip:23	P00121	natural	agent-typescript-3437109293			shipped-test-skip	agent-typescript-3437109293:shipped-test-skip:23
natural:human-python-3338367670-2869308081:ruff-python-swallowed:15	P00122	natural	human-python-3338367670-2869308081			ruff-python-swallowed	human-python-3338367670-2869308081:ruff-python-swallowed:15
natural:agent-typescript-3391967160:shipped-escapes:2	P00123	natural	agent-typescript-3391967160			shipped-escapes	agent-typescript-3391967160:shipped-escapes:2
natural:agent-python-3260236912:ruff-python-swallowed:4	P00124	natural	agent-python-3260236912			ruff-python-swallowed	agent-python-3260236912:ruff-python-swallowed:4
natural:human-python-3478506066-2888257815:ruff-python-swallowed:91	P00125	natural	human-python-3478506066-2888257815			ruff-python-swallowed	human-python-3478506066-2888257815:ruff-python-swallowed:91
hard-negative:pilot-complexity:w151:shipped-complexity:w151	P00126	hard-negative		pilot-complexity	w151	shipped-complexity	
natural:agent-typescript-3437109293:shipped-escapes:35	P00127	natural	agent-typescript-3437109293			shipped-escapes	agent-typescript-3437109293:shipped-escapes:35
natural:human-python-3338367670-2869308081:ruff-python-swallowed:125	P00128	natural	human-python-3338367670-2869308081			ruff-python-swallowed	human-python-3338367670-2869308081:ruff-python-swallowed:125
natural:human-python-3288751740-2848154600:ruff-python-swallowed:18	P00129	natural	human-python-3288751740-2848154600			ruff-python-swallowed	human-python-3288751740-2848154600:ruff-python-swallowed:18
natural:human-python-3327267830-2644922867:ruff-python-swallowed:2	P00130	natural	human-python-3327267830-2644922867			ruff-python-swallowed	human-python-3327267830-2644922867:ruff-python-swallowed:2
natural:agent-typescript-3437109293:shipped-escapes:3	P00131	natural	agent-typescript-3437109293			shipped-escapes	agent-typescript-3437109293:shipped-escapes:3
natural:agent-python-3260236912:error-broad-handler:5	P00132	natural	agent-python-3260236912			error-broad-handler	agent-python-3260236912:error-broad-handler:5
natural:agent-python-3327267830:shipped-test-skip:140	P00133	natural	agent-python-3327267830			shipped-test-skip	agent-python-3327267830:shipped-test-skip:140
natural:human-typescript-3182983420-2724644741:shipped-escapes:9	P00134	natural	human-typescript-3182983420-2724644741			shipped-escapes	human-typescript-3182983420-2724644741:shipped-escapes:9
natural:human-python-3338367670-2869308081:ruff-python-injection:4	P00135	natural	human-python-3338367670-2869308081			ruff-python-injection	human-python-3338367670-2869308081:ruff-python-injection:4
natural:agent-typescript-3391967160:shipped-test-skip:21	P00136	natural	agent-typescript-3391967160			shipped-test-skip	agent-typescript-3391967160:shipped-test-skip:21
natural:human-python-3478506066-2888257815:ruff-python-swallowed:67	P00137	natural	human-python-3478506066-2888257815			ruff-python-swallowed	human-python-3478506066-2888257815:ruff-python-swallowed:67
natural:agent-python-3327267830:shipped-escapes:132	P00138	natural	agent-python-3327267830			shipped-escapes	agent-python-3327267830:shipped-escapes:132
natural:agent-typescript-3391967160:shipped-escapes:13	P00139	natural	agent-typescript-3391967160			shipped-escapes	agent-typescript-3391967160:shipped-escapes:13
natural:agent-python-3431634736:error-broad-handler:3	P00140	natural	agent-python-3431634736			error-broad-handler	agent-python-3431634736:error-broad-handler:3
natural:human-typescript-3332391124-2701990016:new-direct-dependency:3	P00141	natural	human-typescript-3332391124-2701990016			new-direct-dependency	human-typescript-3332391124-2701990016:new-direct-dependency:3
natural:agent-python-3338367670:ruff-python-swallowed:19	P00142	natural	agent-python-3338367670			ruff-python-swallowed	agent-python-3338367670:ruff-python-swallowed:19
natural:agent-python-3376791991:shipped-escapes:14	P00143	natural	agent-python-3376791991			shipped-escapes	agent-python-3376791991:shipped-escapes:14
natural:agent-python-3338367670:ruff-python-swallowed:33	P00144	natural	agent-python-3338367670			ruff-python-swallowed	agent-python-3338367670:ruff-python-swallowed:33
natural:human-python-3478506066-2888257815:ruff-python-swallowed:122	P00145	natural	human-python-3478506066-2888257815			ruff-python-swallowed	human-python-3478506066-2888257815:ruff-python-swallowed:122
natural:agent-python-3338367670:error-broad-handler:2	P00146	natural	agent-python-3338367670			error-broad-handler	agent-python-3338367670:error-broad-handler:2
natural:agent-python-3327267830:shipped-escapes:78	P00147	natural	agent-python-3327267830			shipped-escapes	agent-python-3327267830:shipped-escapes:78
natural:human-python-3288751740-2848154600:ruff-python-swallowed:16	P00148	natural	human-python-3288751740-2848154600			ruff-python-swallowed	human-python-3288751740-2848154600:ruff-python-swallowed:16
hard-negative:pilot-escapes:w2390:shipped-escapes:w2390	P00149	hard-negative		pilot-escapes	w2390	shipped-escapes	
natural:agent-typescript-3391967160:shipped-escapes:36	P00150	natural	agent-typescript-3391967160			shipped-escapes	agent-typescript-3391967160:shipped-escapes:36
natural:agent-python-3327267830:shipped-escapes:106	P00151	natural	agent-python-3327267830			shipped-escapes	agent-python-3327267830:shipped-escapes:106
natural:agent-python-3478506066:ruff-python-swallowed:27	P00152	natural	agent-python-3478506066			ruff-python-swallowed	agent-python-3478506066:ruff-python-swallowed:27
hard-negative:pilot-complexity:w608:shipped-complexity:w608	P00153	hard-negative		pilot-complexity	w608	shipped-complexity	
natural:human-typescript-3182983420-2724644741:shipped-test-skip:1	P00154	natural	human-typescript-3182983420-2724644741			shipped-test-skip	human-typescript-3182983420-2724644741:shipped-test-skip:1
natural:agent-typescript-3391967160:shipped-test-skip:6	P00155	natural	agent-typescript-3391967160			shipped-test-skip	agent-typescript-3391967160:shipped-test-skip:6
natural:human-python-3338367670-2869308081:ruff-python-swallowed:66	P00156	natural	human-python-3338367670-2869308081			ruff-python-swallowed	human-python-3338367670-2869308081:ruff-python-swallowed:66
natural:human-python-3338367670-2869308081:ruff-python-swallowed:61	P00157	natural	human-python-3338367670-2869308081			ruff-python-swallowed	human-python-3338367670-2869308081:ruff-python-swallowed:61
natural:agent-rust-3187718516:shipped-test-skip:5	P00158	natural	agent-rust-3187718516			shipped-test-skip	agent-rust-3187718516:shipped-test-skip:5
natural:agent-rust-3303211080:new-direct-dependency:6	P00159	natural	agent-rust-3303211080			new-direct-dependency	agent-rust-3303211080:new-direct-dependency:6
natural:agent-python-3327267830:ruff-python-swallowed:37	P00160	natural	agent-python-3327267830			ruff-python-swallowed	agent-python-3327267830:ruff-python-swallowed:37
natural:human-typescript-2822630272-2331680308:shipped-escapes:1	P00161	natural	human-typescript-2822630272-2331680308			shipped-escapes	human-typescript-2822630272-2331680308:shipped-escapes:1
natural:human-python-3478506066-2888257815:ruff-python-swallowed:114	P00162	natural	human-python-3478506066-2888257815			ruff-python-swallowed	human-python-3478506066-2888257815:ruff-python-swallowed:114
natural:human-python-3338367670-2869308081:ruff-python-swallowed:94	P00163	natural	human-python-3338367670-2869308081			ruff-python-swallowed	human-python-3338367670-2869308081:ruff-python-swallowed:94
natural:agent-python-3327267830:shipped-escapes:50	P00164	natural	agent-python-3327267830			shipped-escapes	agent-python-3327267830:shipped-escapes:50
natural:human-python-3338367670-2869308081:ruff-python-swallowed:54	P00165	natural	human-python-3338367670-2869308081			ruff-python-swallowed	human-python-3338367670-2869308081:ruff-python-swallowed:54
natural:human-python-3478506066-2888257815:ruff-python-swallowed:147	P00166	natural	human-python-3478506066-2888257815			ruff-python-swallowed	human-python-3478506066-2888257815:ruff-python-swallowed:147
natural:agent-python-3327267830:shipped-test-skip:147	P00167	natural	agent-python-3327267830			shipped-test-skip	agent-python-3327267830:shipped-test-skip:147
hard-negative:dependency-evidence-corpus:lockshape-npm/neg-bundled:new-direct-dependency:npm:is-odd:00001	P00168	hard-negative		dependency-evidence-corpus	lockshape-npm/neg-bundled	new-direct-dependency	
natural:agent-python-3338367670:ruff-python-swallowed:97	P00169	natural	agent-python-3338367670			ruff-python-swallowed	agent-python-3338367670:ruff-python-swallowed:97
natural:human-python-3478506066-2888257815:ruff-python-swallowed:33	P00170	natural	human-python-3478506066-2888257815			ruff-python-swallowed	human-python-3478506066-2888257815:ruff-python-swallowed:33
natural:agent-python-3327267830:ruff-python-swallowed:41	P00171	natural	agent-python-3327267830			ruff-python-swallowed	agent-python-3327267830:ruff-python-swallowed:41
hard-negative:pilot-public-api:w2153:shipped-public-api:w2153	P00172	hard-negative		pilot-public-api	w2153	shipped-public-api	
hard-negative:pilot-complexity:w1311:shipped-complexity:w1311	P00173	hard-negative		pilot-complexity	w1311	shipped-complexity	
natural:agent-typescript-3437109293:shipped-test-skip:27	P00174	natural	agent-typescript-3437109293			shipped-test-skip	agent-typescript-3437109293:shipped-test-skip:27
natural:agent-python-3327267830:ruff-python-swallowed:29	P00175	natural	agent-python-3327267830			ruff-python-swallowed	agent-python-3327267830:ruff-python-swallowed:29
natural:agent-python-3327267830:shipped-test-skip:110	P00176	natural	agent-python-3327267830			shipped-test-skip	agent-python-3327267830:shipped-test-skip:110
natural:agent-python-3327267830:shipped-test-skip:70	P00177	natural	agent-python-3327267830			shipped-test-skip	agent-python-3327267830:shipped-test-skip:70
natural:human-python-3478506066-2888257815:ruff-python-swallowed:161	P00178	natural	human-python-3478506066-2888257815			ruff-python-swallowed	human-python-3478506066-2888257815:ruff-python-swallowed:161
hard-negative:pilot-public-api:w2525:shipped-public-api:w2525	P00179	hard-negative		pilot-public-api	w2525	shipped-public-api	
natural:human-python-3338367670-2869308081:ruff-python-swallowed:44	P00180	natural	human-python-3338367670-2869308081			ruff-python-swallowed	human-python-3338367670-2869308081:ruff-python-swallowed:44
natural:agent-typescript-3357327691:shipped-test-skip:5	P00181	natural	agent-typescript-3357327691			shipped-test-skip	agent-typescript-3357327691:shipped-test-skip:5
natural:agent-python-3288751740:ruff-python-swallowed:1	P00182	natural	agent-python-3288751740			ruff-python-swallowed	agent-python-3288751740:ruff-python-swallowed:1
natural:human-python-3260236912-2597771531:new-direct-dependency:14	P00183	natural	human-python-3260236912-2597771531			new-direct-dependency	human-python-3260236912-2597771531:new-direct-dependency:14
natural:agent-python-3327267830:shipped-test-skip:119	P00184	natural	agent-python-3327267830			shipped-test-skip	agent-python-3327267830:shipped-test-skip:119
natural:agent-typescript-3437109293:shipped-test-skip:49	P00185	natural	agent-typescript-3437109293			shipped-test-skip	agent-typescript-3437109293:shipped-test-skip:49
natural:human-python-3288751740-2848154600:ruff-python-swallowed:4	P00186	natural	human-python-3288751740-2848154600			ruff-python-swallowed	human-python-3288751740-2848154600:ruff-python-swallowed:4
natural:human-rust-3541394251-2947252828:shipped-escapes:1	P00187	natural	human-rust-3541394251-2947252828			shipped-escapes	human-rust-3541394251-2947252828:shipped-escapes:1
natural:agent-python-3527845500:ruff-python-swallowed:8	P00188	natural	agent-python-3527845500			ruff-python-swallowed	agent-python-3527845500:ruff-python-swallowed:8
natural:agent-rust-3534175512:shipped-dead-symbols:1	P00189	natural	agent-rust-3534175512			shipped-dead-symbols	agent-rust-3534175512:shipped-dead-symbols:1
natural:agent-typescript-3437109293:design-family-bypass:3	P00190	natural	agent-typescript-3437109293			design-family-bypass	agent-typescript-3437109293:design-family-bypass:3
hard-negative:pilot-public-api:w1962:shipped-public-api:w1962	P00191	hard-negative		pilot-public-api	w1962	shipped-public-api	
natural:agent-python-3327267830:shipped-test-skip:7	P00192	natural	agent-python-3327267830			shipped-test-skip	agent-python-3327267830:shipped-test-skip:7
natural:agent-python-3327267830:shipped-test-skip:72	P00193	natural	agent-python-3327267830			shipped-test-skip	agent-python-3327267830:shipped-test-skip:72
natural:human-typescript-3089509964-2540072991:shipped-escapes:5	P00194	natural	human-typescript-3089509964-2540072991			shipped-escapes	human-typescript-3089509964-2540072991:shipped-escapes:5
natural:human-python-3338367670-2869308081:ruff-python-swallowed:189	P00195	natural	human-python-3338367670-2869308081			ruff-python-swallowed	human-python-3338367670-2869308081:ruff-python-swallowed:189
natural:human-python-3338367670-2869308081:ruff-python-swallowed:129	P00196	natural	human-python-3338367670-2869308081			ruff-python-swallowed	human-python-3338367670-2869308081:ruff-python-swallowed:129
natural:human-python-3338367670-2869308081:ruff-python-swallowed:74	P00197	natural	human-python-3338367670-2869308081			ruff-python-swallowed	human-python-3338367670-2869308081:ruff-python-swallowed:74
natural:agent-typescript-3391967160:shipped-stubs:1	P00198	natural	agent-typescript-3391967160			shipped-stubs	agent-typescript-3391967160:shipped-stubs:1
hard-negative:pilot-complexity:w792:shipped-complexity:w792	P00199	hard-negative		pilot-complexity	w792	shipped-complexity	
natural:agent-rust-3187718516:shipped-test-skip:2	P00200	natural	agent-rust-3187718516			shipped-test-skip	agent-rust-3187718516:shipped-test-skip:2
natural:human-python-3338367670-2869308081:ruff-python-swallowed:119	P00201	natural	human-python-3338367670-2869308081			ruff-python-swallowed	human-python-3338367670-2869308081:ruff-python-swallowed:119
natural:agent-typescript-3391967160:shipped-escapes:34	P00202	natural	agent-typescript-3391967160			shipped-escapes	agent-typescript-3391967160:shipped-escapes:34
natural:agent-python-3260236912:ruff-python-swallowed:8	P00203	natural	agent-python-3260236912			ruff-python-swallowed	agent-python-3260236912:ruff-python-swallowed:8
natural:human-python-3260236912-2597771531:ruff-python-swallowed:6	P00204	natural	human-python-3260236912-2597771531			ruff-python-swallowed	human-python-3260236912-2597771531:ruff-python-swallowed:6
natural:human-python-3338367670-2869308081:ruff-python-swallowed:133	P00205	natural	human-python-3338367670-2869308081			ruff-python-swallowed	human-python-3338367670-2869308081:ruff-python-swallowed:133
natural:human-python-3478506066-2888257815:ruff-python-swallowed:137	P00206	natural	human-python-3478506066-2888257815			ruff-python-swallowed	human-python-3478506066-2888257815:ruff-python-swallowed:137
natural:human-python-3478506066-2888257815:ruff-python-swallowed:156	P00207	natural	human-python-3478506066-2888257815			ruff-python-swallowed	human-python-3478506066-2888257815:ruff-python-swallowed:156
natural:agent-typescript-3519641294:shipped-escapes:3	P00208	natural	agent-typescript-3519641294			shipped-escapes	agent-typescript-3519641294:shipped-escapes:3
natural:human-python-3204494611-2708043208:ruff-python-injection:1	P00209	natural	human-python-3204494611-2708043208			ruff-python-injection	human-python-3204494611-2708043208:ruff-python-injection:1
natural:agent-python-3327267830:shipped-test-skip:5	P00210	natural	agent-python-3327267830			shipped-test-skip	agent-python-3327267830:shipped-test-skip:5
natural:agent-typescript-3332391124:design-component-cycle:1	P00211	natural	agent-typescript-3332391124			design-component-cycle	agent-typescript-3332391124:design-component-cycle:1
natural:human-typescript-3182983420-2724644741:shipped-escapes:1	P00212	natural	human-typescript-3182983420-2724644741			shipped-escapes	human-typescript-3182983420-2724644741:shipped-escapes:1
natural:agent-python-3327267830:shipped-test-skip:86	P00213	natural	agent-python-3327267830			shipped-test-skip	agent-python-3327267830:shipped-test-skip:86
natural:agent-typescript-3437109293:shipped-escapes:41	P00214	natural	agent-typescript-3437109293			shipped-escapes	agent-typescript-3437109293:shipped-escapes:41
hard-negative:pilot-public-api:w2461:shipped-public-api:w2461	P00215	hard-negative		pilot-public-api	w2461	shipped-public-api	
natural:human-rust-3411560345-2795897816:shipped-escapes:1	P00216	natural	human-rust-3411560345-2795897816			shipped-escapes	human-rust-3411560345-2795897816:shipped-escapes:1
natural:agent-typescript-2822630272:new-direct-dependency:2	P00217	natural	agent-typescript-2822630272			new-direct-dependency	agent-typescript-2822630272:new-direct-dependency:2
hard-negative:pilot-complexity:w1960:shipped-complexity:w1960	P00218	hard-negative		pilot-complexity	w1960	shipped-complexity	
natural:agent-rust-3465103781:design-registration-bypass:4	P00219	natural	agent-rust-3465103781			design-registration-bypass	agent-rust-3465103781:design-registration-bypass:4
natural:agent-python-3260236912:error-broad-handler:4	P00220	natural	agent-python-3260236912			error-broad-handler	agent-python-3260236912:error-broad-handler:4
hard-negative:pilot-complexity:w2585:shipped-complexity:w2585	P00221	hard-negative		pilot-complexity	w2585	shipped-complexity	
natural:agent-typescript-3280770728:new-direct-dependency:1	P00222	natural	agent-typescript-3280770728			new-direct-dependency	agent-typescript-3280770728:new-direct-dependency:1
natural:human-python-3478506066-2888257815:ruff-python-swallowed:135	P00223	natural	human-python-3478506066-2888257815			ruff-python-swallowed	human-python-3478506066-2888257815:ruff-python-swallowed:135
natural:agent-python-3527845500:ruff-python-swallowed:9	P00224	natural	agent-python-3527845500			ruff-python-swallowed	agent-python-3527845500:ruff-python-swallowed:9
natural:human-typescript-3357327691-2669782320:shipped-test-skip:2	P00225	natural	human-typescript-3357327691-2669782320			shipped-test-skip	human-typescript-3357327691-2669782320:shipped-test-skip:2
natural:human-python-3478506066-2888257815:ruff-python-swallowed:10	P00226	natural	human-python-3478506066-2888257815			ruff-python-swallowed	human-python-3478506066-2888257815:ruff-python-swallowed:10
natural:agent-typescript-3332391124:shipped-escapes:1	P00227	natural	agent-typescript-3332391124			shipped-escapes	agent-typescript-3332391124:shipped-escapes:1
natural:agent-python-3327267830:shipped-escapes:13	P00228	natural	agent-python-3327267830			shipped-escapes	agent-python-3327267830:shipped-escapes:13
natural:agent-python-3338367670:ruff-python-swallowed:13	P00229	natural	agent-python-3338367670			ruff-python-swallowed	agent-python-3338367670:ruff-python-swallowed:13
natural:human-python-3338367670-2869308081:ruff-python-injection:1	P00230	natural	human-python-3338367670-2869308081			ruff-python-injection	human-python-3338367670-2869308081:ruff-python-injection:1
natural:agent-python-3327267830:ruff-python-injection:1	P00231	natural	agent-python-3327267830			ruff-python-injection	agent-python-3327267830:ruff-python-injection:1
natural:agent-rust-3356723010:shipped-escapes:1	P00232	natural	agent-rust-3356723010			shipped-escapes	agent-rust-3356723010:shipped-escapes:1
natural:agent-python-3327267830:shipped-escapes:91	P00233	natural	agent-python-3327267830			shipped-escapes	agent-python-3327267830:shipped-escapes:91
natural:human-python-3203515928-2644838880:ruff-python-swallowed:6	P00234	natural	human-python-3203515928-2644838880			ruff-python-swallowed	human-python-3203515928-2644838880:ruff-python-swallowed:6
natural:human-python-3338367670-2869308081:ruff-python-swallowed:43	P00235	natural	human-python-3338367670-2869308081			ruff-python-swallowed	human-python-3338367670-2869308081:ruff-python-swallowed:43
natural:agent-typescript-3519641294:shipped-escapes:8	P00236	natural	agent-typescript-3519641294			shipped-escapes	agent-typescript-3519641294:shipped-escapes:8
natural:human-python-3338367670-2869308081:ruff-python-swallowed:76	P00237	natural	human-python-3338367670-2869308081			ruff-python-swallowed	human-python-3338367670-2869308081:ruff-python-swallowed:76
natural:agent-typescript-3437109293:shipped-test-skip:43	P00238	natural	agent-typescript-3437109293			shipped-test-skip	agent-typescript-3437109293:shipped-test-skip:43
natural:agent-python-3327267830:shipped-escapes:129	P00239	natural	agent-python-3327267830			shipped-escapes	agent-python-3327267830:shipped-escapes:129
natural:human-python-3078479848-2532899281:ruff-python-swallowed:1	P00240	natural	human-python-3078479848-2532899281			ruff-python-swallowed	human-python-3078479848-2532899281:ruff-python-swallowed:1
natural:agent-python-3441479674:ruff-python-swallowed:4	P00241	natural	agent-python-3441479674			ruff-python-swallowed	agent-python-3441479674:ruff-python-swallowed:4
natural:agent-python-3376791991:shipped-escapes:26	P00242	natural	agent-python-3376791991			shipped-escapes	agent-python-3376791991:shipped-escapes:26
natural:agent-python-3431634736:error-broad-handler:2	P00243	natural	agent-python-3431634736			error-broad-handler	agent-python-3431634736:error-broad-handler:2
natural:agent-typescript-3437109293:shipped-escapes:40	P00244	natural	agent-typescript-3437109293			shipped-escapes	agent-typescript-3437109293:shipped-escapes:40
natural:human-python-3300949868-2660724683:ruff-python-injection:1	P00245	natural	human-python-3300949868-2660724683			ruff-python-injection	human-python-3300949868-2660724683:ruff-python-injection:1
natural:agent-python-3327267830:shipped-test-skip:6	P00246	natural	agent-python-3327267830			shipped-test-skip	agent-python-3327267830:shipped-test-skip:6
natural:agent-python-3277187585:ruff-python-injection:2	P00247	natural	agent-python-3277187585			ruff-python-injection	agent-python-3277187585:ruff-python-injection:2
natural:agent-python-3327267830:shipped-test-skip:69	P00248	natural	agent-python-3327267830			shipped-test-skip	agent-python-3327267830:shipped-test-skip:69
natural:human-python-3478506066-2888257815:ruff-python-swallowed:172	P00249	natural	human-python-3478506066-2888257815			ruff-python-swallowed	human-python-3478506066-2888257815:ruff-python-swallowed:172
natural:human-python-3260236912-2597771531:new-direct-dependency:2	P00250	natural	human-python-3260236912-2597771531			new-direct-dependency	human-python-3260236912-2597771531:new-direct-dependency:2
natural:human-python-3338367670-2869308081:ruff-python-swallowed:168	P00251	natural	human-python-3338367670-2869308081			ruff-python-swallowed	human-python-3338367670-2869308081:ruff-python-swallowed:168
natural:agent-python-3327267830:shipped-test-skip:16	P00252	natural	agent-python-3327267830			shipped-test-skip	agent-python-3327267830:shipped-test-skip:16
natural:agent-python-3327267830:shipped-test-skip:148	P00253	natural	agent-python-3327267830			shipped-test-skip	agent-python-3327267830:shipped-test-skip:148
natural:agent-python-3327267830:shipped-test-skip:59	P00254	natural	agent-python-3327267830			shipped-test-skip	agent-python-3327267830:shipped-test-skip:59
natural:agent-python-3327267830:shipped-escapes:55	P00255	natural	agent-python-3327267830			shipped-escapes	agent-python-3327267830:shipped-escapes:55
natural:agent-python-3327267830:shipped-escapes:142	P00256	natural	agent-python-3327267830			shipped-escapes	agent-python-3327267830:shipped-escapes:142
natural:human-python-3288751740-2848154600:ruff-python-swallowed:2	P00257	natural	human-python-3288751740-2848154600			ruff-python-swallowed	human-python-3288751740-2848154600:ruff-python-swallowed:2
natural:human-python-3478506066-2888257815:ruff-python-swallowed:120	P00258	natural	human-python-3478506066-2888257815			ruff-python-swallowed	human-python-3478506066-2888257815:ruff-python-swallowed:120
natural:agent-python-3327267830:shipped-escapes:148	P00259	natural	agent-python-3327267830			shipped-escapes	agent-python-3327267830:shipped-escapes:148
natural:human-python-3338367670-2869308081:ruff-python-swallowed:137	P00260	natural	human-python-3338367670-2869308081			ruff-python-swallowed	human-python-3338367670-2869308081:ruff-python-swallowed:137
natural:human-typescript-3182983420-2724644741:shipped-test-skip:8	P00261	natural	human-typescript-3182983420-2724644741			shipped-test-skip	human-typescript-3182983420-2724644741:shipped-test-skip:8
natural:agent-typescript-3437109293:shipped-escapes:49	P00262	natural	agent-typescript-3437109293			shipped-escapes	agent-typescript-3437109293:shipped-escapes:49
natural:human-python-3338367670-2869308081:ruff-python-swallowed:67	P00263	natural	human-python-3338367670-2869308081			ruff-python-swallowed	human-python-3338367670-2869308081:ruff-python-swallowed:67
natural:human-python-3478506066-2888257815:ruff-python-swallowed:111	P00264	natural	human-python-3478506066-2888257815			ruff-python-swallowed	human-python-3478506066-2888257815:ruff-python-swallowed:111
natural:agent-python-3338367670:ruff-python-swallowed:4	P00265	natural	agent-python-3338367670			ruff-python-swallowed	agent-python-3338367670:ruff-python-swallowed:4
natural:human-python-3338367670-2869308081:ruff-python-swallowed:53	P00266	natural	human-python-3338367670-2869308081			ruff-python-swallowed	human-python-3338367670-2869308081:ruff-python-swallowed:53
hard-negative:pilot-public-api:w1083:shipped-public-api:w1083	P00267	hard-negative		pilot-public-api	w1083	shipped-public-api	
natural:human-typescript-3089509964-2540072991:shipped-test-skip:6	P00268	natural	human-typescript-3089509964-2540072991			shipped-test-skip	human-typescript-3089509964-2540072991:shipped-test-skip:6
natural:human-python-3078479848-2532899281:ruff-python-swallowed:2	P00269	natural	human-python-3078479848-2532899281			ruff-python-swallowed	human-python-3078479848-2532899281:ruff-python-swallowed:2
natural:agent-typescript-3519641294:shipped-escapes:9	P00270	natural	agent-typescript-3519641294			shipped-escapes	agent-typescript-3519641294:shipped-escapes:9
natural:human-typescript-3286267234-2715577169:shipped-escapes:4	P00271	natural	human-typescript-3286267234-2715577169			shipped-escapes	human-typescript-3286267234-2715577169:shipped-escapes:4
natural:agent-python-3327267830:shipped-escapes:71	P00272	natural	agent-python-3327267830			shipped-escapes	agent-python-3327267830:shipped-escapes:71
natural:human-python-3441479674-2884784925:new-direct-dependency:1	P00273	natural	human-python-3441479674-2884784925			new-direct-dependency	human-python-3441479674-2884784925:new-direct-dependency:1
natural:human-typescript-3357327691-2669782320:shipped-escapes:1	P00274	natural	human-typescript-3357327691-2669782320			shipped-escapes	human-typescript-3357327691-2669782320:shipped-escapes:1
natural:human-python-3478506066-2888257815:ruff-python-swallowed:188	P00275	natural	human-python-3478506066-2888257815			ruff-python-swallowed	human-python-3478506066-2888257815:ruff-python-swallowed:188
natural:human-python-3338367670-2869308081:ruff-python-swallowed:14	P00276	natural	human-python-3338367670-2869308081			ruff-python-swallowed	human-python-3338367670-2869308081:ruff-python-swallowed:14
natural:human-python-3260236912-2597771531:shipped-escapes:1	P00277	natural	human-python-3260236912-2597771531			shipped-escapes	human-python-3260236912-2597771531:shipped-escapes:1
natural:agent-typescript-3437109293:shipped-escapes:37	P00278	natural	agent-typescript-3437109293			shipped-escapes	agent-typescript-3437109293:shipped-escapes:37
natural:human-typescript-3182983420-2724644741:shipped-escapes:18	P00279	natural	human-typescript-3182983420-2724644741			shipped-escapes	human-typescript-3182983420-2724644741:shipped-escapes:18
natural:agent-python-3338367670:ruff-python-swallowed:90	P00280	natural	agent-python-3338367670			ruff-python-swallowed	agent-python-3338367670:ruff-python-swallowed:90
natural:agent-typescript-3332391124:shipped-test-skip:2	P00281	natural	agent-typescript-3332391124			shipped-test-skip	agent-typescript-3332391124:shipped-test-skip:2
hard-negative:pilot-public-api:w2322:shipped-public-api:w2322	P00282	hard-negative		pilot-public-api	w2322	shipped-public-api	
natural:human-python-3478506066-2888257815:ruff-python-swallowed:192	P00283	natural	human-python-3478506066-2888257815			ruff-python-swallowed	human-python-3478506066-2888257815:ruff-python-swallowed:192
natural:human-python-3431634736-2875708814:ruff-python-swallowed:1	P00284	natural	human-python-3431634736-2875708814			ruff-python-swallowed	human-python-3431634736-2875708814:ruff-python-swallowed:1
natural:agent-python-3327267830:shipped-escapes:84	P00285	natural	agent-python-3327267830			shipped-escapes	agent-python-3327267830:shipped-escapes:84
natural:human-python-3338367670-2869308081:ruff-python-swallowed:128	P00286	natural	human-python-3338367670-2869308081			ruff-python-swallowed	human-python-3338367670-2869308081:ruff-python-swallowed:128
natural:agent-rust-3086723892:shipped-escapes:4	P00287	natural	agent-rust-3086723892			shipped-escapes	agent-rust-3086723892:shipped-escapes:4
natural:agent-python-3376791991:shipped-escapes:2	P00288	natural	agent-python-3376791991			shipped-escapes	agent-python-3376791991:shipped-escapes:2
natural:human-rust-3531565119-2862507726:new-direct-dependency:1	P00289	natural	human-rust-3531565119-2862507726			new-direct-dependency	human-rust-3531565119-2862507726:new-direct-dependency:1
natural:human-typescript-3357327691-2669782320:shipped-module-cycle:6	P00290	natural	human-typescript-3357327691-2669782320			shipped-module-cycle	human-typescript-3357327691-2669782320:shipped-module-cycle:6
natural:human-rust-3481817276-2756620376:shipped-escapes:2	P00291	natural	human-rust-3481817276-2756620376			shipped-escapes	human-rust-3481817276-2756620376:shipped-escapes:2
natural:agent-python-3260236912:ruff-python-swallowed:5	P00292	natural	agent-python-3260236912			ruff-python-swallowed	agent-python-3260236912:ruff-python-swallowed:5
natural:human-python-3338367670-2869308081:ruff-python-swallowed:63	P00293	natural	human-python-3338367670-2869308081			ruff-python-swallowed	human-python-3338367670-2869308081:ruff-python-swallowed:63
natural:human-typescript-3182983420-2724644741:shipped-escapes:3	P00294	natural	human-typescript-3182983420-2724644741			shipped-escapes	human-typescript-3182983420-2724644741:shipped-escapes:3
natural:agent-python-3431634736:ruff-python-swallowed:20	P00295	natural	agent-python-3431634736			ruff-python-swallowed	agent-python-3431634736:ruff-python-swallowed:20
natural:human-python-3338367670-2869308081:ruff-python-swallowed:114	P00296	natural	human-python-3338367670-2869308081			ruff-python-swallowed	human-python-3338367670-2869308081:ruff-python-swallowed:114
natural:agent-typescript-3238312359:shipped-escapes:1	P00297	natural	agent-typescript-3238312359			shipped-escapes	agent-typescript-3238312359:shipped-escapes:1
natural:human-python-3478506066-2888257815:ruff-python-swallowed:191	P00298	natural	human-python-3478506066-2888257815			ruff-python-swallowed	human-python-3478506066-2888257815:ruff-python-swallowed:191
natural:agent-rust-3465103781:design-registration-bypass:3	P00299	natural	agent-rust-3465103781			design-registration-bypass	agent-rust-3465103781:design-registration-bypass:3
hard-negative:pilot-public-api:w1272:shipped-public-api:w1272	P00300	hard-negative		pilot-public-api	w1272	shipped-public-api	
natural:human-typescript-3131982797-2547389241:shipped-test-skip:1	P00301	natural	human-typescript-3131982797-2547389241			shipped-test-skip	human-typescript-3131982797-2547389241:shipped-test-skip:1
hard-negative:pilot-complexity:w1466:shipped-complexity:w1466	P00302	hard-negative		pilot-complexity	w1466	shipped-complexity	
natural:agent-python-3327267830:ruff-python-swallowed:7	P00303	natural	agent-python-3327267830			ruff-python-swallowed	agent-python-3327267830:ruff-python-swallowed:7
natural:human-python-3478506066-2888257815:ruff-python-swallowed:173	P00304	natural	human-python-3478506066-2888257815			ruff-python-swallowed	human-python-3478506066-2888257815:ruff-python-swallowed:173
natural:human-python-3338367670-2869308081:ruff-python-swallowed:93	P00305	natural	human-python-3338367670-2869308081			ruff-python-swallowed	human-python-3338367670-2869308081:ruff-python-swallowed:93
natural:agent-python-3260236912:ruff-python-swallowed:1	P00306	natural	agent-python-3260236912			ruff-python-swallowed	agent-python-3260236912:ruff-python-swallowed:1
natural:human-rust-3070149818-2405390894:shipped-escapes:1	P00307	natural	human-rust-3070149818-2405390894			shipped-escapes	human-rust-3070149818-2405390894:shipped-escapes:1
natural:agent-typescript-3391967160:shipped-escapes:4	P00308	natural	agent-typescript-3391967160			shipped-escapes	agent-typescript-3391967160:shipped-escapes:4
natural:agent-rust-3541394251:shipped-test-skip:3	P00309	natural	agent-rust-3541394251			shipped-test-skip	agent-rust-3541394251:shipped-test-skip:3
natural:agent-python-3327267830:shipped-escapes:126	P00310	natural	agent-python-3327267830			shipped-escapes	agent-python-3327267830:shipped-escapes:126
natural:human-python-3338367670-2869308081:ruff-python-swallowed:64	P00311	natural	human-python-3338367670-2869308081			ruff-python-swallowed	human-python-3338367670-2869308081:ruff-python-swallowed:64
natural:agent-python-3327267830:shipped-test-skip:77	P00312	natural	agent-python-3327267830			shipped-test-skip	agent-python-3327267830:shipped-test-skip:77
natural:human-python-3338367670-2869308081:ruff-python-swallowed:79	P00313	natural	human-python-3338367670-2869308081			ruff-python-swallowed	human-python-3338367670-2869308081:ruff-python-swallowed:79
natural:human-typescript-3357327691-2669782320:shipped-escapes:4	P00314	natural	human-typescript-3357327691-2669782320			shipped-escapes	human-typescript-3357327691-2669782320:shipped-escapes:4
natural:agent-python-3338367670:ruff-python-swallowed:28	P00315	natural	agent-python-3338367670			ruff-python-swallowed	agent-python-3338367670:ruff-python-swallowed:28
hard-negative:pilot-public-api:w1542:shipped-public-api:w1542	P00316	hard-negative		pilot-public-api	w1542	shipped-public-api	
natural:agent-python-3327267830:shipped-escapes:2	P00317	natural	agent-python-3327267830			shipped-escapes	agent-python-3327267830:shipped-escapes:2
natural:human-python-3338367670-2869308081:ruff-python-injection:6	P00318	natural	human-python-3338367670-2869308081			ruff-python-injection	human-python-3338367670-2869308081:ruff-python-injection:6
natural:human-python-3260236912-2597771531:ruff-python-swallowed:5	P00319	natural	human-python-3260236912-2597771531			ruff-python-swallowed	human-python-3260236912-2597771531:ruff-python-swallowed:5
natural:agent-rust-3465103781:shipped-module-cycle:8	P00320	natural	agent-rust-3465103781			shipped-module-cycle	agent-rust-3465103781:shipped-module-cycle:8
natural:agent-python-3376791991:shipped-test-skip:11	P00321	natural	agent-python-3376791991			shipped-test-skip	agent-python-3376791991:shipped-test-skip:11
natural:agent-rust-3187718516:test-new-unchecked:11	P00322	natural	agent-rust-3187718516			test-new-unchecked	agent-rust-3187718516:test-new-unchecked:11
natural:agent-rust-3541403320:shipped-escapes:1	P00323	natural	agent-rust-3541403320			shipped-escapes	agent-rust-3541403320:shipped-escapes:1
natural:agent-typescript-3391967160:shipped-test-skip:27	P00324	natural	agent-typescript-3391967160			shipped-test-skip	agent-typescript-3391967160:shipped-test-skip:27
natural:human-python-3338367670-2869308081:ruff-python-swallowed:106	P00325	natural	human-python-3338367670-2869308081			ruff-python-swallowed	human-python-3338367670-2869308081:ruff-python-swallowed:106
natural:agent-python-3338367670:ruff-python-swallowed:9	P00326	natural	agent-python-3338367670			ruff-python-swallowed	agent-python-3338367670:ruff-python-swallowed:9
natural:human-python-3204494611-2708043208:ruff-python-swallowed:2	P00327	natural	human-python-3204494611-2708043208			ruff-python-swallowed	human-python-3204494611-2708043208:ruff-python-swallowed:2
natural:human-python-3203515928-2644838880:ruff-python-swallowed:1	P00328	natural	human-python-3203515928-2644838880			ruff-python-swallowed	human-python-3203515928-2644838880:ruff-python-swallowed:1
hard-negative:pilot-complexity:w1164:shipped-complexity:w1164	P00329	hard-negative		pilot-complexity	w1164	shipped-complexity	
natural:human-python-3204494611-2708043208:ruff-python-swallowed:3	P00330	natural	human-python-3204494611-2708043208			ruff-python-swallowed	human-python-3204494611-2708043208:ruff-python-swallowed:3
natural:agent-python-3260236912:shipped-escapes:2	P00331	natural	agent-python-3260236912			shipped-escapes	agent-python-3260236912:shipped-escapes:2
natural:agent-typescript-2836523710:new-direct-dependency:11	P00332	natural	agent-typescript-2836523710			new-direct-dependency	agent-typescript-2836523710:new-direct-dependency:11
natural:agent-typescript-2822630272:shipped-lockfile:2	P00333	natural	agent-typescript-2822630272			shipped-lockfile	agent-typescript-2822630272:shipped-lockfile:2
natural:agent-python-3327267830:shipped-test-skip:80	P00334	natural	agent-python-3327267830			shipped-test-skip	agent-python-3327267830:shipped-test-skip:80
natural:human-python-3478506066-2888257815:ruff-python-swallowed:5	P00335	natural	human-python-3478506066-2888257815			ruff-python-swallowed	human-python-3478506066-2888257815:ruff-python-swallowed:5
natural:human-python-3338367670-2869308081:error-broad-handler:1	P00336	natural	human-python-3338367670-2869308081			error-broad-handler	human-python-3338367670-2869308081:error-broad-handler:1
natural:agent-python-3327267830:shipped-escapes:48	P00337	natural	agent-python-3327267830			shipped-escapes	agent-python-3327267830:shipped-escapes:48
hard-negative:pilot-escapes:w1400:shipped-escapes:w1400	P00338	hard-negative		pilot-escapes	w1400	shipped-escapes	
natural:agent-typescript-3391967160:shipped-test-skip:22	P00339	natural	agent-typescript-3391967160			shipped-test-skip	agent-typescript-3391967160:shipped-test-skip:22
natural:agent-rust-3287031579:test-new-unchecked:2	P00340	natural	agent-rust-3287031579			test-new-unchecked	agent-rust-3287031579:test-new-unchecked:2
hard-negative:pilot-complexity:w1791:shipped-complexity:w1791	P00341	hard-negative		pilot-complexity	w1791	shipped-complexity	
natural:agent-python-3467152502:ruff-python-swallowed:6	P00342	natural	agent-python-3467152502			ruff-python-swallowed	agent-python-3467152502:ruff-python-swallowed:6
natural:human-rust-3070149818-2405390894:shipped-test-skip:1	P00343	natural	human-rust-3070149818-2405390894			shipped-test-skip	human-rust-3070149818-2405390894:shipped-test-skip:1
natural:agent-python-3467152502:ruff-python-swallowed:2	P00344	natural	agent-python-3467152502			ruff-python-swallowed	agent-python-3467152502:ruff-python-swallowed:2
natural:agent-python-3311111058:shipped-escapes:5	P00345	natural	agent-python-3311111058			shipped-escapes	agent-python-3311111058:shipped-escapes:5
natural:agent-python-3311111058:shipped-test-skip:1	P00346	natural	agent-python-3311111058			shipped-test-skip	agent-python-3311111058:shipped-test-skip:1
hard-negative:pilot-public-api:w318:shipped-public-api:w318	P00347	hard-negative		pilot-public-api	w318	shipped-public-api	
natural:agent-python-3327267830:shipped-test-skip:12	P00348	natural	agent-python-3327267830			shipped-test-skip	agent-python-3327267830:shipped-test-skip:12
natural:human-rust-3070149818-2405390894:shipped-test-skip:3	P00349	natural	human-rust-3070149818-2405390894			shipped-test-skip	human-rust-3070149818-2405390894:shipped-test-skip:3
natural:agent-typescript-3332391124:shipped-test-skip:6	P00350	natural	agent-typescript-3332391124			shipped-test-skip	agent-typescript-3332391124:shipped-test-skip:6
natural:human-python-3338367670-2869308081:ruff-python-swallowed:126	P00351	natural	human-python-3338367670-2869308081			ruff-python-swallowed	human-python-3338367670-2869308081:ruff-python-swallowed:126
natural:human-python-3260236912-2597771531:shipped-stubs:1	P00352	natural	human-python-3260236912-2597771531			shipped-stubs	human-python-3260236912-2597771531:shipped-stubs:1
natural:agent-python-3327267830:shipped-test-skip:107	P00353	natural	agent-python-3327267830			shipped-test-skip	agent-python-3327267830:shipped-test-skip:107
natural:human-python-3478506066-2888257815:ruff-python-swallowed:123	P00354	natural	human-python-3478506066-2888257815			ruff-python-swallowed	human-python-3478506066-2888257815:ruff-python-swallowed:123
natural:agent-typescript-3391967160:shipped-escapes:21	P00355	natural	agent-typescript-3391967160			shipped-escapes	agent-typescript-3391967160:shipped-escapes:21
natural:human-python-3338367670-2869308081:ruff-python-swallowed:150	P00356	natural	human-python-3338367670-2869308081			ruff-python-swallowed	human-python-3338367670-2869308081:ruff-python-swallowed:150
natural:human-typescript-3182983420-2724644741:shipped-test-skip:15	P00357	natural	human-typescript-3182983420-2724644741			shipped-test-skip	human-typescript-3182983420-2724644741:shipped-test-skip:15
natural:human-python-3338367670-2869308081:ruff-python-swallowed:139	P00358	natural	human-python-3338367670-2869308081			ruff-python-swallowed	human-python-3338367670-2869308081:ruff-python-swallowed:139
natural:agent-typescript-3391967160:shipped-test-skip:13	P00359	natural	agent-typescript-3391967160			shipped-test-skip	agent-typescript-3391967160:shipped-test-skip:13
natural:human-typescript-3089509964-2540072991:shipped-escapes:3	P00360	natural	human-typescript-3089509964-2540072991			shipped-escapes	human-typescript-3089509964-2540072991:shipped-escapes:3
natural:human-python-3260236912-2597771531:ruff-python-swallowed:7	P00361	natural	human-python-3260236912-2597771531			ruff-python-swallowed	human-python-3260236912-2597771531:ruff-python-swallowed:7
natural:agent-python-3327267830:shipped-escapes:105	P00362	natural	agent-python-3327267830			shipped-escapes	agent-python-3327267830:shipped-escapes:105
natural:human-rust-3345003106-2785276436:shipped-escapes:1	P00363	natural	human-rust-3345003106-2785276436			shipped-escapes	human-rust-3345003106-2785276436:shipped-escapes:1
natural:human-python-3478506066-2888257815:ruff-python-swallowed:142	P00364	natural	human-python-3478506066-2888257815			ruff-python-swallowed	human-python-3478506066-2888257815:ruff-python-swallowed:142
natural:agent-typescript-3391967160:shipped-escapes:7	P00365	natural	agent-typescript-3391967160			shipped-escapes	agent-typescript-3391967160:shipped-escapes:7
natural:agent-python-3203515928:ruff-python-swallowed:9	P00366	natural	agent-python-3203515928			ruff-python-swallowed	agent-python-3203515928:ruff-python-swallowed:9
natural:agent-typescript-3437109293:shipped-test-skip:31	P00367	natural	agent-typescript-3437109293			shipped-test-skip	agent-typescript-3437109293:shipped-test-skip:31
natural:human-typescript-3357327691-2669782320:shipped-escapes:7	P00368	natural	human-typescript-3357327691-2669782320			shipped-escapes	human-typescript-3357327691-2669782320:shipped-escapes:7
natural:human-python-3478506066-2888257815:ruff-python-swallowed:163	P00369	natural	human-python-3478506066-2888257815			ruff-python-swallowed	human-python-3478506066-2888257815:ruff-python-swallowed:163
natural:agent-python-3327267830:shipped-test-skip:56	P00370	natural	agent-python-3327267830			shipped-test-skip	agent-python-3327267830:shipped-test-skip:56
natural:human-typescript-3357327691-2669782320:shipped-test-skip:4	P00371	natural	human-typescript-3357327691-2669782320			shipped-test-skip	human-typescript-3357327691-2669782320:shipped-test-skip:4
hard-negative:pilot-escapes:w963:shipped-escapes:w963	P00372	hard-negative		pilot-escapes	w963	shipped-escapes	
natural:agent-typescript-3391967160:shipped-escapes:42	P00373	natural	agent-typescript-3391967160			shipped-escapes	agent-typescript-3391967160:shipped-escapes:42
natural:agent-python-3260236912:shipped-escapes:3	P00374	natural	agent-python-3260236912			shipped-escapes	agent-python-3260236912:shipped-escapes:3
hard-negative:pilot-complexity:w555:shipped-complexity:w555	P00375	hard-negative		pilot-complexity	w555	shipped-complexity	
natural:human-python-3260236912-2597771531:new-direct-dependency:10	P00376	natural	human-python-3260236912-2597771531			new-direct-dependency	human-python-3260236912-2597771531:new-direct-dependency:10
natural:human-typescript-3182983420-2724644741:shipped-test-skip:19	P00377	natural	human-typescript-3182983420-2724644741			shipped-test-skip	human-typescript-3182983420-2724644741:shipped-test-skip:19
natural:agent-typescript-3332391124:design-component-cycle:4	P00378	natural	agent-typescript-3332391124			design-component-cycle	agent-typescript-3332391124:design-component-cycle:4
natural:agent-typescript-3391967160:shipped-escapes:46	P00379	natural	agent-typescript-3391967160			shipped-escapes	agent-typescript-3391967160:shipped-escapes:46
natural:human-typescript-3357327691-2669782320:shipped-module-cycle:5	P00380	natural	human-typescript-3357327691-2669782320			shipped-module-cycle	human-typescript-3357327691-2669782320:shipped-module-cycle:5
natural:agent-python-3327267830:shipped-escapes:26	P00381	natural	agent-python-3327267830			shipped-escapes	agent-python-3327267830:shipped-escapes:26
hard-negative:pilot-public-api:w144:shipped-public-api:w144	P00382	hard-negative		pilot-public-api	w144	shipped-public-api	
hard-negative:pilot-public-api:w190:shipped-public-api:w190	P00383	hard-negative		pilot-public-api	w190	shipped-public-api	
natural:agent-python-3338367670:ruff-python-swallowed:17	P00384	natural	agent-python-3338367670			ruff-python-swallowed	agent-python-3338367670:ruff-python-swallowed:17
natural:agent-typescript-3437109293:shipped-test-skip:39	P00385	natural	agent-typescript-3437109293			shipped-test-skip	agent-typescript-3437109293:shipped-test-skip:39
natural:agent-rust-3355917270:shipped-escapes:2	P00386	natural	agent-rust-3355917270			shipped-escapes	agent-rust-3355917270:shipped-escapes:2
natural:human-python-3478506066-2888257815:ruff-python-swallowed:81	P00387	natural	human-python-3478506066-2888257815			ruff-python-swallowed	human-python-3478506066-2888257815:ruff-python-swallowed:81
natural:agent-rust-3541394251:shipped-escapes:3	P00388	natural	agent-rust-3541394251			shipped-escapes	agent-rust-3541394251:shipped-escapes:3
natural:agent-typescript-2822630272:shipped-lockfile:3	P00389	natural	agent-typescript-2822630272			shipped-lockfile	agent-typescript-2822630272:shipped-lockfile:3
natural:agent-rust-3187718516:new-direct-dependency:7	P00390	natural	agent-rust-3187718516			new-direct-dependency	agent-rust-3187718516:new-direct-dependency:7
natural:agent-typescript-3368681439:shipped-test-skip:3	P00391	natural	agent-typescript-3368681439			shipped-test-skip	agent-typescript-3368681439:shipped-test-skip:3
natural:human-python-3338367670-2869308081:ruff-python-swallowed:118	P00392	natural	human-python-3338367670-2869308081			ruff-python-swallowed	human-python-3338367670-2869308081:ruff-python-swallowed:118
natural:agent-typescript-3357327691:shipped-escapes:3	P00393	natural	agent-typescript-3357327691			shipped-escapes	agent-typescript-3357327691:shipped-escapes:3
natural:agent-typescript-3437109293:shipped-test-skip:3	P00394	natural	agent-typescript-3437109293			shipped-test-skip	agent-typescript-3437109293:shipped-test-skip:3
natural:human-typescript-3357327691-2669782320:shipped-escapes:8	P00395	natural	human-typescript-3357327691-2669782320			shipped-escapes	human-typescript-3357327691-2669782320:shipped-escapes:8
natural:human-python-3338367670-2869308081:ruff-python-swallowed:121	P00396	natural	human-python-3338367670-2869308081			ruff-python-swallowed	human-python-3338367670-2869308081:ruff-python-swallowed:121
natural:human-python-3478506066-2888257815:ruff-python-swallowed:184	P00397	natural	human-python-3478506066-2888257815			ruff-python-swallowed	human-python-3478506066-2888257815:ruff-python-swallowed:184
natural:human-python-3478506066-2888257815:ruff-python-swallowed:180	P00398	natural	human-python-3478506066-2888257815			ruff-python-swallowed	human-python-3478506066-2888257815:ruff-python-swallowed:180
natural:human-python-3338367670-2869308081:ruff-python-swallowed:131	P00399	natural	human-python-3338367670-2869308081			ruff-python-swallowed	human-python-3338367670-2869308081:ruff-python-swallowed:131
natural:human-python-3338367670-2869308081:ruff-python-swallowed:127	P00400	natural	human-python-3338367670-2869308081			ruff-python-swallowed	human-python-3338367670-2869308081:ruff-python-swallowed:127
natural:human-typescript-2822630272-2331680308:shipped-test-skip:2	P00401	natural	human-typescript-2822630272-2331680308			shipped-test-skip	human-typescript-2822630272-2331680308:shipped-test-skip:2
natural:agent-typescript-3437109293:shipped-test-skip:35	P00402	natural	agent-typescript-3437109293			shipped-test-skip	agent-typescript-3437109293:shipped-test-skip:35
natural:human-python-3338367670-2869308081:ruff-python-swallowed:62	P00403	natural	human-python-3338367670-2869308081			ruff-python-swallowed	human-python-3338367670-2869308081:ruff-python-swallowed:62
natural:agent-typescript-3368681439:shipped-escapes:4	P00404	natural	agent-typescript-3368681439			shipped-escapes	agent-typescript-3368681439:shipped-escapes:4
natural:agent-python-3327267830:shipped-escapes:110	P00405	natural	agent-python-3327267830			shipped-escapes	agent-python-3327267830:shipped-escapes:110
natural:human-typescript-3357327691-2669782320:shipped-module-cycle:4	P00406	natural	human-typescript-3357327691-2669782320			shipped-module-cycle	human-typescript-3357327691-2669782320:shipped-module-cycle:4
natural:agent-python-3478506066:ruff-python-swallowed:23	P00407	natural	agent-python-3478506066			ruff-python-swallowed	agent-python-3478506066:ruff-python-swallowed:23
natural:human-typescript-3182983420-2724644741:shipped-test-skip:3	P00408	natural	human-typescript-3182983420-2724644741			shipped-test-skip	human-typescript-3182983420-2724644741:shipped-test-skip:3
natural:human-python-3338367670-2869308081:ruff-python-swallowed:156	P00409	natural	human-python-3338367670-2869308081			ruff-python-swallowed	human-python-3338367670-2869308081:ruff-python-swallowed:156
natural:agent-python-3338367670:error-broad-handler:10	P00410	natural	agent-python-3338367670			error-broad-handler	agent-python-3338367670:error-broad-handler:10
natural:agent-python-3327267830:shipped-escapes:17	P00411	natural	agent-python-3327267830			shipped-escapes	agent-python-3327267830:shipped-escapes:17
natural:agent-python-3203515928:ruff-python-swallowed:3	P00412	natural	agent-python-3203515928			ruff-python-swallowed	agent-python-3203515928:ruff-python-swallowed:3
natural:agent-python-3327267830:shipped-test-skip:3	P00413	natural	agent-python-3327267830			shipped-test-skip	agent-python-3327267830:shipped-test-skip:3
natural:agent-typescript-3391967160:shipped-escapes:17	P00414	natural	agent-typescript-3391967160			shipped-escapes	agent-typescript-3391967160:shipped-escapes:17
natural:agent-python-3478506066:ruff-python-swallowed:10	P00415	natural	agent-python-3478506066			ruff-python-swallowed	agent-python-3478506066:ruff-python-swallowed:10
hard-negative:pilot-complexity:w1597:shipped-complexity:w1597	P00416	hard-negative		pilot-complexity	w1597	shipped-complexity	
natural:human-python-3467152502-2897921621:ruff-python-swallowed:1	P00417	natural	human-python-3467152502-2897921621			ruff-python-swallowed	human-python-3467152502-2897921621:ruff-python-swallowed:1
natural:human-python-3288751740-2848154600:ruff-python-swallowed:5	P00418	natural	human-python-3288751740-2848154600			ruff-python-swallowed	human-python-3288751740-2848154600:ruff-python-swallowed:5
natural:agent-typescript-3437109293:shipped-escapes:10	P00419	natural	agent-typescript-3437109293			shipped-escapes	agent-typescript-3437109293:shipped-escapes:10
natural:agent-python-3478506066:ruff-python-swallowed:9	P00420	natural	agent-python-3478506066			ruff-python-swallowed	agent-python-3478506066:ruff-python-swallowed:9
hard-negative:pilot-complexity:w1829:shipped-complexity:w1829	P00421	hard-negative		pilot-complexity	w1829	shipped-complexity	
natural:agent-python-3136525932:ruff-python-swallowed:3	P00422	natural	agent-python-3136525932			ruff-python-swallowed	agent-python-3136525932:ruff-python-swallowed:3
natural:agent-typescript-3391967160:shipped-escapes:26	P00423	natural	agent-typescript-3391967160			shipped-escapes	agent-typescript-3391967160:shipped-escapes:26
natural:agent-rust-3086723892:shipped-escapes:2	P00424	natural	agent-rust-3086723892			shipped-escapes	agent-rust-3086723892:shipped-escapes:2
natural:human-python-3338367670-2869308081:ruff-python-swallowed:152	P00425	natural	human-python-3338367670-2869308081			ruff-python-swallowed	human-python-3338367670-2869308081:ruff-python-swallowed:152
natural:agent-python-3327267830:shipped-test-skip:122	P00426	natural	agent-python-3327267830			shipped-test-skip	agent-python-3327267830:shipped-test-skip:122
natural:agent-python-3327267830:shipped-test-skip:74	P00427	natural	agent-python-3327267830			shipped-test-skip	agent-python-3327267830:shipped-test-skip:74
natural:agent-python-3327267830:shipped-test-skip:33	P00428	natural	agent-python-3327267830			shipped-test-skip	agent-python-3327267830:shipped-test-skip:33
natural:agent-python-3376791991:shipped-test-skip:25	P00429	natural	agent-python-3376791991			shipped-test-skip	agent-python-3376791991:shipped-test-skip:25
natural:agent-python-3327267830:shipped-escapes:127	P00430	natural	agent-python-3327267830			shipped-escapes	agent-python-3327267830:shipped-escapes:127
natural:agent-python-3327267830:ruff-python-swallowed:36	P00431	natural	agent-python-3327267830			ruff-python-swallowed	agent-python-3327267830:ruff-python-swallowed:36
natural:human-python-3260236912-2597771531:ruff-python-swallowed:8	P00432	natural	human-python-3260236912-2597771531			ruff-python-swallowed	human-python-3260236912-2597771531:ruff-python-swallowed:8
natural:human-typescript-3368681439-2692810552:shipped-test-skip:2	P00433	natural	human-typescript-3368681439-2692810552			shipped-test-skip	human-typescript-3368681439-2692810552:shipped-test-skip:2
natural:human-python-3288751740-2848154600:ruff-python-swallowed:3	P00434	natural	human-python-3288751740-2848154600			ruff-python-swallowed	human-python-3288751740-2848154600:ruff-python-swallowed:3
natural:agent-typescript-3391967160:shipped-test-skip:23	P00435	natural	agent-typescript-3391967160			shipped-test-skip	agent-typescript-3391967160:shipped-test-skip:23
natural:human-typescript-3332391124-2701990016:shipped-test-skip:3	P00436	natural	human-typescript-3332391124-2701990016			shipped-test-skip	human-typescript-3332391124-2701990016:shipped-test-skip:3
natural:human-python-3338367670-2869308081:ruff-python-swallowed:99	P00437	natural	human-python-3338367670-2869308081			ruff-python-swallowed	human-python-3338367670-2869308081:ruff-python-swallowed:99
natural:human-typescript-3357327691-2669782320:shipped-module-cycle:8	P00438	natural	human-typescript-3357327691-2669782320			shipped-module-cycle	human-typescript-3357327691-2669782320:shipped-module-cycle:8
natural:agent-python-3338367670:ruff-python-swallowed:39	P00439	natural	agent-python-3338367670			ruff-python-swallowed	agent-python-3338367670:ruff-python-swallowed:39
natural:agent-python-3251895270:ruff-python-injection:4	P00440	natural	agent-python-3251895270			ruff-python-injection	agent-python-3251895270:ruff-python-injection:4
natural:agent-typescript-3391967160:shipped-escapes:30	P00441	natural	agent-typescript-3391967160			shipped-escapes	agent-typescript-3391967160:shipped-escapes:30
natural:human-python-3078818623-2538909715:ruff-python-swallowed:1	P00442	natural	human-python-3078818623-2538909715			ruff-python-swallowed	human-python-3078818623-2538909715:ruff-python-swallowed:1
natural:agent-python-3327267830:shipped-test-skip:103	P00443	natural	agent-python-3327267830			shipped-test-skip	agent-python-3327267830:shipped-test-skip:103
natural:agent-python-3376791991:shipped-escapes:5	P00444	natural	agent-python-3376791991			shipped-escapes	agent-python-3376791991:shipped-escapes:5
natural:agent-python-3338367670:ruff-python-swallowed:79	P00445	natural	agent-python-3338367670			ruff-python-swallowed	agent-python-3338367670:ruff-python-swallowed:79
natural:agent-python-3327267830:shipped-test-skip:22	P00446	natural	agent-python-3327267830			shipped-test-skip	agent-python-3327267830:shipped-test-skip:22
natural:agent-python-3435741365:shipped-escapes:1	P00447	natural	agent-python-3435741365			shipped-escapes	agent-python-3435741365:shipped-escapes:1
natural:human-typescript-3357327691-2669782320:shipped-test-skip:3	P00448	natural	human-typescript-3357327691-2669782320			shipped-test-skip	human-typescript-3357327691-2669782320:shipped-test-skip:3
natural:agent-python-3327267830:shipped-test-skip:2	P00449	natural	agent-python-3327267830			shipped-test-skip	agent-python-3327267830:shipped-test-skip:2
natural:human-python-3288751740-2848154600:ruff-python-swallowed:12	P00450	natural	human-python-3288751740-2848154600			ruff-python-swallowed	human-python-3288751740-2848154600:ruff-python-swallowed:12
natural:agent-python-3338367670:ruff-python-swallowed:34	P00451	natural	agent-python-3338367670			ruff-python-swallowed	agent-python-3338367670:ruff-python-swallowed:34
natural:agent-typescript-3437109293:shipped-test-skip:30	P00452	natural	agent-typescript-3437109293			shipped-test-skip	agent-typescript-3437109293:shipped-test-skip:30
natural:agent-typescript-3437109293:shipped-test-skip:8	P00453	natural	agent-typescript-3437109293			shipped-test-skip	agent-typescript-3437109293:shipped-test-skip:8
natural:agent-python-3467152502:ruff-python-swallowed:13	P00454	natural	agent-python-3467152502			ruff-python-swallowed	agent-python-3467152502:ruff-python-swallowed:13
natural:agent-python-3338367670:ruff-python-swallowed:88	P00455	natural	agent-python-3338367670			ruff-python-swallowed	agent-python-3338367670:ruff-python-swallowed:88
natural:agent-python-3203515928:ruff-python-swallowed:5	P00456	natural	agent-python-3203515928			ruff-python-swallowed	agent-python-3203515928:ruff-python-swallowed:5
natural:agent-python-3338367670:ruff-python-swallowed:38	P00457	natural	agent-python-3338367670			ruff-python-swallowed	agent-python-3338367670:ruff-python-swallowed:38
natural:human-typescript-3182983420-2724644741:shipped-escapes:12	P00458	natural	human-typescript-3182983420-2724644741			shipped-escapes	human-typescript-3182983420-2724644741:shipped-escapes:12
natural:agent-python-3327267830:shipped-escapes:14	P00459	natural	agent-python-3327267830			shipped-escapes	agent-python-3327267830:shipped-escapes:14
natural:agent-python-3260236912:shipped-stubs:4	P00460	natural	agent-python-3260236912			shipped-stubs	agent-python-3260236912:shipped-stubs:4
natural:agent-rust-3303211080:new-direct-dependency:2	P00461	natural	agent-rust-3303211080			new-direct-dependency	agent-rust-3303211080:new-direct-dependency:2
natural:agent-python-3327267830:shipped-test-skip:47	P00462	natural	agent-python-3327267830			shipped-test-skip	agent-python-3327267830:shipped-test-skip:47
hard-negative:pilot-complexity:w1699:shipped-complexity:w1699	P00463	hard-negative		pilot-complexity	w1699	shipped-complexity	
natural:human-typescript-3089509964-2540072991:shipped-test-skip:5	P00464	natural	human-typescript-3089509964-2540072991			shipped-test-skip	human-typescript-3089509964-2540072991:shipped-test-skip:5
natural:agent-typescript-3391967160:shipped-test-skip:28	P00465	natural	agent-typescript-3391967160			shipped-test-skip	agent-typescript-3391967160:shipped-test-skip:28
natural:human-python-3478506066-2888257815:ruff-python-swallowed:89	P00466	natural	human-python-3478506066-2888257815			ruff-python-swallowed	human-python-3478506066-2888257815:ruff-python-swallowed:89
hard-negative:dependency-evidence-corpus:undeclared-py/neg-mapped:new-direct-dependency:pypi:beautifulsoup4:00001	P00467	hard-negative		dependency-evidence-corpus	undeclared-py/neg-mapped	new-direct-dependency	
hard-negative:pilot-public-api:w247:shipped-public-api:w247	P00468	hard-negative		pilot-public-api	w247	shipped-public-api	
natural:agent-python-3327267830:shipped-escapes:39	P00469	natural	agent-python-3327267830			shipped-escapes	agent-python-3327267830:shipped-escapes:39
hard-negative:pilot-public-api:w1552:shipped-public-api:w1552	P00470	hard-negative		pilot-public-api	w1552	shipped-public-api	
natural:agent-python-3338367670:ruff-python-swallowed:61	P00471	natural	agent-python-3338367670			ruff-python-swallowed	agent-python-3338367670:ruff-python-swallowed:61
natural:agent-python-3327267830:shipped-test-skip:62	P00472	natural	agent-python-3327267830			shipped-test-skip	agent-python-3327267830:shipped-test-skip:62
natural:agent-python-3338367670:ruff-python-swallowed:55	P00473	natural	agent-python-3338367670			ruff-python-swallowed	agent-python-3338367670:ruff-python-swallowed:55
natural:human-python-3338367670-2869308081:ruff-python-swallowed:36	P00474	natural	human-python-3338367670-2869308081			ruff-python-swallowed	human-python-3338367670-2869308081:ruff-python-swallowed:36
natural:human-python-3478506066-2888257815:ruff-python-swallowed:58	P00475	natural	human-python-3478506066-2888257815			ruff-python-swallowed	human-python-3478506066-2888257815:ruff-python-swallowed:58
natural:human-typescript-3182983420-2724644741:shipped-escapes:6	P00476	natural	human-typescript-3182983420-2724644741			shipped-escapes	human-typescript-3182983420-2724644741:shipped-escapes:6
natural:agent-python-3327267830:ruff-python-swallowed:1	P00477	natural	agent-python-3327267830			ruff-python-swallowed	agent-python-3327267830:ruff-python-swallowed:1
natural:human-rust-3303211080-2730099339:shipped-escapes:3	P00478	natural	human-rust-3303211080-2730099339			shipped-escapes	human-rust-3303211080-2730099339:shipped-escapes:3
natural:human-python-3140874272-2660224921:ruff-python-swallowed:1	P00479	natural	human-python-3140874272-2660224921			ruff-python-swallowed	human-python-3140874272-2660224921:ruff-python-swallowed:1
natural:agent-python-3327267830:shipped-test-skip:141	P00480	natural	agent-python-3327267830			shipped-test-skip	agent-python-3327267830:shipped-test-skip:141
natural:agent-python-3203515928:ruff-python-swallowed:7	P00481	natural	agent-python-3203515928			ruff-python-swallowed	agent-python-3203515928:ruff-python-swallowed:7
natural:agent-typescript-3391967160:shipped-test-skip:35	P00482	natural	agent-typescript-3391967160			shipped-test-skip	agent-typescript-3391967160:shipped-test-skip:35
hard-negative:pilot-public-api:w2092:shipped-public-api:w2092	P00483	hard-negative		pilot-public-api	w2092	shipped-public-api	
natural:human-python-3204494611-2708043208:ruff-python-swallowed:4	P00484	natural	human-python-3204494611-2708043208			ruff-python-swallowed	human-python-3204494611-2708043208:ruff-python-swallowed:4
natural:agent-python-3376791991:shipped-test-skip:15	P00485	natural	agent-python-3376791991			shipped-test-skip	agent-python-3376791991:shipped-test-skip:15
natural:agent-python-3338367670:ruff-python-swallowed:85	P00486	natural	agent-python-3338367670			ruff-python-swallowed	agent-python-3338367670:ruff-python-swallowed:85
hard-negative:pilot-public-api:w486:shipped-public-api:w486	P00487	hard-negative		pilot-public-api	w486	shipped-public-api	
natural:agent-python-3327267830:ruff-python-swallowed:6	P00488	natural	agent-python-3327267830			ruff-python-swallowed	agent-python-3327267830:ruff-python-swallowed:6
natural:agent-typescript-3391967160:shipped-test-skip:31	P00489	natural	agent-typescript-3391967160			shipped-test-skip	agent-typescript-3391967160:shipped-test-skip:31
natural:agent-python-3327267830:shipped-escapes:140	P00490	natural	agent-python-3327267830			shipped-escapes	agent-python-3327267830:shipped-escapes:140
natural:human-python-3478506066-2888257815:ruff-python-swallowed:186	P00491	natural	human-python-3478506066-2888257815			ruff-python-swallowed	human-python-3478506066-2888257815:ruff-python-swallowed:186
natural:agent-typescript-3368681439:shipped-escapes:6	P00492	natural	agent-typescript-3368681439			shipped-escapes	agent-typescript-3368681439:shipped-escapes:6
natural:agent-python-3327267830:shipped-test-skip:8	P00493	natural	agent-python-3327267830			shipped-test-skip	agent-python-3327267830:shipped-test-skip:8
natural:agent-typescript-3519641294:shipped-test-skip:4	P00494	natural	agent-typescript-3519641294			shipped-test-skip	agent-typescript-3519641294:shipped-test-skip:4
natural:agent-rust-3465556709:new-direct-dependency:1	P00495	natural	agent-rust-3465556709			new-direct-dependency	agent-rust-3465556709:new-direct-dependency:1
natural:agent-rust-3128356528:shipped-escapes:1	P00496	natural	agent-rust-3128356528			shipped-escapes	agent-rust-3128356528:shipped-escapes:1
natural:human-python-3338367670-2869308081:ruff-python-swallowed:135	P00497	natural	human-python-3338367670-2869308081			ruff-python-swallowed	human-python-3338367670-2869308081:ruff-python-swallowed:135
natural:agent-typescript-3357327691:shipped-test-skip:1	P00498	natural	agent-typescript-3357327691			shipped-test-skip	agent-typescript-3357327691:shipped-test-skip:1
natural:agent-python-3251895270:ruff-python-injection:7	P00499	natural	agent-python-3251895270			ruff-python-injection	agent-python-3251895270:ruff-python-injection:7
natural:agent-python-3327267830:shipped-escapes:24	P00500	natural	agent-python-3327267830			shipped-escapes	agent-python-3327267830:shipped-escapes:24
natural:agent-typescript-3391967160:shipped-test-skip:11	P00501	natural	agent-typescript-3391967160			shipped-test-skip	agent-typescript-3391967160:shipped-test-skip:11
natural:agent-rust-3538230294:shipped-test-skip:2	P00502	natural	agent-rust-3538230294			shipped-test-skip	agent-rust-3538230294:shipped-test-skip:2
natural:agent-python-3327267830:shipped-escapes:153	P00503	natural	agent-python-3327267830			shipped-escapes	agent-python-3327267830:shipped-escapes:153
natural:agent-typescript-3120892058:shipped-escapes:2	P00504	natural	agent-typescript-3120892058			shipped-escapes	agent-typescript-3120892058:shipped-escapes:2
natural:human-rust-3303211080-2730099339:new-direct-dependency:5	P00505	natural	human-rust-3303211080-2730099339			new-direct-dependency	human-rust-3303211080-2730099339:new-direct-dependency:5
natural:agent-typescript-3437109293:test-new-unchecked:1	P00506	natural	agent-typescript-3437109293			test-new-unchecked	agent-typescript-3437109293:test-new-unchecked:1
natural:agent-python-3327267830:shipped-test-skip:45	P00507	natural	agent-python-3327267830			shipped-test-skip	agent-python-3327267830:shipped-test-skip:45
natural:human-python-3431634736-2875708814:ruff-python-swallowed:2	P00508	natural	human-python-3431634736-2875708814			ruff-python-swallowed	human-python-3431634736-2875708814:ruff-python-swallowed:2
hard-negative:pilot-complexity:w1541:shipped-complexity:w1541	P00509	hard-negative		pilot-complexity	w1541	shipped-complexity	
natural:human-python-3478506066-2888257815:ruff-python-swallowed:171	P00510	natural	human-python-3478506066-2888257815			ruff-python-swallowed	human-python-3478506066-2888257815:ruff-python-swallowed:171
natural:human-typescript-3332391124-2701990016:shipped-test-skip:8	P00511	natural	human-typescript-3332391124-2701990016			shipped-test-skip	human-typescript-3332391124-2701990016:shipped-test-skip:8
natural:agent-python-3467152502:ruff-python-swallowed:5	P00512	natural	agent-python-3467152502			ruff-python-swallowed	agent-python-3467152502:ruff-python-swallowed:5
natural:agent-python-3338367670:error-broad-handler:8	P00513	natural	agent-python-3338367670			error-broad-handler	agent-python-3338367670:error-broad-handler:8
natural:human-python-3338367670-2869308081:ruff-python-swallowed:75	P00514	natural	human-python-3338367670-2869308081			ruff-python-swallowed	human-python-3338367670-2869308081:ruff-python-swallowed:75
natural:agent-typescript-3437109293:shipped-test-skip:45	P00515	natural	agent-typescript-3437109293			shipped-test-skip	agent-typescript-3437109293:shipped-test-skip:45
natural:human-typescript-2822630272-2331680308:shipped-escapes:3	P00516	natural	human-typescript-2822630272-2331680308			shipped-escapes	human-typescript-2822630272-2331680308:shipped-escapes:3
natural:agent-python-3467152502:ruff-python-swallowed:8	P00517	natural	agent-python-3467152502			ruff-python-swallowed	agent-python-3467152502:ruff-python-swallowed:8
natural:human-typescript-3332391124-2701990016:shipped-test-skip:1	P00518	natural	human-typescript-3332391124-2701990016			shipped-test-skip	human-typescript-3332391124-2701990016:shipped-test-skip:1
natural:human-python-3478506066-2888257815:ruff-python-swallowed:59	P00519	natural	human-python-3478506066-2888257815			ruff-python-swallowed	human-python-3478506066-2888257815:ruff-python-swallowed:59
natural:agent-typescript-3391967160:shipped-test-skip:3	P00520	natural	agent-typescript-3391967160			shipped-test-skip	agent-typescript-3391967160:shipped-test-skip:3
hard-negative:pilot-public-api:w954:shipped-public-api:w954	P00521	hard-negative		pilot-public-api	w954	shipped-public-api	
natural:human-python-3478506066-2888257815:ruff-python-swallowed:164	P00522	natural	human-python-3478506066-2888257815			ruff-python-swallowed	human-python-3478506066-2888257815:ruff-python-swallowed:164
natural:human-python-3338367670-2869308081:ruff-python-swallowed:136	P00523	natural	human-python-3338367670-2869308081			ruff-python-swallowed	human-python-3338367670-2869308081:ruff-python-swallowed:136
natural:agent-typescript-3391967160:shipped-escapes:47	P00524	natural	agent-typescript-3391967160			shipped-escapes	agent-typescript-3391967160:shipped-escapes:47
natural:agent-typescript-3519641294:shipped-test-skip:5	P00525	natural	agent-typescript-3519641294			shipped-test-skip	agent-typescript-3519641294:shipped-test-skip:5
natural:agent-python-3078479848:ruff-python-swallowed:4	P00526	natural	agent-python-3078479848			ruff-python-swallowed	agent-python-3078479848:ruff-python-swallowed:4
hard-negative:test-integrity-corpus:integrity-rs/neg-helper-file:test-weakened-rust:assertion-removed:into-unresolved-helper:tests/slug.rs:7:00001	P00527	hard-negative		test-integrity-corpus	integrity-rs/neg-helper-file	test-weakened-rust	
natural:agent-typescript-3368681439:shipped-escapes:3	P00528	natural	agent-typescript-3368681439			shipped-escapes	agent-typescript-3368681439:shipped-escapes:3
natural:agent-typescript-3437109293:shipped-escapes:13	P00529	natural	agent-typescript-3437109293			shipped-escapes	agent-typescript-3437109293:shipped-escapes:13
natural:agent-typescript-3437109293:shipped-escapes:39	P00530	natural	agent-typescript-3437109293			shipped-escapes	agent-typescript-3437109293:shipped-escapes:39
natural:agent-typescript-3101362009:shipped-escapes:1	P00531	natural	agent-typescript-3101362009			shipped-escapes	agent-typescript-3101362009:shipped-escapes:1
natural:human-python-3478506066-2888257815:ruff-python-swallowed:11	P00532	natural	human-python-3478506066-2888257815			ruff-python-swallowed	human-python-3478506066-2888257815:ruff-python-swallowed:11
natural:human-python-3260236912-2597771531:error-broad-handler:8	P00533	natural	human-python-3260236912-2597771531			error-broad-handler	human-python-3260236912-2597771531:error-broad-handler:8
natural:human-python-3260236912-2597771531:new-direct-dependency:6	P00534	natural	human-python-3260236912-2597771531			new-direct-dependency	human-python-3260236912-2597771531:new-direct-dependency:6
natural:human-python-3260236912-2597771531:unfinished-throw-body:1	P00535	natural	human-python-3260236912-2597771531			unfinished-throw-body	human-python-3260236912-2597771531:unfinished-throw-body:1
natural:agent-python-3327267830:shipped-test-skip:81	P00536	natural	agent-python-3327267830			shipped-test-skip	agent-python-3327267830:shipped-test-skip:81
natural:agent-typescript-3519641294:shipped-test-skip:3	P00537	natural	agent-typescript-3519641294			shipped-test-skip	agent-typescript-3519641294:shipped-test-skip:3
hard-negative:pilot-public-api:w2219:shipped-public-api:w2219	P00538	hard-negative		pilot-public-api	w2219	shipped-public-api	
natural:agent-python-3327267830:shipped-escapes:143	P00539	natural	agent-python-3327267830			shipped-escapes	agent-python-3327267830:shipped-escapes:143
natural:agent-typescript-3368681439:shipped-test-skip:1	P00540	natural	agent-typescript-3368681439			shipped-test-skip	agent-typescript-3368681439:shipped-test-skip:1
natural:agent-python-3327267830:shipped-escapes:46	P00541	natural	agent-python-3327267830			shipped-escapes	agent-python-3327267830:shipped-escapes:46
natural:agent-python-3327267830:ruff-python-swallowed:32	P00542	natural	agent-python-3327267830			ruff-python-swallowed	agent-python-3327267830:ruff-python-swallowed:32
natural:human-python-3338367670-2869308081:ruff-python-swallowed:26	P00543	natural	human-python-3338367670-2869308081			ruff-python-swallowed	human-python-3338367670-2869308081:ruff-python-swallowed:26
natural:agent-python-3376791991:shipped-test-skip:6	P00544	natural	agent-python-3376791991			shipped-test-skip	agent-python-3376791991:shipped-test-skip:6
natural:human-python-3338367670-2869308081:ruff-python-swallowed:46	P00545	natural	human-python-3338367670-2869308081			ruff-python-swallowed	human-python-3338367670-2869308081:ruff-python-swallowed:46
natural:human-python-3478506066-2888257815:ruff-python-swallowed:149	P00546	natural	human-python-3478506066-2888257815			ruff-python-swallowed	human-python-3478506066-2888257815:ruff-python-swallowed:149
natural:agent-typescript-2836523710:new-direct-dependency:4	P00547	natural	agent-typescript-2836523710			new-direct-dependency	agent-typescript-2836523710:new-direct-dependency:4
natural:agent-python-3327267830:shipped-escapes:33	P00548	natural	agent-python-3327267830			shipped-escapes	agent-python-3327267830:shipped-escapes:33
natural:agent-typescript-3437109293:shipped-escapes:17	P00549	natural	agent-typescript-3437109293			shipped-escapes	agent-typescript-3437109293:shipped-escapes:17
natural:agent-python-3260236912:ruff-python-swallowed:16	P00550	natural	agent-python-3260236912			ruff-python-swallowed	agent-python-3260236912:ruff-python-swallowed:16
natural:agent-python-3327267830:shipped-escapes:19	P00551	natural	agent-python-3327267830			shipped-escapes	agent-python-3327267830:shipped-escapes:19
natural:human-python-3478506066-2888257815:ruff-python-swallowed:151	P00552	natural	human-python-3478506066-2888257815			ruff-python-swallowed	human-python-3478506066-2888257815:ruff-python-swallowed:151
natural:agent-rust-3534175512:shipped-dead-symbols:4	P00553	natural	agent-rust-3534175512			shipped-dead-symbols	agent-rust-3534175512:shipped-dead-symbols:4
natural:agent-rust-3465103781:design-registration-bypass:1	P00554	natural	agent-rust-3465103781			design-registration-bypass	agent-rust-3465103781:design-registration-bypass:1
natural:agent-typescript-3391967160:shipped-test-skip:9	P00555	natural	agent-typescript-3391967160			shipped-test-skip	agent-typescript-3391967160:shipped-test-skip:9
natural:agent-python-3327267830:shipped-test-skip:138	P00556	natural	agent-python-3327267830			shipped-test-skip	agent-python-3327267830:shipped-test-skip:138
natural:agent-python-3338367670:ruff-python-swallowed:65	P00557	natural	agent-python-3338367670			ruff-python-swallowed	agent-python-3338367670:ruff-python-swallowed:65
natural:agent-python-3441479674:ruff-python-swallowed:3	P00558	natural	agent-python-3441479674			ruff-python-swallowed	agent-python-3441479674:ruff-python-swallowed:3
natural:agent-python-3338367670:ruff-python-swallowed:22	P00559	natural	agent-python-3338367670			ruff-python-swallowed	agent-python-3338367670:ruff-python-swallowed:22
natural:agent-python-3327267830:shipped-test-skip:82	P00560	natural	agent-python-3327267830			shipped-test-skip	agent-python-3327267830:shipped-test-skip:82
natural:human-python-3478506066-2888257815:ruff-python-swallowed:77	P00561	natural	human-python-3478506066-2888257815			ruff-python-swallowed	human-python-3478506066-2888257815:ruff-python-swallowed:77
natural:agent-python-3376791991:shipped-test-skip:12	P00562	natural	agent-python-3376791991			shipped-test-skip	agent-python-3376791991:shipped-test-skip:12
natural:agent-python-3327267830:shipped-test-skip:48	P00563	natural	agent-python-3327267830			shipped-test-skip	agent-python-3327267830:shipped-test-skip:48
natural:agent-python-3467152502:ruff-python-swallowed:16	P00564	natural	agent-python-3467152502			ruff-python-swallowed	agent-python-3467152502:ruff-python-swallowed:16
natural:human-typescript-3357327691-2669782320:shipped-test-skip:5	P00565	natural	human-typescript-3357327691-2669782320			shipped-test-skip	human-typescript-3357327691-2669782320:shipped-test-skip:5
natural:agent-python-3338367670:ruff-python-swallowed:67	P00566	natural	agent-python-3338367670			ruff-python-swallowed	agent-python-3338367670:ruff-python-swallowed:67
natural:agent-typescript-3391967160:shipped-test-skip:4	P00567	natural	agent-typescript-3391967160			shipped-test-skip	agent-typescript-3391967160:shipped-test-skip:4
natural:human-python-3288751740-2848154600:ruff-python-swallowed:9	P00568	natural	human-python-3288751740-2848154600			ruff-python-swallowed	human-python-3288751740-2848154600:ruff-python-swallowed:9
natural:human-typescript-3368681439-2692810552:shipped-escapes:1	P00569	natural	human-typescript-3368681439-2692810552			shipped-escapes	human-typescript-3368681439-2692810552:shipped-escapes:1
natural:agent-typescript-3437109293:shipped-test-skip:9	P00570	natural	agent-typescript-3437109293			shipped-test-skip	agent-typescript-3437109293:shipped-test-skip:9
natural:agent-rust-3303211080:new-direct-dependency:4	P00571	natural	agent-rust-3303211080			new-direct-dependency	agent-rust-3303211080:new-direct-dependency:4
natural:agent-python-3203515928:ruff-python-swallowed:8	P00572	natural	agent-python-3203515928			ruff-python-swallowed	agent-python-3203515928:ruff-python-swallowed:8
natural:agent-python-3327267830:shipped-escapes:64	P00573	natural	agent-python-3327267830			shipped-escapes	agent-python-3327267830:shipped-escapes:64
natural:agent-typescript-3368681439:shipped-test-skip:4	P00574	natural	agent-typescript-3368681439			shipped-test-skip	agent-typescript-3368681439:shipped-test-skip:4
natural:agent-python-3327267830:shipped-test-skip:97	P00575	natural	agent-python-3327267830			shipped-test-skip	agent-python-3327267830:shipped-test-skip:97
natural:human-python-3338367670-2869308081:ruff-python-swallowed:11	P00576	natural	human-python-3338367670-2869308081			ruff-python-swallowed	human-python-3338367670-2869308081:ruff-python-swallowed:11
natural:agent-rust-3187718516:new-direct-dependency:9	P00577	natural	agent-rust-3187718516			new-direct-dependency	agent-rust-3187718516:new-direct-dependency:9
natural:agent-python-3327267830:shipped-test-skip:87	P00578	natural	agent-python-3327267830			shipped-test-skip	agent-python-3327267830:shipped-test-skip:87
hard-negative:pilot-complexity:w947:shipped-complexity:w947	P00579	hard-negative		pilot-complexity	w947	shipped-complexity	
natural:agent-rust-3541394251:shipped-escapes:2	P00580	natural	agent-rust-3541394251			shipped-escapes	agent-rust-3541394251:shipped-escapes:2
natural:agent-python-3260236912:new-direct-dependency:2	P00581	natural	agent-python-3260236912			new-direct-dependency	agent-python-3260236912:new-direct-dependency:2
natural:agent-python-3311111058:shipped-escapes:4	P00582	natural	agent-python-3311111058			shipped-escapes	agent-python-3311111058:shipped-escapes:4
natural:human-typescript-2822630272-2331680308:shipped-test-skip:3	P00583	natural	human-typescript-2822630272-2331680308			shipped-test-skip	human-typescript-2822630272-2331680308:shipped-test-skip:3
natural:human-python-3478506066-2888257815:ruff-python-swallowed:30	P00584	natural	human-python-3478506066-2888257815			ruff-python-swallowed	human-python-3478506066-2888257815:ruff-python-swallowed:30
hard-negative:pilot-complexity:w2016:shipped-complexity:w2016	P00585	hard-negative		pilot-complexity	w2016	shipped-complexity	
natural:human-python-3478506066-2888257815:ruff-python-swallowed:194	P00586	natural	human-python-3478506066-2888257815			ruff-python-swallowed	human-python-3478506066-2888257815:ruff-python-swallowed:194
hard-negative:pilot-public-api:w2448:shipped-public-api:w2448	P00587	hard-negative		pilot-public-api	w2448	shipped-public-api	
natural:agent-typescript-3101362009:shipped-test-skip:2	P00588	natural	agent-typescript-3101362009			shipped-test-skip	agent-typescript-3101362009:shipped-test-skip:2
natural:agent-python-3136525932:ruff-python-swallowed:2	P00589	natural	agent-python-3136525932			ruff-python-swallowed	agent-python-3136525932:ruff-python-swallowed:2
natural:agent-typescript-3391967160:shipped-escapes:44	P00590	natural	agent-typescript-3391967160			shipped-escapes	agent-typescript-3391967160:shipped-escapes:44
natural:human-python-3338367670-2869308081:ruff-python-swallowed:183	P00591	natural	human-python-3338367670-2869308081			ruff-python-swallowed	human-python-3338367670-2869308081:ruff-python-swallowed:183
natural:human-python-3478506066-2888257815:ruff-python-swallowed:69	P00592	natural	human-python-3478506066-2888257815			ruff-python-swallowed	human-python-3478506066-2888257815:ruff-python-swallowed:69
natural:human-typescript-3182983420-2724644741:shipped-escapes:4	P00593	natural	human-typescript-3182983420-2724644741			shipped-escapes	human-typescript-3182983420-2724644741:shipped-escapes:4
natural:agent-python-3201428116:shipped-test-skip:1	P00594	natural	agent-python-3201428116			shipped-test-skip	agent-python-3201428116:shipped-test-skip:1
natural:agent-typescript-3332391124:shipped-test-skip:5	P00595	natural	agent-typescript-3332391124			shipped-test-skip	agent-typescript-3332391124:shipped-test-skip:5
natural:agent-python-3327267830:shipped-test-skip:28	P00596	natural	agent-python-3327267830			shipped-test-skip	agent-python-3327267830:shipped-test-skip:28
natural:human-python-3467152502-2897921621:ruff-python-swallowed:11	P00597	natural	human-python-3467152502-2897921621			ruff-python-swallowed	human-python-3467152502-2897921621:ruff-python-swallowed:11
natural:agent-typescript-3332391124:shipped-escapes:2	P00598	natural	agent-typescript-3332391124			shipped-escapes	agent-typescript-3332391124:shipped-escapes:2
natural:agent-python-3338367670:ruff-python-swallowed:94	P00599	natural	agent-python-3338367670			ruff-python-swallowed	agent-python-3338367670:ruff-python-swallowed:94
natural:agent-rust-3086723892:shipped-test-skip:2	P00600	natural	agent-rust-3086723892			shipped-test-skip	agent-rust-3086723892:shipped-test-skip:2
natural:agent-typescript-3437109293:shipped-escapes:23	P00601	natural	agent-typescript-3437109293			shipped-escapes	agent-typescript-3437109293:shipped-escapes:23
natural:agent-rust-3465103781:shipped-module-cycle:7	P00602	natural	agent-rust-3465103781			shipped-module-cycle	agent-rust-3465103781:shipped-module-cycle:7
natural:agent-typescript-3120892058:shipped-escapes:1	P00603	natural	agent-typescript-3120892058			shipped-escapes	agent-typescript-3120892058:shipped-escapes:1
natural:agent-python-3327267830:shipped-test-skip:66	P00604	natural	agent-python-3327267830			shipped-test-skip	agent-python-3327267830:shipped-test-skip:66
natural:agent-python-3327267830:shipped-test-skip:53	P00605	natural	agent-python-3327267830			shipped-test-skip	agent-python-3327267830:shipped-test-skip:53
natural:agent-typescript-3437109293:shipped-escapes:22	P00606	natural	agent-typescript-3437109293			shipped-escapes	agent-typescript-3437109293:shipped-escapes:22
natural:human-python-3478506066-2888257815:ruff-python-swallowed:153	P00607	natural	human-python-3478506066-2888257815			ruff-python-swallowed	human-python-3478506066-2888257815:ruff-python-swallowed:153
natural:human-typescript-3089509964-2540072991:shipped-escapes:6	P00608	natural	human-typescript-3089509964-2540072991			shipped-escapes	human-typescript-3089509964-2540072991:shipped-escapes:6
natural:agent-typescript-3391967160:shipped-test-skip:29	P00609	natural	agent-typescript-3391967160			shipped-test-skip	agent-typescript-3391967160:shipped-test-skip:29
natural:human-python-3260236912-2597771531:ruff-python-swallowed:4	P00610	natural	human-python-3260236912-2597771531			ruff-python-swallowed	human-python-3260236912-2597771531:ruff-python-swallowed:4
hard-negative:pilot-complexity:w878:shipped-complexity:w878	P00611	hard-negative		pilot-complexity	w878	shipped-complexity	
hard-negative:pilot-escapes:w1654:shipped-escapes:w1654	P00612	hard-negative		pilot-escapes	w1654	shipped-escapes	
hard-negative:pilot-complexity:w1892:shipped-complexity:w1892	P00613	hard-negative		pilot-complexity	w1892	shipped-complexity	
natural:human-python-3338367670-2869308081:error-broad-handler:2	P00614	natural	human-python-3338367670-2869308081			error-broad-handler	human-python-3338367670-2869308081:error-broad-handler:2
natural:agent-python-3327267830:shipped-escapes:18	P00615	natural	agent-python-3327267830			shipped-escapes	agent-python-3327267830:shipped-escapes:18
hard-negative:pilot-public-api:w1143:shipped-public-api:w1143	P00616	hard-negative		pilot-public-api	w1143	shipped-public-api	
natural:agent-typescript-3437109293:shipped-escapes:5	P00617	natural	agent-typescript-3437109293			shipped-escapes	agent-typescript-3437109293:shipped-escapes:5
natural:human-python-3478506066-2888257815:ruff-python-swallowed:42	P00618	natural	human-python-3478506066-2888257815			ruff-python-swallowed	human-python-3478506066-2888257815:ruff-python-swallowed:42
natural:agent-python-3327267830:ruff-python-swallowed:11	P00619	natural	agent-python-3327267830			ruff-python-swallowed	agent-python-3327267830:ruff-python-swallowed:11
natural:agent-python-3327267830:shipped-test-skip:85	P00620	natural	agent-python-3327267830			shipped-test-skip	agent-python-3327267830:shipped-test-skip:85
hard-negative:pilot-public-api:w1072:shipped-public-api:w1072	P00621	hard-negative		pilot-public-api	w1072	shipped-public-api	
natural:agent-python-3338367670:error-broad-handler:3	P00622	natural	agent-python-3338367670			error-broad-handler	agent-python-3338367670:error-broad-handler:3
natural:human-typescript-3182983420-2724644741:shipped-escapes:14	P00623	natural	human-typescript-3182983420-2724644741			shipped-escapes	human-typescript-3182983420-2724644741:shipped-escapes:14
natural:agent-python-3327267830:ruff-python-swallowed:22	P00624	natural	agent-python-3327267830			ruff-python-swallowed	agent-python-3327267830:ruff-python-swallowed:22
natural:human-rust-3303211080-2730099339:new-direct-dependency:6	P00625	natural	human-rust-3303211080-2730099339			new-direct-dependency	human-rust-3303211080-2730099339:new-direct-dependency:6
natural:human-python-3338367670-2869308081:ruff-python-swallowed:146	P00626	natural	human-python-3338367670-2869308081			ruff-python-swallowed	human-python-3338367670-2869308081:ruff-python-swallowed:146
natural:agent-python-3338367670:ruff-python-swallowed:51	P00627	natural	agent-python-3338367670			ruff-python-swallowed	agent-python-3338367670:ruff-python-swallowed:51
natural:agent-python-3327267830:shipped-escapes:87	P00628	natural	agent-python-3327267830			shipped-escapes	agent-python-3327267830:shipped-escapes:87
natural:human-typescript-3089509964-2540072991:shipped-escapes:2	P00629	natural	human-typescript-3089509964-2540072991			shipped-escapes	human-typescript-3089509964-2540072991:shipped-escapes:2
natural:agent-python-3327267830:shipped-escapes:88	P00630	natural	agent-python-3327267830			shipped-escapes	agent-python-3327267830:shipped-escapes:88
natural:human-typescript-3357327691-2669782320:shipped-escapes:6	P00631	natural	human-typescript-3357327691-2669782320			shipped-escapes	human-typescript-3357327691-2669782320:shipped-escapes:6
hard-negative:pilot-public-api:w1349:shipped-public-api:w1349	P00632	hard-negative		pilot-public-api	w1349	shipped-public-api	
natural:agent-typescript-3391967160:shipped-escapes:39	P00633	natural	agent-typescript-3391967160			shipped-escapes	agent-typescript-3391967160:shipped-escapes:39
natural:human-python-3338367670-2869308081:ruff-python-swallowed:162	P00634	natural	human-python-3338367670-2869308081			ruff-python-swallowed	human-python-3338367670-2869308081:ruff-python-swallowed:162
natural:agent-python-3327267830:ruff-python-swallowed:35	P00635	natural	agent-python-3327267830			ruff-python-swallowed	agent-python-3327267830:ruff-python-swallowed:35
natural:human-typescript-3357327691-2669782320:shipped-module-cycle:3	P00636	natural	human-typescript-3357327691-2669782320			shipped-module-cycle	human-typescript-3357327691-2669782320:shipped-module-cycle:3
natural:agent-python-3338367670:error-broad-handler:11	P00637	natural	agent-python-3338367670			error-broad-handler	agent-python-3338367670:error-broad-handler:11
natural:agent-typescript-3437109293:shipped-test-skip:47	P00638	natural	agent-typescript-3437109293			shipped-test-skip	agent-typescript-3437109293:shipped-test-skip:47
natural:agent-python-3441479674:shipped-test-skip:1	P00639	natural	agent-python-3441479674			shipped-test-skip	agent-python-3441479674:shipped-test-skip:1
natural:agent-typescript-3437109293:shipped-test-skip:37	P00640	natural	agent-typescript-3437109293			shipped-test-skip	agent-typescript-3437109293:shipped-test-skip:37
natural:human-python-3338367670-2869308081:ruff-python-swallowed:143	P00641	natural	human-python-3338367670-2869308081			ruff-python-swallowed	human-python-3338367670-2869308081:ruff-python-swallowed:143
natural:agent-python-3431634736:shipped-escapes:1	P00642	natural	agent-python-3431634736			shipped-escapes	agent-python-3431634736:shipped-escapes:1
natural:agent-rust-3541394251:new-direct-dependency:2	P00643	natural	agent-rust-3541394251			new-direct-dependency	agent-rust-3541394251:new-direct-dependency:2
natural:agent-python-3327267830:shipped-escapes:3	P00644	natural	agent-python-3327267830			shipped-escapes	agent-python-3327267830:shipped-escapes:3
natural:human-python-3260236912-2597771531:new-direct-dependency:1	P00645	natural	human-python-3260236912-2597771531			new-direct-dependency	human-python-3260236912-2597771531:new-direct-dependency:1
natural:agent-typescript-3437109293:shipped-test-skip:36	P00646	natural	agent-typescript-3437109293			shipped-test-skip	agent-typescript-3437109293:shipped-test-skip:36
natural:human-typescript-3182983420-2724644741:shipped-test-skip:20	P00647	natural	human-typescript-3182983420-2724644741			shipped-test-skip	human-typescript-3182983420-2724644741:shipped-test-skip:20
natural:agent-python-3338367670:ruff-python-swallowed:73	P00648	natural	agent-python-3338367670			ruff-python-swallowed	agent-python-3338367670:ruff-python-swallowed:73
natural:human-python-3478506066-2888257815:ruff-python-swallowed:52	P00649	natural	human-python-3478506066-2888257815			ruff-python-swallowed	human-python-3478506066-2888257815:ruff-python-swallowed:52
natural:human-python-3478506066-2888257815:ruff-python-swallowed:167	P00650	natural	human-python-3478506066-2888257815			ruff-python-swallowed	human-python-3478506066-2888257815:ruff-python-swallowed:167
natural:agent-python-3338367670:ruff-python-swallowed:26	P00651	natural	agent-python-3338367670			ruff-python-swallowed	agent-python-3338367670:ruff-python-swallowed:26
natural:human-typescript-2822630272-2331680308:shipped-escapes:4	P00652	natural	human-typescript-2822630272-2331680308			shipped-escapes	human-typescript-2822630272-2331680308:shipped-escapes:4
natural:agent-typescript-3519641294:shipped-test-skip:11	P00653	natural	agent-typescript-3519641294			shipped-test-skip	agent-typescript-3519641294:shipped-test-skip:11
natural:human-python-3527845500-2857227990:new-direct-dependency:1	P00654	natural	human-python-3527845500-2857227990			new-direct-dependency	human-python-3527845500-2857227990:new-direct-dependency:1
natural:agent-typescript-3519641294:shipped-escapes:12	P00655	natural	agent-typescript-3519641294			shipped-escapes	agent-typescript-3519641294:shipped-escapes:12
natural:human-typescript-3357327691-2669782320:shipped-test-skip:6	P00656	natural	human-typescript-3357327691-2669782320			shipped-test-skip	human-typescript-3357327691-2669782320:shipped-test-skip:6
natural:human-python-3338367670-2869308081:ruff-python-swallowed:175	P00657	natural	human-python-3338367670-2869308081			ruff-python-swallowed	human-python-3338367670-2869308081:ruff-python-swallowed:175
natural:agent-rust-3355917270:shipped-escapes:1	P00658	natural	agent-rust-3355917270			shipped-escapes	agent-rust-3355917270:shipped-escapes:1
natural:agent-typescript-3391967160:shipped-escapes:22	P00659	natural	agent-typescript-3391967160			shipped-escapes	agent-typescript-3391967160:shipped-escapes:22
natural:human-python-3338367670-2869308081:ruff-python-swallowed:73	P00660	natural	human-python-3338367670-2869308081			ruff-python-swallowed	human-python-3338367670-2869308081:ruff-python-swallowed:73
natural:agent-python-3376791991:shipped-test-skip:13	P00661	natural	agent-python-3376791991			shipped-test-skip	agent-python-3376791991:shipped-test-skip:13
natural:human-rust-3355917270-2777895811:shipped-public-api:2	P00662	natural	human-rust-3355917270-2777895811			shipped-public-api	human-rust-3355917270-2777895811:shipped-public-api:2
natural:agent-python-3338367670:ruff-python-swallowed:18	P00663	natural	agent-python-3338367670			ruff-python-swallowed	agent-python-3338367670:ruff-python-swallowed:18
natural:agent-python-3441479674:error-broad-handler:2	P00664	natural	agent-python-3441479674			error-broad-handler	agent-python-3441479674:error-broad-handler:2
natural:human-typescript-3368681439-2692810552:shipped-escapes:3	P00665	natural	human-typescript-3368681439-2692810552			shipped-escapes	human-typescript-3368681439-2692810552:shipped-escapes:3
natural:human-python-3338367670-2869308081:ruff-python-swallowed:70	P00666	natural	human-python-3338367670-2869308081			ruff-python-swallowed	human-python-3338367670-2869308081:ruff-python-swallowed:70
natural:agent-rust-3539106136:shipped-test-skip:3	P00667	natural	agent-rust-3539106136			shipped-test-skip	agent-rust-3539106136:shipped-test-skip:3
natural:agent-typescript-3519641294:shipped-escapes:5	P00668	natural	agent-typescript-3519641294			shipped-escapes	agent-typescript-3519641294:shipped-escapes:5
natural:agent-python-3327267830:shipped-escapes:8	P00669	natural	agent-python-3327267830			shipped-escapes	agent-python-3327267830:shipped-escapes:8
natural:human-python-3338367670-2869308081:ruff-python-swallowed:98	P00670	natural	human-python-3338367670-2869308081			ruff-python-swallowed	human-python-3338367670-2869308081:ruff-python-swallowed:98
natural:agent-python-3338367670:ruff-python-swallowed:50	P00671	natural	agent-python-3338367670			ruff-python-swallowed	agent-python-3338367670:ruff-python-swallowed:50
natural:agent-python-3527845500:ruff-python-swallowed:7	P00672	natural	agent-python-3527845500			ruff-python-swallowed	agent-python-3527845500:ruff-python-swallowed:7
natural:agent-typescript-3368681439:shipped-escapes:1	P00673	natural	agent-typescript-3368681439			shipped-escapes	agent-typescript-3368681439:shipped-escapes:1
natural:agent-rust-3539106136:shipped-escapes:2	P00674	natural	agent-rust-3539106136			shipped-escapes	agent-rust-3539106136:shipped-escapes:2
natural:agent-typescript-3437109293:shipped-escapes:21	P00675	natural	agent-typescript-3437109293			shipped-escapes	agent-typescript-3437109293:shipped-escapes:21
natural:agent-python-3431634736:shipped-escapes:2	P00676	natural	agent-python-3431634736			shipped-escapes	agent-python-3431634736:shipped-escapes:2
natural:agent-rust-3187718516:shipped-public-api:2	P00677	natural	agent-rust-3187718516			shipped-public-api	agent-rust-3187718516:shipped-public-api:2
natural:agent-python-3431634736:ruff-python-swallowed:1	P00678	natural	agent-python-3431634736			ruff-python-swallowed	agent-python-3431634736:ruff-python-swallowed:1
natural:agent-python-3338367670:ruff-python-swallowed:21	P00679	natural	agent-python-3338367670			ruff-python-swallowed	agent-python-3338367670:ruff-python-swallowed:21
natural:human-python-3009474184-2500410763:ruff-python-injection:1	P00680	natural	human-python-3009474184-2500410763			ruff-python-injection	human-python-3009474184-2500410763:ruff-python-injection:1
natural:agent-python-3338367670:ruff-python-swallowed:83	P00681	natural	agent-python-3338367670			ruff-python-swallowed	agent-python-3338367670:ruff-python-swallowed:83
natural:agent-python-3327267830:shipped-escapes:149	P00682	natural	agent-python-3327267830			shipped-escapes	agent-python-3327267830:shipped-escapes:149
natural:agent-python-3376791991:shipped-test-skip:22	P00683	natural	agent-python-3376791991			shipped-test-skip	agent-python-3376791991:shipped-test-skip:22
natural:agent-python-3327267830:shipped-escapes:22	P00684	natural	agent-python-3327267830			shipped-escapes	agent-python-3327267830:shipped-escapes:22
natural:agent-rust-3303211080:new-direct-dependency:1	P00685	natural	agent-rust-3303211080			new-direct-dependency	agent-rust-3303211080:new-direct-dependency:1
natural:agent-python-3327267830:shipped-test-skip:76	P00686	natural	agent-python-3327267830			shipped-test-skip	agent-python-3327267830:shipped-test-skip:76
natural:agent-python-3527845500:ruff-python-swallowed:2	P00687	natural	agent-python-3527845500			ruff-python-swallowed	agent-python-3527845500:ruff-python-swallowed:2
natural:agent-python-3338367670:ruff-python-swallowed:91	P00688	natural	agent-python-3338367670			ruff-python-swallowed	agent-python-3338367670:ruff-python-swallowed:91
natural:human-python-3478506066-2888257815:ruff-python-swallowed:6	P00689	natural	human-python-3478506066-2888257815			ruff-python-swallowed	human-python-3478506066-2888257815:ruff-python-swallowed:6
natural:agent-typescript-3286910319:new-direct-dependency:1	P00690	natural	agent-typescript-3286910319			new-direct-dependency	agent-typescript-3286910319:new-direct-dependency:1
natural:agent-typescript-3357327691:shipped-module-cycle:2	P00691	natural	agent-typescript-3357327691			shipped-module-cycle	agent-typescript-3357327691:shipped-module-cycle:2
natural:agent-typescript-3519641294:shipped-escapes:4	P00692	natural	agent-typescript-3519641294			shipped-escapes	agent-typescript-3519641294:shipped-escapes:4
natural:agent-python-3431634736:error-broad-handler:1	P00693	natural	agent-python-3431634736			error-broad-handler	agent-python-3431634736:error-broad-handler:1
natural:agent-typescript-3391967160:shipped-escapes:8	P00694	natural	agent-typescript-3391967160			shipped-escapes	agent-typescript-3391967160:shipped-escapes:8
natural:agent-typescript-3391967160:shipped-escapes:14	P00695	natural	agent-typescript-3391967160			shipped-escapes	agent-typescript-3391967160:shipped-escapes:14
natural:human-typescript-3182983420-2724644741:shipped-test-skip:9	P00696	natural	human-typescript-3182983420-2724644741			shipped-test-skip	human-typescript-3182983420-2724644741:shipped-test-skip:9
natural:agent-python-3327267830:shipped-test-skip:25	P00697	natural	agent-python-3327267830			shipped-test-skip	agent-python-3327267830:shipped-test-skip:25
natural:agent-python-3327267830:shipped-test-skip:127	P00698	natural	agent-python-3327267830			shipped-test-skip	agent-python-3327267830:shipped-test-skip:127
natural:agent-typescript-3437109293:shipped-test-skip:44	P00699	natural	agent-typescript-3437109293			shipped-test-skip	agent-typescript-3437109293:shipped-test-skip:44
natural:agent-typescript-3391967160:shipped-test-skip:15	P00700	natural	agent-typescript-3391967160			shipped-test-skip	agent-typescript-3391967160:shipped-test-skip:15
natural:agent-rust-3311772882:shipped-test-skip:1	P00701	natural	agent-rust-3311772882			shipped-test-skip	agent-rust-3311772882:shipped-test-skip:1
natural:agent-python-3346589984:ruff-python-swallowed:1	P00702	natural	agent-python-3346589984			ruff-python-swallowed	agent-python-3346589984:ruff-python-swallowed:1
natural:agent-python-3327267830:ruff-python-injection:2	P00703	natural	agent-python-3327267830			ruff-python-injection	agent-python-3327267830:ruff-python-injection:2
natural:human-python-3478506066-2888257815:ruff-python-swallowed:61	P00704	natural	human-python-3478506066-2888257815			ruff-python-swallowed	human-python-3478506066-2888257815:ruff-python-swallowed:61
natural:agent-typescript-3437109293:shipped-escapes:43	P00705	natural	agent-typescript-3437109293			shipped-escapes	agent-typescript-3437109293:shipped-escapes:43
natural:agent-typescript-3238312359:new-direct-dependency:1	P00706	natural	agent-typescript-3238312359			new-direct-dependency	agent-typescript-3238312359:new-direct-dependency:1
natural:agent-typescript-3391967160:shipped-escapes:15	P00707	natural	agent-typescript-3391967160			shipped-escapes	agent-typescript-3391967160:shipped-escapes:15
natural:human-python-3478506066-2888257815:ruff-python-swallowed:40	P00708	natural	human-python-3478506066-2888257815			ruff-python-swallowed	human-python-3478506066-2888257815:ruff-python-swallowed:40
natural:human-python-3346589984-2765009443:ruff-python-swallowed:3	P00709	natural	human-python-3346589984-2765009443			ruff-python-swallowed	human-python-3346589984-2765009443:ruff-python-swallowed:3
natural:human-typescript-3368681439-2692810552:shipped-test-skip:3	P00710	natural	human-typescript-3368681439-2692810552			shipped-test-skip	human-typescript-3368681439-2692810552:shipped-test-skip:3
natural:human-python-3478506066-2888257815:ruff-python-swallowed:112	P00711	natural	human-python-3478506066-2888257815			ruff-python-swallowed	human-python-3478506066-2888257815:ruff-python-swallowed:112
natural:human-python-3260236912-2597771531:ruff-python-swallowed:3	P00712	natural	human-python-3260236912-2597771531			ruff-python-swallowed	human-python-3260236912-2597771531:ruff-python-swallowed:3
natural:agent-typescript-3437109293:shipped-escapes:15	P00713	natural	agent-typescript-3437109293			shipped-escapes	agent-typescript-3437109293:shipped-escapes:15
natural:agent-python-3327267830:shipped-test-skip:9	P00714	natural	agent-python-3327267830			shipped-test-skip	agent-python-3327267830:shipped-test-skip:9
natural:agent-rust-3345003106:shipped-public-api:1	P00715	natural	agent-rust-3345003106			shipped-public-api	agent-rust-3345003106:shipped-public-api:1
natural:agent-typescript-3357327691:shipped-escapes:1	P00716	natural	agent-typescript-3357327691			shipped-escapes	agent-typescript-3357327691:shipped-escapes:1
natural:human-rust-3481817276-2756620376:new-direct-dependency:1	P00717	natural	human-rust-3481817276-2756620376			new-direct-dependency	human-rust-3481817276-2756620376:new-direct-dependency:1
natural:agent-python-3327267830:shipped-test-skip:64	P00718	natural	agent-python-3327267830			shipped-test-skip	agent-python-3327267830:shipped-test-skip:64
natural:agent-typescript-3391967160:shipped-test-skip:24	P00719	natural	agent-typescript-3391967160			shipped-test-skip	agent-typescript-3391967160:shipped-test-skip:24
natural:agent-python-3376791991:shipped-escapes:18	P00720	natural	agent-python-3376791991			shipped-escapes	agent-python-3376791991:shipped-escapes:18
natural:agent-python-3338367670:ruff-python-swallowed:49	P00721	natural	agent-python-3338367670			ruff-python-swallowed	agent-python-3338367670:ruff-python-swallowed:49
natural:agent-python-3376791991:shipped-escapes:19	P00722	natural	agent-python-3376791991			shipped-escapes	agent-python-3376791991:shipped-escapes:19
natural:human-python-3478506066-2888257815:ruff-python-swallowed:183	P00723	natural	human-python-3478506066-2888257815			ruff-python-swallowed	human-python-3478506066-2888257815:ruff-python-swallowed:183
natural:agent-rust-3303211080:new-direct-dependency:5	P00724	natural	agent-rust-3303211080			new-direct-dependency	agent-rust-3303211080:new-direct-dependency:5
natural:human-python-3478506066-2888257815:ruff-python-swallowed:107	P00725	natural	human-python-3478506066-2888257815			ruff-python-swallowed	human-python-3478506066-2888257815:ruff-python-swallowed:107
natural:human-python-3251895270-2846112780:ruff-python-injection:1	P00726	natural	human-python-3251895270-2846112780			ruff-python-injection	human-python-3251895270-2846112780:ruff-python-injection:1
natural:agent-python-3338367670:ruff-python-swallowed:11	P00727	natural	agent-python-3338367670			ruff-python-swallowed	agent-python-3338367670:ruff-python-swallowed:11
natural:human-python-3431807788-2861466861:ruff-python-swallowed:2	P00728	natural	human-python-3431807788-2861466861			ruff-python-swallowed	human-python-3431807788-2861466861:ruff-python-swallowed:2
hard-negative:dependency-evidence-corpus:undeclared-py/neg-mapped:new-direct-dependency:pypi:scikit-learn:00004	P00729	hard-negative		dependency-evidence-corpus	undeclared-py/neg-mapped	new-direct-dependency	
natural:agent-python-3201428116:shipped-escapes:1	P00730	natural	agent-python-3201428116			shipped-escapes	agent-python-3201428116:shipped-escapes:1
natural:agent-typescript-3391967160:shipped-escapes:23	P00731	natural	agent-typescript-3391967160			shipped-escapes	agent-typescript-3391967160:shipped-escapes:23
natural:agent-typescript-3391967160:shipped-test-skip:32	P00732	natural	agent-typescript-3391967160			shipped-test-skip	agent-typescript-3391967160:shipped-test-skip:32
natural:human-python-3338367670-2869308081:ruff-python-swallowed:165	P00733	natural	human-python-3338367670-2869308081			ruff-python-swallowed	human-python-3338367670-2869308081:ruff-python-swallowed:165
natural:human-python-3338367670-2869308081:ruff-python-swallowed:12	P00734	natural	human-python-3338367670-2869308081			ruff-python-swallowed	human-python-3338367670-2869308081:ruff-python-swallowed:12
natural:agent-typescript-3120892058:shipped-test-skip:1	P00735	natural	agent-typescript-3120892058			shipped-test-skip	agent-typescript-3120892058:shipped-test-skip:1
natural:agent-python-3467152502:ruff-python-swallowed:17	P00736	natural	agent-python-3467152502			ruff-python-swallowed	agent-python-3467152502:ruff-python-swallowed:17
natural:agent-rust-3187718516:test-new-unchecked:8	P00737	natural	agent-rust-3187718516			test-new-unchecked	agent-rust-3187718516:test-new-unchecked:8
natural:agent-python-3478506066:ruff-python-swallowed:13	P00738	natural	agent-python-3478506066			ruff-python-swallowed	agent-python-3478506066:ruff-python-swallowed:13
natural:agent-python-3327267830:shipped-test-skip:123	P00739	natural	agent-python-3327267830			shipped-test-skip	agent-python-3327267830:shipped-test-skip:123
natural:human-python-3338367670-2869308081:ruff-python-swallowed:87	P00740	natural	human-python-3338367670-2869308081			ruff-python-swallowed	human-python-3338367670-2869308081:ruff-python-swallowed:87
natural:agent-python-3260236912:ruff-python-swallowed:2	P00741	natural	agent-python-3260236912			ruff-python-swallowed	agent-python-3260236912:ruff-python-swallowed:2
hard-negative:pilot-complexity:w2437:shipped-complexity:w2437	P00742	hard-negative		pilot-complexity	w2437	shipped-complexity	
natural:human-python-3251895270-2846112780:ruff-python-swallowed:1	P00743	natural	human-python-3251895270-2846112780			ruff-python-swallowed	human-python-3251895270-2846112780:ruff-python-swallowed:1
natural:agent-typescript-2836523710:new-direct-dependency:8	P00744	natural	agent-typescript-2836523710			new-direct-dependency	agent-typescript-2836523710:new-direct-dependency:8
natural:agent-python-3260236912:shipped-test-skip:3	P00745	natural	agent-python-3260236912			shipped-test-skip	agent-python-3260236912:shipped-test-skip:3
natural:human-python-3478506066-2888257815:ruff-python-swallowed:104	P00746	natural	human-python-3478506066-2888257815			ruff-python-swallowed	human-python-3478506066-2888257815:ruff-python-swallowed:104
natural:agent-python-3327267830:shipped-escapes:104	P00747	natural	agent-python-3327267830			shipped-escapes	agent-python-3327267830:shipped-escapes:104
natural:agent-python-3327267830:shipped-escapes:122	P00748	natural	agent-python-3327267830			shipped-escapes	agent-python-3327267830:shipped-escapes:122
natural:agent-rust-2987499469:shipped-escapes:1	P00749	natural	agent-rust-2987499469			shipped-escapes	agent-rust-2987499469:shipped-escapes:1
hard-negative:pilot-escapes:w839:shipped-escapes:w839	P00750	hard-negative		pilot-escapes	w839	shipped-escapes	
natural:agent-typescript-3391967160:shipped-test-skip:26	P00751	natural	agent-typescript-3391967160			shipped-test-skip	agent-typescript-3391967160:shipped-test-skip:26
hard-negative:pilot-complexity:w1043:shipped-complexity:w1043	P00752	hard-negative		pilot-complexity	w1043	shipped-complexity	
natural:agent-python-3338367670:ruff-python-swallowed:47	P00753	natural	agent-python-3338367670			ruff-python-swallowed	agent-python-3338367670:ruff-python-swallowed:47
natural:agent-python-3327267830:shipped-test-skip:57	P00754	natural	agent-python-3327267830			shipped-test-skip	agent-python-3327267830:shipped-test-skip:57
natural:human-rust-3481817276-2756620376:shipped-test-skip:4	P00755	natural	human-rust-3481817276-2756620376			shipped-test-skip	human-rust-3481817276-2756620376:shipped-test-skip:4
natural:human-python-3478506066-2888257815:ruff-python-swallowed:80	P00756	natural	human-python-3478506066-2888257815			ruff-python-swallowed	human-python-3478506066-2888257815:ruff-python-swallowed:80
natural:human-typescript-3357327691-2669782320:shipped-escapes:5	P00757	natural	human-typescript-3357327691-2669782320			shipped-escapes	human-typescript-3357327691-2669782320:shipped-escapes:5
hard-negative:pilot-public-api:w1618:shipped-public-api:w1618	P00758	hard-negative		pilot-public-api	w1618	shipped-public-api	
natural:agent-typescript-3391967160:shipped-test-skip:10	P00759	natural	agent-typescript-3391967160			shipped-test-skip	agent-typescript-3391967160:shipped-test-skip:10
natural:agent-python-3376791991:shipped-escapes:22	P00760	natural	agent-python-3376791991			shipped-escapes	agent-python-3376791991:shipped-escapes:22
natural:agent-rust-3187718516:shipped-test-skip:3	P00761	natural	agent-rust-3187718516			shipped-test-skip	agent-rust-3187718516:shipped-test-skip:3
hard-negative:pilot-public-api:w070:shipped-public-api:w070	P00762	hard-negative		pilot-public-api	w070	shipped-public-api	
natural:human-python-3478506066-2888257815:ruff-python-swallowed:23	P00763	natural	human-python-3478506066-2888257815			ruff-python-swallowed	human-python-3478506066-2888257815:ruff-python-swallowed:23
natural:agent-typescript-3391967160:shipped-escapes:28	P00764	natural	agent-typescript-3391967160			shipped-escapes	agent-typescript-3391967160:shipped-escapes:28
hard-negative:pilot-public-api:w120:shipped-public-api:w120	P00765	hard-negative		pilot-public-api	w120	shipped-public-api	
natural:human-python-3478506066-2888257815:ruff-python-swallowed:35	P00766	natural	human-python-3478506066-2888257815			ruff-python-swallowed	human-python-3478506066-2888257815:ruff-python-swallowed:35
natural:human-python-3478506066-2888257815:ruff-python-swallowed:50	P00767	natural	human-python-3478506066-2888257815			ruff-python-swallowed	human-python-3478506066-2888257815:ruff-python-swallowed:50
natural:agent-python-3327267830:shipped-escapes:80	P00768	natural	agent-python-3327267830			shipped-escapes	agent-python-3327267830:shipped-escapes:80
natural:agent-rust-3287031579:shipped-test-skip:1	P00769	natural	agent-rust-3287031579			shipped-test-skip	agent-rust-3287031579:shipped-test-skip:1
natural:human-python-3338367670-2869308081:ruff-python-swallowed:8	P00770	natural	human-python-3338367670-2869308081			ruff-python-swallowed	human-python-3338367670-2869308081:ruff-python-swallowed:8
natural:human-python-3260236912-2597771531:error-broad-handler:1	P00771	natural	human-python-3260236912-2597771531			error-broad-handler	human-python-3260236912-2597771531:error-broad-handler:1
natural:human-python-3478506066-2888257815:ruff-python-swallowed:178	P00772	natural	human-python-3478506066-2888257815			ruff-python-swallowed	human-python-3478506066-2888257815:ruff-python-swallowed:178
natural:human-python-3338367670-2869308081:ruff-python-swallowed:88	P00773	natural	human-python-3338367670-2869308081			ruff-python-swallowed	human-python-3338367670-2869308081:ruff-python-swallowed:88
natural:agent-python-3376791991:shipped-test-skip:17	P00774	natural	agent-python-3376791991			shipped-test-skip	agent-python-3376791991:shipped-test-skip:17
natural:agent-typescript-2836523710:new-direct-dependency:2	P00775	natural	agent-typescript-2836523710			new-direct-dependency	agent-typescript-2836523710:new-direct-dependency:2
natural:agent-rust-3187718516:shipped-escapes:8	P00776	natural	agent-rust-3187718516			shipped-escapes	agent-rust-3187718516:shipped-escapes:8
natural:human-typescript-3357327691-2669782320:shipped-test-skip:7	P00777	natural	human-typescript-3357327691-2669782320			shipped-test-skip	human-typescript-3357327691-2669782320:shipped-test-skip:7
natural:agent-python-3260236912:shipped-stubs:1	P00778	natural	agent-python-3260236912			shipped-stubs	agent-python-3260236912:shipped-stubs:1
natural:human-typescript-3286267234-2715577169:shipped-test-skip:3	P00779	natural	human-typescript-3286267234-2715577169			shipped-test-skip	human-typescript-3286267234-2715577169:shipped-test-skip:3
natural:agent-typescript-3391967160:shipped-test-skip:30	P00780	natural	agent-typescript-3391967160			shipped-test-skip	agent-typescript-3391967160:shipped-test-skip:30
natural:human-python-3338367670-2869308081:ruff-python-swallowed:100	P00781	natural	human-python-3338367670-2869308081			ruff-python-swallowed	human-python-3338367670-2869308081:ruff-python-swallowed:100
natural:agent-python-3327267830:ruff-python-swallowed:34	P00782	natural	agent-python-3327267830			ruff-python-swallowed	agent-python-3327267830:ruff-python-swallowed:34
natural:agent-python-3327267830:shipped-test-skip:115	P00783	natural	agent-python-3327267830			shipped-test-skip	agent-python-3327267830:shipped-test-skip:115
natural:human-python-3338367670-2869308081:ruff-python-swallowed:18	P00784	natural	human-python-3338367670-2869308081			ruff-python-swallowed	human-python-3338367670-2869308081:ruff-python-swallowed:18
natural:human-typescript-3101362009-2648060060:shipped-escapes:1	P00785	natural	human-typescript-3101362009-2648060060			shipped-escapes	human-typescript-3101362009-2648060060:shipped-escapes:1
natural:agent-typescript-3437109293:shipped-escapes:16	P00786	natural	agent-typescript-3437109293			shipped-escapes	agent-typescript-3437109293:shipped-escapes:16
natural:agent-typescript-3437109293:shipped-escapes:48	P00787	natural	agent-typescript-3437109293			shipped-escapes	agent-typescript-3437109293:shipped-escapes:48
natural:human-python-3478506066-2888257815:ruff-python-swallowed:24	P00788	natural	human-python-3478506066-2888257815			ruff-python-swallowed	human-python-3478506066-2888257815:ruff-python-swallowed:24
natural:human-python-3338367670-2869308081:ruff-python-injection:5	P00789	natural	human-python-3338367670-2869308081			ruff-python-injection	human-python-3338367670-2869308081:ruff-python-injection:5
natural:agent-typescript-3437109293:shipped-test-skip:50	P00790	natural	agent-typescript-3437109293			shipped-test-skip	agent-typescript-3437109293:shipped-test-skip:50
natural:agent-python-3431634736:ruff-python-swallowed:4	P00791	natural	agent-python-3431634736			ruff-python-swallowed	agent-python-3431634736:ruff-python-swallowed:4
natural:human-python-3338367670-2869308081:ruff-python-swallowed:34	P00792	natural	human-python-3338367670-2869308081			ruff-python-swallowed	human-python-3338367670-2869308081:ruff-python-swallowed:34
hard-negative:pilot-complexity:w2562:shipped-complexity:w2562	P00793	hard-negative		pilot-complexity	w2562	shipped-complexity	
natural:agent-python-3338367670:ruff-python-swallowed:86	P00794	natural	agent-python-3338367670			ruff-python-swallowed	agent-python-3338367670:ruff-python-swallowed:86
natural:agent-rust-3187718516:new-direct-dependency:5	P00795	natural	agent-rust-3187718516			new-direct-dependency	agent-rust-3187718516:new-direct-dependency:5
natural:agent-python-3478506066:ruff-python-swallowed:19	P00796	natural	agent-python-3478506066			ruff-python-swallowed	agent-python-3478506066:ruff-python-swallowed:19
hard-negative:pilot-escapes:w834:shipped-escapes:w834	P00797	hard-negative		pilot-escapes	w834	shipped-escapes	
natural:human-python-3327267830-2644922867:ruff-python-swallowed:1	P00798	natural	human-python-3327267830-2644922867			ruff-python-swallowed	human-python-3327267830-2644922867:ruff-python-swallowed:1
natural:human-python-3478506066-2888257815:ruff-python-swallowed:168	P00799	natural	human-python-3478506066-2888257815			ruff-python-swallowed	human-python-3478506066-2888257815:ruff-python-swallowed:168
natural:agent-python-3327267830:shipped-test-skip:90	P00800	natural	agent-python-3327267830			shipped-test-skip	agent-python-3327267830:shipped-test-skip:90
hard-negative:pilot-public-api:w1157:shipped-public-api:w1157	P00801	hard-negative		pilot-public-api	w1157	shipped-public-api	
natural:agent-python-3251895270:ruff-python-injection:5	P00802	natural	agent-python-3251895270			ruff-python-injection	agent-python-3251895270:ruff-python-injection:5
natural:human-rust-3355917270-2777895811:shipped-public-api:3	P00803	natural	human-rust-3355917270-2777895811			shipped-public-api	human-rust-3355917270-2777895811:shipped-public-api:3
hard-negative:pilot-public-api:w621:shipped-public-api:w621	P00804	hard-negative		pilot-public-api	w621	shipped-public-api	
natural:agent-python-3338367670:ruff-python-swallowed:70	P00805	natural	agent-python-3338367670			ruff-python-swallowed	agent-python-3338367670:ruff-python-swallowed:70
natural:agent-python-3431634736:ruff-python-swallowed:17	P00806	natural	agent-python-3431634736			ruff-python-swallowed	agent-python-3431634736:ruff-python-swallowed:17
natural:agent-rust-3322053786:shipped-public-api:1	P00807	natural	agent-rust-3322053786			shipped-public-api	agent-rust-3322053786:shipped-public-api:1
natural:human-python-3260236912-2597771531:new-direct-dependency:11	P00808	natural	human-python-3260236912-2597771531			new-direct-dependency	human-python-3260236912-2597771531:new-direct-dependency:11
natural:human-typescript-3182983420-2724644741:shipped-escapes:15	P00809	natural	human-typescript-3182983420-2724644741			shipped-escapes	human-typescript-3182983420-2724644741:shipped-escapes:15
natural:human-python-3467152502-2897921621:ruff-python-swallowed:17	P00810	natural	human-python-3467152502-2897921621			ruff-python-swallowed	human-python-3467152502-2897921621:ruff-python-swallowed:17
natural:human-python-3078818623-2538909715:ruff-python-swallowed:11	P00811	natural	human-python-3078818623-2538909715			ruff-python-swallowed	human-python-3078818623-2538909715:ruff-python-swallowed:11
natural:human-python-3288751740-2848154600:ruff-python-swallowed:15	P00812	natural	human-python-3288751740-2848154600			ruff-python-swallowed	human-python-3288751740-2848154600:ruff-python-swallowed:15
natural:agent-typescript-3437109293:shipped-test-skip:33	P00813	natural	agent-typescript-3437109293			shipped-test-skip	agent-typescript-3437109293:shipped-test-skip:33
hard-negative:pilot-complexity:w2076:shipped-complexity:w2076	P00814	hard-negative		pilot-complexity	w2076	shipped-complexity	
natural:human-typescript-3182983420-2724644741:shipped-test-skip:4	P00815	natural	human-typescript-3182983420-2724644741			shipped-test-skip	human-typescript-3182983420-2724644741:shipped-test-skip:4
natural:human-python-3478506066-2888257815:ruff-python-swallowed:64	P00816	natural	human-python-3478506066-2888257815			ruff-python-swallowed	human-python-3478506066-2888257815:ruff-python-swallowed:64
natural:human-python-3478506066-2888257815:ruff-python-swallowed:133	P00817	natural	human-python-3478506066-2888257815			ruff-python-swallowed	human-python-3478506066-2888257815:ruff-python-swallowed:133
hard-negative:dependency-evidence-corpus:undeclared-py/neg-private:new-direct-dependency:pypi:acme-billing:00001	P00818	hard-negative		dependency-evidence-corpus	undeclared-py/neg-private	new-direct-dependency	
natural:human-python-3478506066-2888257815:ruff-python-swallowed:166	P00819	natural	human-python-3478506066-2888257815			ruff-python-swallowed	human-python-3478506066-2888257815:ruff-python-swallowed:166
natural:agent-python-3327267830:shipped-escapes:1	P00820	natural	agent-python-3327267830			shipped-escapes	agent-python-3327267830:shipped-escapes:1
natural:human-python-3467152502-2897921621:ruff-python-swallowed:6	P00821	natural	human-python-3467152502-2897921621			ruff-python-swallowed	human-python-3467152502-2897921621:ruff-python-swallowed:6
natural:agent-python-3327267830:shipped-test-skip:128	P00822	natural	agent-python-3327267830			shipped-test-skip	agent-python-3327267830:shipped-test-skip:128
natural:agent-typescript-3391967160:shipped-escapes:20	P00823	natural	agent-typescript-3391967160			shipped-escapes	agent-typescript-3391967160:shipped-escapes:20
hard-negative:design-conformance-corpus:payments-ts/neg-special:design-family-bypass:family-bypass:src/payments/manual.ts:5:ManualInvoice in src/payments/ defines charge, refund like every member; it does not implement PaymentProvider, which 2 of 5 sibling files implement (e.g. paypal.ts, stripe.ts):00001	P00824	hard-negative		design-conformance-corpus	payments-ts/neg-special	design-family-bypass	
natural:agent-typescript-3391967160:shipped-dead-symbols:1	P00825	natural	agent-typescript-3391967160			shipped-dead-symbols	agent-typescript-3391967160:shipped-dead-symbols:1
natural:human-python-3078479848-2532899281:ruff-python-swallowed:3	P00826	natural	human-python-3078479848-2532899281			ruff-python-swallowed	human-python-3078479848-2532899281:ruff-python-swallowed:3
natural:agent-rust-3465103781:design-registration-bypass:6	P00827	natural	agent-rust-3465103781			design-registration-bypass	agent-rust-3465103781:design-registration-bypass:6
natural:agent-typescript-3131982797:shipped-test-skip:1	P00828	natural	agent-typescript-3131982797			shipped-test-skip	agent-typescript-3131982797:shipped-test-skip:1
natural:agent-typescript-3120892058:shipped-test-skip:3	P00829	natural	agent-typescript-3120892058			shipped-test-skip	agent-typescript-3120892058:shipped-test-skip:3
natural:agent-python-3327267830:shipped-escapes:68	P00830	natural	agent-python-3327267830			shipped-escapes	agent-python-3327267830:shipped-escapes:68
natural:agent-python-3327267830:shipped-escapes:70	P00831	natural	agent-python-3327267830			shipped-escapes	agent-python-3327267830:shipped-escapes:70
hard-negative:pilot-complexity:w1373:shipped-complexity:w1373	P00832	hard-negative		pilot-complexity	w1373	shipped-complexity	
natural:agent-rust-3086723892:shipped-test-skip:4	P00833	natural	agent-rust-3086723892			shipped-test-skip	agent-rust-3086723892:shipped-test-skip:4
natural:human-python-3478506066-2888257815:ruff-python-swallowed:39	P00834	natural	human-python-3478506066-2888257815			ruff-python-swallowed	human-python-3478506066-2888257815:ruff-python-swallowed:39
natural:agent-rust-3287031579:shipped-test-skip:2	P00835	natural	agent-rust-3287031579			shipped-test-skip	agent-rust-3287031579:shipped-test-skip:2
natural:agent-python-3126265212:ruff-python-swallowed:1	P00836	natural	agent-python-3126265212			ruff-python-swallowed	agent-python-3126265212:ruff-python-swallowed:1
natural:human-typescript-3368681439-2692810552:shipped-test-skip:1	P00837	natural	human-typescript-3368681439-2692810552			shipped-test-skip	human-typescript-3368681439-2692810552:shipped-test-skip:1
hard-negative:pilot-complexity:w1891:shipped-complexity:w1891	P00838	hard-negative		pilot-complexity	w1891	shipped-complexity	
hard-negative:pilot-public-api:w1348:shipped-public-api:w1348	P00839	hard-negative		pilot-public-api	w1348	shipped-public-api	
natural:human-python-3478506066-2888257815:ruff-python-swallowed:152	P00840	natural	human-python-3478506066-2888257815			ruff-python-swallowed	human-python-3478506066-2888257815:ruff-python-swallowed:152
natural:agent-python-3338367670:ruff-python-swallowed:15	P00841	natural	agent-python-3338367670			ruff-python-swallowed	agent-python-3338367670:ruff-python-swallowed:15
natural:agent-python-3260236912:ruff-python-swallowed:9	P00842	natural	agent-python-3260236912			ruff-python-swallowed	agent-python-3260236912:ruff-python-swallowed:9
natural:human-python-3478506066-2888257815:ruff-python-swallowed:134	P00843	natural	human-python-3478506066-2888257815			ruff-python-swallowed	human-python-3478506066-2888257815:ruff-python-swallowed:134
natural:human-rust-3541394251-2947252828:shipped-test-skip:1	P00844	natural	human-rust-3541394251-2947252828			shipped-test-skip	human-rust-3541394251-2947252828:shipped-test-skip:1
natural:agent-python-3376791991:shipped-test-skip:24	P00845	natural	agent-python-3376791991			shipped-test-skip	agent-python-3376791991:shipped-test-skip:24
natural:agent-python-3467152502:ruff-python-swallowed:4	P00846	natural	agent-python-3467152502			ruff-python-swallowed	agent-python-3467152502:ruff-python-swallowed:4
natural:agent-python-3327267830:shipped-escapes:115	P00847	natural	agent-python-3327267830			shipped-escapes	agent-python-3327267830:shipped-escapes:115
natural:agent-python-3338367670:ruff-python-swallowed:60	P00848	natural	agent-python-3338367670			ruff-python-swallowed	agent-python-3338367670:ruff-python-swallowed:60
natural:human-python-3478506066-2888257815:ruff-python-swallowed:182	P00849	natural	human-python-3478506066-2888257815			ruff-python-swallowed	human-python-3478506066-2888257815:ruff-python-swallowed:182
natural:agent-rust-3187718516:test-new-unchecked:6	P00850	natural	agent-rust-3187718516			test-new-unchecked	agent-rust-3187718516:test-new-unchecked:6
natural:agent-python-3327267830:shipped-escapes:29	P00851	natural	agent-python-3327267830			shipped-escapes	agent-python-3327267830:shipped-escapes:29
natural:human-python-3203515928-2644838880:ruff-python-swallowed:2	P00852	natural	human-python-3203515928-2644838880			ruff-python-swallowed	human-python-3203515928-2644838880:ruff-python-swallowed:2
natural:agent-python-3327267830:shipped-escapes:35	P00853	natural	agent-python-3327267830			shipped-escapes	agent-python-3327267830:shipped-escapes:35
natural:agent-rust-3311772882:shipped-test-skip:3	P00854	natural	agent-rust-3311772882			shipped-test-skip	agent-rust-3311772882:shipped-test-skip:3
natural:human-python-3431807788-2861466861:shipped-test-skip:1	P00855	natural	human-python-3431807788-2861466861			shipped-test-skip	human-python-3431807788-2861466861:shipped-test-skip:1
natural:agent-typescript-3519641294:shipped-test-skip:1	P00856	natural	agent-typescript-3519641294			shipped-test-skip	agent-typescript-3519641294:shipped-test-skip:1
natural:human-python-3327267830-2644922867:ruff-python-swallowed:3	P00857	natural	human-python-3327267830-2644922867			ruff-python-swallowed	human-python-3327267830-2644922867:ruff-python-swallowed:3
natural:human-python-3478506066-2888257815:ruff-python-swallowed:189	P00858	natural	human-python-3478506066-2888257815			ruff-python-swallowed	human-python-3478506066-2888257815:ruff-python-swallowed:189
natural:human-python-3338367670-2869308081:ruff-python-swallowed:177	P00859	natural	human-python-3338367670-2869308081			ruff-python-swallowed	human-python-3338367670-2869308081:ruff-python-swallowed:177
natural:human-python-3338367670-2869308081:error-broad-handler:5	P00860	natural	human-python-3338367670-2869308081			error-broad-handler	human-python-3338367670-2869308081:error-broad-handler:5
hard-negative:pilot-public-api:w1837:shipped-public-api:w1837	P00861	hard-negative		pilot-public-api	w1837	shipped-public-api	
natural:agent-python-3376791991:shipped-escapes:6	P00862	natural	agent-python-3376791991			shipped-escapes	agent-python-3376791991:shipped-escapes:6
natural:agent-python-3338367670:ruff-python-swallowed:36	P00863	natural	agent-python-3338367670			ruff-python-swallowed	agent-python-3338367670:ruff-python-swallowed:36
natural:agent-rust-3187718516:new-direct-dependency:2	P00864	natural	agent-rust-3187718516			new-direct-dependency	agent-rust-3187718516:new-direct-dependency:2
hard-negative:pilot-public-api:w433:shipped-public-api:w433	P00865	hard-negative		pilot-public-api	w433	shipped-public-api	
natural:agent-typescript-3437109293:shipped-test-skip:24	P00866	natural	agent-typescript-3437109293			shipped-test-skip	agent-typescript-3437109293:shipped-test-skip:24
natural:human-typescript-3368681439-2692810552:new-direct-dependency:1	P00867	natural	human-typescript-3368681439-2692810552			new-direct-dependency	human-typescript-3368681439-2692810552:new-direct-dependency:1
natural:agent-python-3078479848:ruff-python-swallowed:2	P00868	natural	agent-python-3078479848			ruff-python-swallowed	agent-python-3078479848:ruff-python-swallowed:2
natural:agent-python-3327267830:ruff-python-swallowed:39	P00869	natural	agent-python-3327267830			ruff-python-swallowed	agent-python-3327267830:ruff-python-swallowed:39
natural:human-python-3478506066-2888257815:ruff-python-swallowed:130	P00870	natural	human-python-3478506066-2888257815			ruff-python-swallowed	human-python-3478506066-2888257815:ruff-python-swallowed:130
natural:human-rust-3356723010-2784268856:shipped-stubs:1	P00871	natural	human-rust-3356723010-2784268856			shipped-stubs	human-rust-3356723010-2784268856:shipped-stubs:1
natural:agent-rust-3187718516:test-new-unchecked:4	P00872	natural	agent-rust-3187718516			test-new-unchecked	agent-rust-3187718516:test-new-unchecked:4
natural:human-python-3478506066-2888257815:ruff-python-swallowed:108	P00873	natural	human-python-3478506066-2888257815			ruff-python-swallowed	human-python-3478506066-2888257815:ruff-python-swallowed:108
natural:agent-rust-3311772882:shipped-test-skip:2	P00874	natural	agent-rust-3311772882			shipped-test-skip	agent-rust-3311772882:shipped-test-skip:2
natural:human-python-3338367670-2869308081:ruff-python-swallowed:37	P00875	natural	human-python-3338367670-2869308081			ruff-python-swallowed	human-python-3338367670-2869308081:ruff-python-swallowed:37
natural:agent-rust-3187718516:shipped-escapes:2	P00876	natural	agent-rust-3187718516			shipped-escapes	agent-rust-3187718516:shipped-escapes:2
natural:agent-python-3327267830:shipped-test-skip:84	P00877	natural	agent-python-3327267830			shipped-test-skip	agent-python-3327267830:shipped-test-skip:84
natural:human-rust-3070149818-2405390894:new-direct-dependency:2	P00878	natural	human-rust-3070149818-2405390894			new-direct-dependency	human-rust-3070149818-2405390894:new-direct-dependency:2
natural:human-python-3467152502-2897921621:ruff-python-swallowed:4	P00879	natural	human-python-3467152502-2897921621			ruff-python-swallowed	human-python-3467152502-2897921621:ruff-python-swallowed:4
natural:agent-python-3327267830:shipped-test-skip:44	P00880	natural	agent-python-3327267830			shipped-test-skip	agent-python-3327267830:shipped-test-skip:44
natural:agent-python-3327267830:shipped-test-skip:134	P00881	natural	agent-python-3327267830			shipped-test-skip	agent-python-3327267830:shipped-test-skip:134
natural:agent-python-3327267830:shipped-escapes:16	P00882	natural	agent-python-3327267830			shipped-escapes	agent-python-3327267830:shipped-escapes:16
hard-negative:dependency-evidence-corpus:undeclared-py/neg-mapped:new-direct-dependency:pypi:pillow:00002	P00883	hard-negative		dependency-evidence-corpus	undeclared-py/neg-mapped	new-direct-dependency	
natural:agent-python-3338367670:ruff-python-swallowed:43	P00884	natural	agent-python-3338367670			ruff-python-swallowed	agent-python-3338367670:ruff-python-swallowed:43
natural:human-python-3478506066-2888257815:ruff-python-swallowed:21	P00885	natural	human-python-3478506066-2888257815			ruff-python-swallowed	human-python-3478506066-2888257815:ruff-python-swallowed:21
natural:agent-python-3338367670:ruff-python-swallowed:10	P00886	natural	agent-python-3338367670			ruff-python-swallowed	agent-python-3338367670:ruff-python-swallowed:10
natural:human-python-3478506066-2888257815:ruff-python-swallowed:43	P00887	natural	human-python-3478506066-2888257815			ruff-python-swallowed	human-python-3478506066-2888257815:ruff-python-swallowed:43
natural:human-python-3478506066-2888257815:ruff-python-swallowed:22	P00888	natural	human-python-3478506066-2888257815			ruff-python-swallowed	human-python-3478506066-2888257815:ruff-python-swallowed:22
natural:agent-python-3260236912:error-broad-handler:2	P00889	natural	agent-python-3260236912			error-broad-handler	agent-python-3260236912:error-broad-handler:2
natural:agent-typescript-2836523710:new-direct-dependency:9	P00890	natural	agent-typescript-2836523710			new-direct-dependency	agent-typescript-2836523710:new-direct-dependency:9
natural:agent-python-3327267830:shipped-escapes:131	P00891	natural	agent-python-3327267830			shipped-escapes	agent-python-3327267830:shipped-escapes:131
natural:agent-python-3327267830:shipped-test-skip:106	P00892	natural	agent-python-3327267830			shipped-test-skip	agent-python-3327267830:shipped-test-skip:106
natural:human-python-3338367670-2869308081:ruff-python-swallowed:108	P00893	natural	human-python-3338367670-2869308081			ruff-python-swallowed	human-python-3338367670-2869308081:ruff-python-swallowed:108
natural:human-typescript-3357327691-2669782320:shipped-escapes:2	P00894	natural	human-typescript-3357327691-2669782320			shipped-escapes	human-typescript-3357327691-2669782320:shipped-escapes:2
natural:agent-typescript-3391967160:shipped-test-skip:5	P00895	natural	agent-typescript-3391967160			shipped-test-skip	agent-typescript-3391967160:shipped-test-skip:5
natural:agent-python-3260236912:shipped-test-skip:2	P00896	natural	agent-python-3260236912			shipped-test-skip	agent-python-3260236912:shipped-test-skip:2
natural:human-rust-3399286828-2837822341:shipped-public-api:8	P00897	natural	human-rust-3399286828-2837822341			shipped-public-api	human-rust-3399286828-2837822341:shipped-public-api:8
natural:agent-rust-3287031579:test-new-unchecked:1	P00898	natural	agent-rust-3287031579			test-new-unchecked	agent-rust-3287031579:test-new-unchecked:1
natural:agent-rust-3187718516:test-new-unchecked:3	P00899	natural	agent-rust-3187718516			test-new-unchecked	agent-rust-3187718516:test-new-unchecked:3
natural:agent-python-3203515928:ruff-python-swallowed:1	P00900	natural	agent-python-3203515928			ruff-python-swallowed	agent-python-3203515928:ruff-python-swallowed:1
natural:human-python-3338367670-2869308081:ruff-python-swallowed:83	P00901	natural	human-python-3338367670-2869308081			ruff-python-swallowed	human-python-3338367670-2869308081:ruff-python-swallowed:83
natural:agent-typescript-3248259820:shipped-escapes:1	P00902	natural	agent-typescript-3248259820			shipped-escapes	agent-typescript-3248259820:shipped-escapes:1
natural:human-python-3338367670-2869308081:ruff-python-swallowed:173	P00903	natural	human-python-3338367670-2869308081			ruff-python-swallowed	human-python-3338367670-2869308081:ruff-python-swallowed:173
hard-negative:pilot-complexity:w131:shipped-complexity:w131	P00904	hard-negative		pilot-complexity	w131	shipped-complexity	
natural:agent-typescript-3437109293:shipped-test-skip:48	P00905	natural	agent-typescript-3437109293			shipped-test-skip	agent-typescript-3437109293:shipped-test-skip:48
natural:agent-python-3376791991:shipped-escapes:10	P00906	natural	agent-python-3376791991			shipped-escapes	agent-python-3376791991:shipped-escapes:10
natural:agent-python-3327267830:shipped-escapes:134	P00907	natural	agent-python-3327267830			shipped-escapes	agent-python-3327267830:shipped-escapes:134
natural:human-python-3478506066-2888257815:ruff-python-swallowed:174	P00908	natural	human-python-3478506066-2888257815			ruff-python-swallowed	human-python-3478506066-2888257815:ruff-python-swallowed:174
natural:agent-rust-3187718516:shipped-escapes:4	P00909	natural	agent-rust-3187718516			shipped-escapes	agent-rust-3187718516:shipped-escapes:4
natural:agent-python-3327267830:shipped-escapes:138	P00910	natural	agent-python-3327267830			shipped-escapes	agent-python-3327267830:shipped-escapes:138
hard-negative:pilot-complexity:w013:shipped-complexity:w013	P00911	hard-negative		pilot-complexity	w013	shipped-complexity	
natural:agent-rust-3187718516:new-direct-dependency:3	P00912	natural	agent-rust-3187718516			new-direct-dependency	agent-rust-3187718516:new-direct-dependency:3
hard-negative:pilot-escapes:w572:shipped-escapes:w572	P00913	hard-negative		pilot-escapes	w572	shipped-escapes	
natural:agent-rust-3311772882:shipped-test-skip:4	P00914	natural	agent-rust-3311772882			shipped-test-skip	agent-rust-3311772882:shipped-test-skip:4
natural:human-python-3478506066-2888257815:ruff-python-swallowed:138	P00915	natural	human-python-3478506066-2888257815			ruff-python-swallowed	human-python-3478506066-2888257815:ruff-python-swallowed:138
natural:agent-typescript-3437109293:shipped-test-skip:26	P00916	natural	agent-typescript-3437109293			shipped-test-skip	agent-typescript-3437109293:shipped-test-skip:26
natural:agent-python-3327267830:shipped-test-skip:124	P00917	natural	agent-python-3327267830			shipped-test-skip	agent-python-3327267830:shipped-test-skip:124
natural:agent-rust-3539106136:shipped-test-skip:1	P00918	natural	agent-rust-3539106136			shipped-test-skip	agent-rust-3539106136:shipped-test-skip:1
natural:agent-rust-3187718516:test-new-unchecked:9	P00919	natural	agent-rust-3187718516			test-new-unchecked	agent-rust-3187718516:test-new-unchecked:9
natural:human-python-3478506066-2888257815:ruff-python-swallowed:27	P00920	natural	human-python-3478506066-2888257815			ruff-python-swallowed	human-python-3478506066-2888257815:ruff-python-swallowed:27
natural:human-python-3338367670-2869308081:ruff-python-swallowed:16	P00921	natural	human-python-3338367670-2869308081			ruff-python-swallowed	human-python-3338367670-2869308081:ruff-python-swallowed:16
natural:human-python-3478506066-2888257815:ruff-python-swallowed:144	P00922	natural	human-python-3478506066-2888257815			ruff-python-swallowed	human-python-3478506066-2888257815:ruff-python-swallowed:144
natural:agent-typescript-3519641294:shipped-test-skip:6	P00923	natural	agent-typescript-3519641294			shipped-test-skip	agent-typescript-3519641294:shipped-test-skip:6
natural:agent-rust-3355917270:shipped-test-skip:1	P00924	natural	agent-rust-3355917270			shipped-test-skip	agent-rust-3355917270:shipped-test-skip:1
natural:agent-typescript-3437109293:shipped-escapes:36	P00925	natural	agent-typescript-3437109293			shipped-escapes	agent-typescript-3437109293:shipped-escapes:36
natural:agent-python-3431634736:ruff-python-swallowed:16	P00926	natural	agent-python-3431634736			ruff-python-swallowed	agent-python-3431634736:ruff-python-swallowed:16
natural:human-python-3338367670-2869308081:ruff-python-swallowed:28	P00927	natural	human-python-3338367670-2869308081			ruff-python-swallowed	human-python-3338367670-2869308081:ruff-python-swallowed:28
hard-negative:pilot-escapes:w1856:shipped-escapes:w1856	P00928	hard-negative		pilot-escapes	w1856	shipped-escapes	
natural:agent-python-3376791991:shipped-test-skip:18	P00929	natural	agent-python-3376791991			shipped-test-skip	agent-python-3376791991:shipped-test-skip:18
hard-negative:pilot-complexity:w1677:shipped-complexity:w1677	P00930	hard-negative		pilot-complexity	w1677	shipped-complexity	
natural:human-typescript-3332391124-2701990016:shipped-test-skip:9	P00931	natural	human-typescript-3332391124-2701990016			shipped-test-skip	human-typescript-3332391124-2701990016:shipped-test-skip:9
natural:agent-typescript-3391967160:shipped-escapes:1	P00932	natural	agent-typescript-3391967160			shipped-escapes	agent-typescript-3391967160:shipped-escapes:1
natural:human-python-3338367670-2869308081:ruff-python-swallowed:122	P00933	natural	human-python-3338367670-2869308081			ruff-python-swallowed	human-python-3338367670-2869308081:ruff-python-swallowed:122
natural:human-typescript-3089509964-2540072991:shipped-test-skip:1	P00934	natural	human-typescript-3089509964-2540072991			shipped-test-skip	human-typescript-3089509964-2540072991:shipped-test-skip:1
natural:human-python-3478506066-2888257815:ruff-python-swallowed:4	P00935	natural	human-python-3478506066-2888257815			ruff-python-swallowed	human-python-3478506066-2888257815:ruff-python-swallowed:4
natural:human-typescript-3101362009-2648060060:shipped-test-skip:1	P00936	natural	human-typescript-3101362009-2648060060			shipped-test-skip	human-typescript-3101362009-2648060060:shipped-test-skip:1
hard-negative:pilot-complexity:w1126:shipped-complexity:w1126	P00937	hard-negative		pilot-complexity	w1126	shipped-complexity	
natural:agent-typescript-2822630272:new-direct-dependency:3	P00938	natural	agent-typescript-2822630272			new-direct-dependency	agent-typescript-2822630272:new-direct-dependency:3
natural:agent-python-3376791991:shipped-escapes:12	P00939	natural	agent-python-3376791991			shipped-escapes	agent-python-3376791991:shipped-escapes:12
natural:human-python-3338367670-2869308081:ruff-python-swallowed:89	P00940	natural	human-python-3338367670-2869308081			ruff-python-swallowed	human-python-3338367670-2869308081:ruff-python-swallowed:89
hard-negative:test-integrity-corpus:integrity-ts/neg-determinism:test-new-unchecked:new-test-unchecked:tautology-only:src/slug.test.ts:23:00001	P00941	hard-negative		test-integrity-corpus	integrity-ts/neg-determinism	test-new-unchecked	
natural:human-python-3478506066-2888257815:ruff-python-swallowed:76	P00942	natural	human-python-3478506066-2888257815			ruff-python-swallowed	human-python-3478506066-2888257815:ruff-python-swallowed:76
natural:human-typescript-3089509964-2540072991:shipped-escapes:7	P00943	natural	human-typescript-3089509964-2540072991			shipped-escapes	human-typescript-3089509964-2540072991:shipped-escapes:7
natural:agent-python-3311111058:shipped-test-skip:5	P00944	natural	agent-python-3311111058			shipped-test-skip	agent-python-3311111058:shipped-test-skip:5
natural:human-python-3078818623-2538909715:ruff-python-swallowed:2	P00945	natural	human-python-3078818623-2538909715			ruff-python-swallowed	human-python-3078818623-2538909715:ruff-python-swallowed:2
hard-negative:pilot-complexity:w296:shipped-complexity:w296	P00946	hard-negative		pilot-complexity	w296	shipped-complexity	
natural:human-typescript-3089509964-2540072991:shipped-escapes:1	P00947	natural	human-typescript-3089509964-2540072991			shipped-escapes	human-typescript-3089509964-2540072991:shipped-escapes:1
natural:agent-typescript-3332391124:shipped-escapes:3	P00948	natural	agent-typescript-3332391124			shipped-escapes	agent-typescript-3332391124:shipped-escapes:3
natural:agent-typescript-3437109293:shipped-escapes:29	P00949	natural	agent-typescript-3437109293			shipped-escapes	agent-typescript-3437109293:shipped-escapes:29
natural:agent-python-3338367670:ruff-python-swallowed:24	P00950	natural	agent-python-3338367670			ruff-python-swallowed	agent-python-3338367670:ruff-python-swallowed:24
natural:agent-typescript-3391967160:shipped-test-skip:2	P00951	natural	agent-typescript-3391967160			shipped-test-skip	agent-typescript-3391967160:shipped-test-skip:2
hard-negative:pilot-public-api:w2576:shipped-public-api:w2576	P00952	hard-negative		pilot-public-api	w2576	shipped-public-api	
natural:human-python-3338367670-2869308081:ruff-python-swallowed:176	P00953	natural	human-python-3338367670-2869308081			ruff-python-swallowed	human-python-3338367670-2869308081:ruff-python-swallowed:176
natural:agent-typescript-3437109293:shipped-escapes:6	P00954	natural	agent-typescript-3437109293			shipped-escapes	agent-typescript-3437109293:shipped-escapes:6
natural:human-rust-3070149818-2405390894:shipped-escapes:2	P00955	natural	human-rust-3070149818-2405390894			shipped-escapes	human-rust-3070149818-2405390894:shipped-escapes:2
natural:human-python-3478506066-2888257815:ruff-python-swallowed:115	P00956	natural	human-python-3478506066-2888257815			ruff-python-swallowed	human-python-3478506066-2888257815:ruff-python-swallowed:115
natural:human-python-3338367670-2869308081:ruff-python-swallowed:112	P00957	natural	human-python-3338367670-2869308081			ruff-python-swallowed	human-python-3338367670-2869308081:ruff-python-swallowed:112
natural:agent-python-3327267830:shipped-test-skip:24	P00958	natural	agent-python-3327267830			shipped-test-skip	agent-python-3327267830:shipped-test-skip:24
natural:human-rust-3481817276-2756620376:shipped-test-skip:3	P00959	natural	human-rust-3481817276-2756620376			shipped-test-skip	human-rust-3481817276-2756620376:shipped-test-skip:3
natural:human-typescript-3238312359-2709186404:shipped-stubs:1	P00960	natural	human-typescript-3238312359-2709186404			shipped-stubs	human-typescript-3238312359-2709186404:shipped-stubs:1
hard-negative:pilot-complexity:w2324:shipped-complexity:w2324	P00961	hard-negative		pilot-complexity	w2324	shipped-complexity	
natural:agent-typescript-3437109293:shipped-escapes:34	P00962	natural	agent-typescript-3437109293			shipped-escapes	agent-typescript-3437109293:shipped-escapes:34
natural:agent-python-3311111058:shipped-escapes:2	P00963	natural	agent-python-3311111058			shipped-escapes	agent-python-3311111058:shipped-escapes:2
natural:human-python-3338367670-2869308081:ruff-python-swallowed:60	P00964	natural	human-python-3338367670-2869308081			ruff-python-swallowed	human-python-3338367670-2869308081:ruff-python-swallowed:60
natural:agent-rust-3086723892:shipped-escapes:1	P00965	natural	agent-rust-3086723892			shipped-escapes	agent-rust-3086723892:shipped-escapes:1
hard-negative:test-integrity-corpus:integrity-rs/neg-new-smoke:test-new-unchecked:new-test-unchecked:none:tests/slug.rs:20:00001	P00966	hard-negative		test-integrity-corpus	integrity-rs/neg-new-smoke	test-new-unchecked	
natural:human-python-3078479848-2532899281:ruff-python-swallowed:5	P00967	natural	human-python-3078479848-2532899281			ruff-python-swallowed	human-python-3078479848-2532899281:ruff-python-swallowed:5
natural:agent-rust-3187718516:new-direct-dependency:1	P00968	natural	agent-rust-3187718516			new-direct-dependency	agent-rust-3187718516:new-direct-dependency:1
natural:human-python-3256317503-2565338657:ruff-python-swallowed:1	P00969	natural	human-python-3256317503-2565338657			ruff-python-swallowed	human-python-3256317503-2565338657:ruff-python-swallowed:1
natural:human-python-3478506066-2888257815:ruff-python-swallowed:7	P00970	natural	human-python-3478506066-2888257815			ruff-python-swallowed	human-python-3478506066-2888257815:ruff-python-swallowed:7
natural:agent-typescript-3332391124:shipped-test-skip:7	P00971	natural	agent-typescript-3332391124			shipped-test-skip	agent-typescript-3332391124:shipped-test-skip:7
natural:agent-python-3431634736:shipped-escapes:3	P00972	natural	agent-python-3431634736			shipped-escapes	agent-python-3431634736:shipped-escapes:3
hard-negative:design-conformance-corpus:payments-rs/neg-special:design-family-bypass:family-bypass:src/payments/manual.rs:5:ManualInvoice in src/payments/ defines charge, refund like every member; it does not implement PaymentProvider, which 2 of 5 sibling files implement (e.g. paypal.rs, stripe.rs):00001	P00973	hard-negative		design-conformance-corpus	payments-rs/neg-special	design-family-bypass	
natural:human-python-3338367670-2869308081:ruff-python-swallowed:185	P00974	natural	human-python-3338367670-2869308081			ruff-python-swallowed	human-python-3338367670-2869308081:ruff-python-swallowed:185
natural:agent-python-3338367670:error-broad-handler:7	P00975	natural	agent-python-3338367670			error-broad-handler	agent-python-3338367670:error-broad-handler:7
natural:agent-typescript-3034754393:shipped-test-skip:1	P00976	natural	agent-typescript-3034754393			shipped-test-skip	agent-typescript-3034754393:shipped-test-skip:1
natural:human-python-3478506066-2888257815:ruff-python-swallowed:193	P00977	natural	human-python-3478506066-2888257815			ruff-python-swallowed	human-python-3478506066-2888257815:ruff-python-swallowed:193
natural:agent-python-3327267830:shipped-escapes:98	P00978	natural	agent-python-3327267830			shipped-escapes	agent-python-3327267830:shipped-escapes:98
natural:human-python-3338367670-2869308081:ruff-python-swallowed:110	P00979	natural	human-python-3338367670-2869308081			ruff-python-swallowed	human-python-3338367670-2869308081:ruff-python-swallowed:110
natural:human-python-3478506066-2888257815:ruff-python-swallowed:48	P00980	natural	human-python-3478506066-2888257815			ruff-python-swallowed	human-python-3478506066-2888257815:ruff-python-swallowed:48
natural:agent-python-3327267830:shipped-test-skip:39	P00981	natural	agent-python-3327267830			shipped-test-skip	agent-python-3327267830:shipped-test-skip:39
natural:human-python-3338367670-2869308081:ruff-python-swallowed:145	P00982	natural	human-python-3338367670-2869308081			ruff-python-swallowed	human-python-3338367670-2869308081:ruff-python-swallowed:145
natural:human-typescript-3357327691-2669782320:shipped-escapes:3	P00983	natural	human-typescript-3357327691-2669782320			shipped-escapes	human-typescript-3357327691-2669782320:shipped-escapes:3
natural:human-python-3338367670-2869308081:ruff-python-swallowed:77	P00984	natural	human-python-3338367670-2869308081			ruff-python-swallowed	human-python-3338367670-2869308081:ruff-python-swallowed:77
natural:human-python-3478506066-2888257815:ruff-python-swallowed:60	P00985	natural	human-python-3478506066-2888257815			ruff-python-swallowed	human-python-3478506066-2888257815:ruff-python-swallowed:60
natural:agent-rust-3538230294:shipped-public-api:1	P00986	natural	agent-rust-3538230294			shipped-public-api	agent-rust-3538230294:shipped-public-api:1
natural:human-rust-3303211080-2730099339:new-direct-dependency:1	P00987	natural	human-rust-3303211080-2730099339			new-direct-dependency	human-rust-3303211080-2730099339:new-direct-dependency:1
hard-negative:pilot-escapes:w994:shipped-escapes:w994	P00988	hard-negative		pilot-escapes	w994	shipped-escapes	
natural:human-python-3338367670-2869308081:ruff-python-swallowed:22	P00989	natural	human-python-3338367670-2869308081			ruff-python-swallowed	human-python-3338367670-2869308081:ruff-python-swallowed:22
natural:agent-typescript-3437109293:design-component-cycle:2	P00990	natural	agent-typescript-3437109293			design-component-cycle	agent-typescript-3437109293:design-component-cycle:2
natural:agent-python-3327267830:ruff-python-swallowed:33	P00991	natural	agent-python-3327267830			ruff-python-swallowed	agent-python-3327267830:ruff-python-swallowed:33
natural:agent-typescript-3437109293:shipped-test-skip:21	P00992	natural	agent-typescript-3437109293			shipped-test-skip	agent-typescript-3437109293:shipped-test-skip:21
natural:agent-python-3327267830:ruff-python-swallowed:21	P00993	natural	agent-python-3327267830			ruff-python-swallowed	agent-python-3327267830:ruff-python-swallowed:21
natural:agent-python-3338367670:error-broad-handler:4	P00994	natural	agent-python-3338367670			error-broad-handler	agent-python-3338367670:error-broad-handler:4
natural:agent-typescript-3519641294:new-direct-dependency:1	P00995	natural	agent-typescript-3519641294			new-direct-dependency	agent-typescript-3519641294:new-direct-dependency:1
natural:human-python-3338367670-2869308081:ruff-python-swallowed:4	P00996	natural	human-python-3338367670-2869308081			ruff-python-swallowed	human-python-3338367670-2869308081:ruff-python-swallowed:4
hard-negative:pilot-escapes:w1319:shipped-escapes:w1319	P00997	hard-negative		pilot-escapes	w1319	shipped-escapes	
hard-negative:pilot-complexity:w1719:shipped-complexity:w1719	P00998	hard-negative		pilot-complexity	w1719	shipped-complexity	
natural:human-python-3478506066-2888257815:ruff-python-swallowed:136	P00999	natural	human-python-3478506066-2888257815			ruff-python-swallowed	human-python-3478506066-2888257815:ruff-python-swallowed:136
natural:agent-python-3431634736:error-broad-handler:7	P01000	natural	agent-python-3431634736			error-broad-handler	agent-python-3431634736:error-broad-handler:7
natural:human-typescript-3357327691-2669782320:shipped-test-skip:8	P01001	natural	human-typescript-3357327691-2669782320			shipped-test-skip	human-typescript-3357327691-2669782320:shipped-test-skip:8
natural:agent-python-3203515928:error-broad-handler:2	P01002	natural	agent-python-3203515928			error-broad-handler	agent-python-3203515928:error-broad-handler:2
natural:agent-typescript-3391967160:shipped-escapes:37	P01003	natural	agent-typescript-3391967160			shipped-escapes	agent-typescript-3391967160:shipped-escapes:37
natural:agent-python-3478506066:ruff-python-swallowed:18	P01004	natural	agent-python-3478506066			ruff-python-swallowed	agent-python-3478506066:ruff-python-swallowed:18
natural:agent-python-3478506066:ruff-python-swallowed:7	P01005	natural	agent-python-3478506066			ruff-python-swallowed	agent-python-3478506066:ruff-python-swallowed:7
natural:agent-python-3467152502:ruff-python-swallowed:1	P01006	natural	agent-python-3467152502			ruff-python-swallowed	agent-python-3467152502:ruff-python-swallowed:1
natural:human-python-3478506066-2888257815:ruff-python-swallowed:32	P01007	natural	human-python-3478506066-2888257815			ruff-python-swallowed	human-python-3478506066-2888257815:ruff-python-swallowed:32
natural:human-python-3288751740-2848154600:shipped-test-skip:2	P01008	natural	human-python-3288751740-2848154600			shipped-test-skip	human-python-3288751740-2848154600:shipped-test-skip:2
hard-negative:pilot-public-api:w754:shipped-public-api:w754	P01009	hard-negative		pilot-public-api	w754	shipped-public-api	
natural:agent-rust-3538230294:shipped-escapes:2	P01010	natural	agent-rust-3538230294			shipped-escapes	agent-rust-3538230294:shipped-escapes:2
natural:human-typescript-3332391124-2701990016:shipped-escapes:9	P01011	natural	human-typescript-3332391124-2701990016			shipped-escapes	human-typescript-3332391124-2701990016:shipped-escapes:9
natural:human-python-3338367670-2869308081:ruff-python-swallowed:130	P01012	natural	human-python-3338367670-2869308081			ruff-python-swallowed	human-python-3338367670-2869308081:ruff-python-swallowed:130
natural:agent-python-3376791991:shipped-test-skip:21	P01013	natural	agent-python-3376791991			shipped-test-skip	agent-python-3376791991:shipped-test-skip:21
natural:agent-python-3327267830:ruff-python-swallowed:19	P01014	natural	agent-python-3327267830			ruff-python-swallowed	agent-python-3327267830:ruff-python-swallowed:19
hard-negative:pilot-public-api:w2392:shipped-public-api:w2392	P01015	hard-negative		pilot-public-api	w2392	shipped-public-api	
natural:agent-python-3338367670:ruff-python-swallowed:75	P01016	natural	agent-python-3338367670			ruff-python-swallowed	agent-python-3338367670:ruff-python-swallowed:75
natural:agent-python-3327267830:shipped-escapes:123	P01017	natural	agent-python-3327267830			shipped-escapes	agent-python-3327267830:shipped-escapes:123
hard-negative:pilot-complexity:w003:shipped-complexity:w003	P01018	hard-negative		pilot-complexity	w003	shipped-complexity	
natural:human-typescript-3182983420-2724644741:shipped-test-skip:18	P01019	natural	human-typescript-3182983420-2724644741			shipped-test-skip	human-typescript-3182983420-2724644741:shipped-test-skip:18
natural:agent-typescript-3391967160:shipped-escapes:49	P01020	natural	agent-typescript-3391967160			shipped-escapes	agent-typescript-3391967160:shipped-escapes:49
natural:agent-typescript-3519641294:shipped-escapes:1	P01021	natural	agent-typescript-3519641294			shipped-escapes	agent-typescript-3519641294:shipped-escapes:1
natural:agent-python-3327267830:shipped-test-skip:26	P01022	natural	agent-python-3327267830			shipped-test-skip	agent-python-3327267830:shipped-test-skip:26
natural:agent-python-3327267830:shipped-escapes:152	P01023	natural	agent-python-3327267830			shipped-escapes	agent-python-3327267830:shipped-escapes:152
hard-negative:pilot-complexity:w1194:shipped-complexity:w1194	P01024	hard-negative		pilot-complexity	w1194	shipped-complexity	
natural:agent-typescript-3332391124:new-direct-dependency:1	P01025	natural	agent-typescript-3332391124			new-direct-dependency	agent-typescript-3332391124:new-direct-dependency:1
natural:agent-python-3527845500:ruff-python-swallowed:6	P01026	natural	agent-python-3527845500			ruff-python-swallowed	agent-python-3527845500:ruff-python-swallowed:6
natural:agent-typescript-3519641294:shipped-test-skip:20	P01027	natural	agent-typescript-3519641294			shipped-test-skip	agent-typescript-3519641294:shipped-test-skip:20
natural:agent-typescript-3332391124:shipped-escapes:5	P01028	natural	agent-typescript-3332391124			shipped-escapes	agent-typescript-3332391124:shipped-escapes:5
natural:agent-typescript-2836523710:new-direct-dependency:10	P01029	natural	agent-typescript-2836523710			new-direct-dependency	agent-typescript-2836523710:new-direct-dependency:10
natural:agent-python-3327267830:shipped-escapes:49	P01030	natural	agent-python-3327267830			shipped-escapes	agent-python-3327267830:shipped-escapes:49
natural:human-python-3478506066-2888257815:ruff-python-swallowed:56	P01031	natural	human-python-3478506066-2888257815			ruff-python-swallowed	human-python-3478506066-2888257815:ruff-python-swallowed:56
natural:human-python-3478506066-2888257815:ruff-python-swallowed:177	P01032	natural	human-python-3478506066-2888257815			ruff-python-swallowed	human-python-3478506066-2888257815:ruff-python-swallowed:177
natural:agent-rust-3187718516:test-new-unchecked:2	P01033	natural	agent-rust-3187718516			test-new-unchecked	agent-rust-3187718516:test-new-unchecked:2
natural:agent-python-3260236912:ruff-python-swallowed:10	P01034	natural	agent-python-3260236912			ruff-python-swallowed	agent-python-3260236912:ruff-python-swallowed:10
natural:agent-python-3140874272:shipped-escapes:1	P01035	natural	agent-python-3140874272			shipped-escapes	agent-python-3140874272:shipped-escapes:1
natural:agent-typescript-3437109293:shipped-escapes:33	P01036	natural	agent-typescript-3437109293			shipped-escapes	agent-typescript-3437109293:shipped-escapes:33
natural:human-python-3338367670-2869308081:ruff-python-swallowed:33	P01037	natural	human-python-3338367670-2869308081			ruff-python-swallowed	human-python-3338367670-2869308081:ruff-python-swallowed:33
natural:agent-typescript-3437109293:shipped-test-skip:6	P01038	natural	agent-typescript-3437109293			shipped-test-skip	agent-typescript-3437109293:shipped-test-skip:6
natural:human-python-3338367670-2869308081:ruff-python-swallowed:105	P01039	natural	human-python-3338367670-2869308081			ruff-python-swallowed	human-python-3338367670-2869308081:ruff-python-swallowed:105
natural:agent-python-3327267830:shipped-escapes:60	P01040	natural	agent-python-3327267830			shipped-escapes	agent-python-3327267830:shipped-escapes:60
natural:human-python-3338367670-2869308081:ruff-python-swallowed:158	P01041	natural	human-python-3338367670-2869308081			ruff-python-swallowed	human-python-3338367670-2869308081:ruff-python-swallowed:158
natural:human-python-3467152502-2897921621:ruff-python-swallowed:15	P01042	natural	human-python-3467152502-2897921621			ruff-python-swallowed	human-python-3467152502-2897921621:ruff-python-swallowed:15
natural:agent-python-3527845500:ruff-python-swallowed:3	P01043	natural	agent-python-3527845500			ruff-python-swallowed	agent-python-3527845500:ruff-python-swallowed:3
natural:human-python-3478506066-2888257815:ruff-python-swallowed:132	P01044	natural	human-python-3478506066-2888257815			ruff-python-swallowed	human-python-3478506066-2888257815:ruff-python-swallowed:132
natural:human-typescript-3182983420-2724644741:shipped-escapes:10	P01045	natural	human-typescript-3182983420-2724644741			shipped-escapes	human-typescript-3182983420-2724644741:shipped-escapes:10
natural:agent-rust-3187718516:shipped-test-skip:1	P01046	natural	agent-rust-3187718516			shipped-test-skip	agent-rust-3187718516:shipped-test-skip:1
natural:agent-python-3376791991:shipped-escapes:7	P01047	natural	agent-python-3376791991			shipped-escapes	agent-python-3376791991:shipped-escapes:7
natural:human-python-3478506066-2888257815:ruff-python-swallowed:44	P01048	natural	human-python-3478506066-2888257815			ruff-python-swallowed	human-python-3478506066-2888257815:ruff-python-swallowed:44
hard-negative:pilot-public-api:w868:shipped-public-api:w868	P01049	hard-negative		pilot-public-api	w868	shipped-public-api	
natural:agent-typescript-3519641294:new-direct-dependency:4	P01050	natural	agent-typescript-3519641294			new-direct-dependency	agent-typescript-3519641294:new-direct-dependency:4
natural:agent-python-3338367670:error-broad-handler:1	P01051	natural	agent-python-3338367670			error-broad-handler	agent-python-3338367670:error-broad-handler:1
natural:agent-python-3327267830:shipped-escapes:99	P01052	natural	agent-python-3327267830			shipped-escapes	agent-python-3327267830:shipped-escapes:99
natural:human-typescript-3182983420-2724644741:shipped-test-skip:5	P01053	natural	human-typescript-3182983420-2724644741			shipped-test-skip	human-typescript-3182983420-2724644741:shipped-test-skip:5
natural:human-python-3338367670-2869308081:ruff-python-swallowed:138	P01054	natural	human-python-3338367670-2869308081			ruff-python-swallowed	human-python-3338367670-2869308081:ruff-python-swallowed:138
natural:human-python-3260236912-2597771531:error-broad-handler:3	P01055	natural	human-python-3260236912-2597771531			error-broad-handler	human-python-3260236912-2597771531:error-broad-handler:3
natural:human-python-3478506066-2888257815:ruff-python-swallowed:100	P01056	natural	human-python-3478506066-2888257815			ruff-python-swallowed	human-python-3478506066-2888257815:ruff-python-swallowed:100
natural:human-typescript-3182983420-2724644741:shipped-test-skip:12	P01057	natural	human-typescript-3182983420-2724644741			shipped-test-skip	human-typescript-3182983420-2724644741:shipped-test-skip:12
natural:human-python-3260236912-2597771531:error-broad-handler:2	P01058	natural	human-python-3260236912-2597771531			error-broad-handler	human-python-3260236912-2597771531:error-broad-handler:2
natural:human-python-3478506066-2888257815:ruff-python-swallowed:124	P01059	natural	human-python-3478506066-2888257815			ruff-python-swallowed	human-python-3478506066-2888257815:ruff-python-swallowed:124
natural:human-typescript-3089509964-2540072991:shipped-test-skip:4	P01060	natural	human-typescript-3089509964-2540072991			shipped-test-skip	human-typescript-3089509964-2540072991:shipped-test-skip:4
natural:human-typescript-3332391124-2701990016:shipped-escapes:10	P01061	natural	human-typescript-3332391124-2701990016			shipped-escapes	human-typescript-3332391124-2701990016:shipped-escapes:10
natural:agent-typescript-3368681439:shipped-test-skip:2	P01062	natural	agent-typescript-3368681439			shipped-test-skip	agent-typescript-3368681439:shipped-test-skip:2
natural:agent-typescript-3391967160:shipped-escapes:11	P01063	natural	agent-typescript-3391967160			shipped-escapes	agent-typescript-3391967160:shipped-escapes:11
natural:agent-typescript-3437109293:shipped-test-skip:22	P01064	natural	agent-typescript-3437109293			shipped-test-skip	agent-typescript-3437109293:shipped-test-skip:22
natural:human-python-3338367670-2869308081:ruff-python-swallowed:7	P01065	natural	human-python-3338367670-2869308081			ruff-python-swallowed	human-python-3338367670-2869308081:ruff-python-swallowed:7
natural:agent-python-3327267830:ruff-python-swallowed:23	P01066	natural	agent-python-3327267830			ruff-python-swallowed	agent-python-3327267830:ruff-python-swallowed:23
natural:human-python-3338367670-2869308081:ruff-python-swallowed:107	P01067	natural	human-python-3338367670-2869308081			ruff-python-swallowed	human-python-3338367670-2869308081:ruff-python-swallowed:107
natural:human-python-3338367670-2869308081:ruff-python-swallowed:159	P01068	natural	human-python-3338367670-2869308081			ruff-python-swallowed	human-python-3338367670-2869308081:ruff-python-swallowed:159
natural:human-python-3338367670-2869308081:ruff-python-swallowed:161	P01069	natural	human-python-3338367670-2869308081			ruff-python-swallowed	human-python-3338367670-2869308081:ruff-python-swallowed:161
natural:human-python-3201428116-2731966064:shipped-test-skip:1	P01070	natural	human-python-3201428116-2731966064			shipped-test-skip	human-python-3201428116-2731966064:shipped-test-skip:1
natural:human-python-3467152502-2897921621:ruff-python-swallowed:12	P01071	natural	human-python-3467152502-2897921621			ruff-python-swallowed	human-python-3467152502-2897921621:ruff-python-swallowed:12
natural:agent-typescript-3248259820:shipped-escapes:3	P01072	natural	agent-typescript-3248259820			shipped-escapes	agent-typescript-3248259820:shipped-escapes:3
natural:human-python-3338367670-2869308081:ruff-python-swallowed:50	P01073	natural	human-python-3338367670-2869308081			ruff-python-swallowed	human-python-3338367670-2869308081:ruff-python-swallowed:50
natural:human-rust-3338772570-2911941086:shipped-public-api:1	P01074	natural	human-rust-3338772570-2911941086			shipped-public-api	human-rust-3338772570-2911941086:shipped-public-api:1
hard-negative:pilot-public-api:w560:shipped-public-api:w560	P01075	hard-negative		pilot-public-api	w560	shipped-public-api	
natural:human-python-3478506066-2888257815:ruff-python-swallowed:99	P01076	natural	human-python-3478506066-2888257815			ruff-python-swallowed	human-python-3478506066-2888257815:ruff-python-swallowed:99
natural:agent-python-3441479674:error-broad-handler:4	P01077	natural	agent-python-3441479674			error-broad-handler	agent-python-3441479674:error-broad-handler:4
natural:human-typescript-3182983420-2724644741:shipped-test-skip:7	P01078	natural	human-typescript-3182983420-2724644741			shipped-test-skip	human-typescript-3182983420-2724644741:shipped-test-skip:7
natural:human-python-3338367670-2869308081:ruff-python-swallowed:39	P01079	natural	human-python-3338367670-2869308081			ruff-python-swallowed	human-python-3338367670-2869308081:ruff-python-swallowed:39
hard-negative:pilot-complexity:w1424:shipped-complexity:w1424	P01080	hard-negative		pilot-complexity	w1424	shipped-complexity	
natural:agent-typescript-3248259820:shipped-escapes:4	P01081	natural	agent-typescript-3248259820			shipped-escapes	agent-typescript-3248259820:shipped-escapes:4
natural:agent-python-3327267830:shipped-test-skip:100	P01082	natural	agent-python-3327267830			shipped-test-skip	agent-python-3327267830:shipped-test-skip:100
natural:agent-python-3478506066:ruff-python-swallowed:20	P01083	natural	agent-python-3478506066			ruff-python-swallowed	agent-python-3478506066:ruff-python-swallowed:20
natural:agent-typescript-3437109293:shipped-escapes:28	P01084	natural	agent-typescript-3437109293			shipped-escapes	agent-typescript-3437109293:shipped-escapes:28
natural:human-python-3338367670-2869308081:ruff-python-swallowed:140	P01085	natural	human-python-3338367670-2869308081			ruff-python-swallowed	human-python-3338367670-2869308081:ruff-python-swallowed:140
natural:human-python-3478506066-2888257815:ruff-python-swallowed:55	P01086	natural	human-python-3478506066-2888257815			ruff-python-swallowed	human-python-3478506066-2888257815:ruff-python-swallowed:55
natural:agent-typescript-3519641294:shipped-test-skip:7	P01087	natural	agent-typescript-3519641294			shipped-test-skip	agent-typescript-3519641294:shipped-test-skip:7
natural:human-python-3478506066-2888257815:ruff-python-swallowed:15	P01088	natural	human-python-3478506066-2888257815			ruff-python-swallowed	human-python-3478506066-2888257815:ruff-python-swallowed:15
natural:human-typescript-3357327691-2669782320:shipped-module-cycle:7	P01089	natural	human-typescript-3357327691-2669782320			shipped-module-cycle	human-typescript-3357327691-2669782320:shipped-module-cycle:7
natural:human-python-3338367670-2869308081:ruff-python-swallowed:24	P01090	natural	human-python-3338367670-2869308081			ruff-python-swallowed	human-python-3338367670-2869308081:ruff-python-swallowed:24
natural:human-python-3338367670-2869308081:ruff-python-swallowed:23	P01091	natural	human-python-3338367670-2869308081			ruff-python-swallowed	human-python-3338367670-2869308081:ruff-python-swallowed:23
natural:agent-python-3327267830:shipped-test-skip:51	P01092	natural	agent-python-3327267830			shipped-test-skip	agent-python-3327267830:shipped-test-skip:51
natural:human-python-3078818623-2538909715:ruff-python-swallowed:3	P01093	natural	human-python-3078818623-2538909715			ruff-python-swallowed	human-python-3078818623-2538909715:ruff-python-swallowed:3
natural:agent-python-3311111058:shipped-escapes:3	P01094	natural	agent-python-3311111058			shipped-escapes	agent-python-3311111058:shipped-escapes:3
natural:agent-python-3327267830:shipped-escapes:102	P01095	natural	agent-python-3327267830			shipped-escapes	agent-python-3327267830:shipped-escapes:102
natural:agent-python-3327267830:shipped-test-skip:75	P01096	natural	agent-python-3327267830			shipped-test-skip	agent-python-3327267830:shipped-test-skip:75
natural:agent-python-3327267830:ruff-python-swallowed:17	P01097	natural	agent-python-3327267830			ruff-python-swallowed	agent-python-3327267830:ruff-python-swallowed:17
natural:agent-typescript-3519641294:shipped-escapes:10	P01098	natural	agent-typescript-3519641294			shipped-escapes	agent-typescript-3519641294:shipped-escapes:10
natural:agent-python-3327267830:shipped-test-skip:118	P01099	natural	agent-python-3327267830			shipped-test-skip	agent-python-3327267830:shipped-test-skip:118
natural:human-python-3338367670-2869308081:ruff-python-swallowed:191	P01100	natural	human-python-3338367670-2869308081			ruff-python-swallowed	human-python-3338367670-2869308081:ruff-python-swallowed:191
natural:agent-python-3431634736:error-broad-handler:4	P01101	natural	agent-python-3431634736			error-broad-handler	agent-python-3431634736:error-broad-handler:4
natural:agent-rust-3187718516:new-direct-dependency:10	P01102	natural	agent-rust-3187718516			new-direct-dependency	agent-rust-3187718516:new-direct-dependency:10
natural:human-python-3478506066-2888257815:ruff-python-swallowed:98	P01103	natural	human-python-3478506066-2888257815			ruff-python-swallowed	human-python-3478506066-2888257815:ruff-python-swallowed:98
natural:agent-typescript-3391967160:shipped-test-skip:43	P01104	natural	agent-typescript-3391967160			shipped-test-skip	agent-typescript-3391967160:shipped-test-skip:43
natural:agent-typescript-3391967160:shipped-dead-symbols:2	P01105	natural	agent-typescript-3391967160			shipped-dead-symbols	agent-typescript-3391967160:shipped-dead-symbols:2
natural:agent-rust-3541394251:shipped-test-skip:2	P01106	natural	agent-rust-3541394251			shipped-test-skip	agent-rust-3541394251:shipped-test-skip:2
natural:human-typescript-3182983420-2724644741:shipped-escapes:19	P01107	natural	human-typescript-3182983420-2724644741			shipped-escapes	human-typescript-3182983420-2724644741:shipped-escapes:19
hard-negative:pilot-complexity:w1487:shipped-complexity:w1487	P01108	hard-negative		pilot-complexity	w1487	shipped-complexity	
natural:agent-typescript-3248259820:shipped-test-skip:1	P01109	natural	agent-typescript-3248259820			shipped-test-skip	agent-typescript-3248259820:shipped-test-skip:1
natural:human-python-3338367670-2869308081:ruff-python-swallowed:49	P01110	natural	human-python-3338367670-2869308081			ruff-python-swallowed	human-python-3338367670-2869308081:ruff-python-swallowed:49
natural:agent-python-3338367670:error-broad-handler:9	P01111	natural	agent-python-3338367670			error-broad-handler	agent-python-3338367670:error-broad-handler:9
natural:agent-typescript-3437109293:shipped-test-skip:25	P01112	natural	agent-typescript-3437109293			shipped-test-skip	agent-typescript-3437109293:shipped-test-skip:25
natural:agent-rust-3541394251:shipped-test-skip:1	P01113	natural	agent-rust-3541394251			shipped-test-skip	agent-rust-3541394251:shipped-test-skip:1
natural:human-python-3338367670-2869308081:ruff-python-swallowed:29	P01114	natural	human-python-3338367670-2869308081			ruff-python-swallowed	human-python-3338367670-2869308081:ruff-python-swallowed:29
natural:agent-python-3260236912:shipped-stubs:2	P01115	natural	agent-python-3260236912			shipped-stubs	agent-python-3260236912:shipped-stubs:2
natural:agent-python-3376791991:shipped-escapes:16	P01116	natural	agent-python-3376791991			shipped-escapes	agent-python-3376791991:shipped-escapes:16
natural:human-python-3256317503-2565338657:ruff-python-swallowed:2	P01117	natural	human-python-3256317503-2565338657			ruff-python-swallowed	human-python-3256317503-2565338657:ruff-python-swallowed:2
natural:agent-typescript-3357327691:shipped-test-skip:4	P01118	natural	agent-typescript-3357327691			shipped-test-skip	agent-typescript-3357327691:shipped-test-skip:4
natural:human-python-3478506066-2888257815:ruff-python-swallowed:46	P01119	natural	human-python-3478506066-2888257815			ruff-python-swallowed	human-python-3478506066-2888257815:ruff-python-swallowed:46
natural:agent-python-3327267830:shipped-escapes:66	P01120	natural	agent-python-3327267830			shipped-escapes	agent-python-3327267830:shipped-escapes:66
natural:human-typescript-3286267234-2715577169:shipped-escapes:2	P01121	natural	human-typescript-3286267234-2715577169			shipped-escapes	human-typescript-3286267234-2715577169:shipped-escapes:2
natural:agent-python-3327267830:shipped-test-skip:30	P01122	natural	agent-python-3327267830			shipped-test-skip	agent-python-3327267830:shipped-test-skip:30
natural:agent-python-3327267830:shipped-escapes:139	P01123	natural	agent-python-3327267830			shipped-escapes	agent-python-3327267830:shipped-escapes:139
natural:human-python-3260236912-2597771531:new-direct-dependency:15	P01124	natural	human-python-3260236912-2597771531			new-direct-dependency	human-python-3260236912-2597771531:new-direct-dependency:15
hard-negative:design-conformance-corpus:payments-ts/neg-structural:design-family-bypass:family-bypass:src/payments/adyen.ts:3:AdyenProvider in src/payments/ declares `*provider` like 2 sibling files, 2 of which implement PaymentProvider; is named `*Provider` like 2 members; defines charge, refund like every member; it does not implement PaymentProvider, which 2 of 5 sibling files implement (e.g. paypal.ts, stripe.ts):00001	P01125	hard-negative		design-conformance-corpus	payments-ts/neg-structural	design-family-bypass	
natural:agent-python-3327267830:shipped-test-skip:144	P01126	natural	agent-python-3327267830			shipped-test-skip	agent-python-3327267830:shipped-test-skip:144
natural:human-python-3542979851-2924361734:ruff-python-swallowed:1	P01127	natural	human-python-3542979851-2924361734			ruff-python-swallowed	human-python-3542979851-2924361734:ruff-python-swallowed:1
natural:human-rust-3481817276-2756620376:shipped-escapes:1	P01128	natural	human-rust-3481817276-2756620376			shipped-escapes	human-rust-3481817276-2756620376:shipped-escapes:1
natural:agent-typescript-3437109293:shipped-test-skip:4	P01129	natural	agent-typescript-3437109293			shipped-test-skip	agent-typescript-3437109293:shipped-test-skip:4
natural:human-rust-3303211080-2730099339:shipped-test-skip:1	P01130	natural	human-rust-3303211080-2730099339			shipped-test-skip	human-rust-3303211080-2730099339:shipped-test-skip:1
natural:agent-python-3478506066:ruff-python-swallowed:24	P01131	natural	agent-python-3478506066			ruff-python-swallowed	agent-python-3478506066:ruff-python-swallowed:24
natural:agent-python-3327267830:shipped-test-skip:31	P01132	natural	agent-python-3327267830			shipped-test-skip	agent-python-3327267830:shipped-test-skip:31
natural:agent-python-3078479848:ruff-python-swallowed:3	P01133	natural	agent-python-3078479848			ruff-python-swallowed	agent-python-3078479848:ruff-python-swallowed:3
natural:human-typescript-3286267234-2715577169:shipped-test-skip:1	P01134	natural	human-typescript-3286267234-2715577169			shipped-test-skip	human-typescript-3286267234-2715577169:shipped-test-skip:1
natural:human-python-3338367670-2869308081:ruff-python-swallowed:103	P01135	natural	human-python-3338367670-2869308081			ruff-python-swallowed	human-python-3338367670-2869308081:ruff-python-swallowed:103
natural:agent-python-3327267830:ruff-python-swallowed:4	P01136	natural	agent-python-3327267830			ruff-python-swallowed	agent-python-3327267830:ruff-python-swallowed:4
natural:agent-python-3327267830:shipped-test-skip:35	P01137	natural	agent-python-3327267830			shipped-test-skip	agent-python-3327267830:shipped-test-skip:35
natural:agent-typescript-3391967160:shipped-test-skip:19	P01138	natural	agent-typescript-3391967160			shipped-test-skip	agent-typescript-3391967160:shipped-test-skip:19
natural:agent-python-3203515928:ruff-python-swallowed:2	P01139	natural	agent-python-3203515928			ruff-python-swallowed	agent-python-3203515928:ruff-python-swallowed:2
natural:agent-typescript-3332391124:shipped-test-skip:3	P01140	natural	agent-typescript-3332391124			shipped-test-skip	agent-typescript-3332391124:shipped-test-skip:3
natural:agent-python-3376791991:shipped-escapes:25	P01141	natural	agent-python-3376791991			shipped-escapes	agent-python-3376791991:shipped-escapes:25
natural:agent-typescript-3437109293:shipped-escapes:26	P01142	natural	agent-typescript-3437109293			shipped-escapes	agent-typescript-3437109293:shipped-escapes:26
natural:agent-python-3327267830:ruff-python-swallowed:31	P01143	natural	agent-python-3327267830			ruff-python-swallowed	agent-python-3327267830:ruff-python-swallowed:31
natural:agent-rust-3538230294:shipped-public-api:2	P01144	natural	agent-rust-3538230294			shipped-public-api	agent-rust-3538230294:shipped-public-api:2
natural:agent-python-3478506066:ruff-python-swallowed:21	P01145	natural	agent-python-3478506066			ruff-python-swallowed	agent-python-3478506066:ruff-python-swallowed:21
natural:agent-python-3338367670:ruff-python-swallowed:58	P01146	natural	agent-python-3338367670			ruff-python-swallowed	agent-python-3338367670:ruff-python-swallowed:58
natural:human-python-3478506066-2888257815:ruff-python-swallowed:70	P01147	natural	human-python-3478506066-2888257815			ruff-python-swallowed	human-python-3478506066-2888257815:ruff-python-swallowed:70
natural:agent-python-3338367670:ruff-python-swallowed:20	P01148	natural	agent-python-3338367670			ruff-python-swallowed	agent-python-3338367670:ruff-python-swallowed:20
natural:agent-typescript-3248259820:shipped-test-skip:4	P01149	natural	agent-typescript-3248259820			shipped-test-skip	agent-typescript-3248259820:shipped-test-skip:4
natural:agent-python-3327267830:shipped-test-skip:49	P01150	natural	agent-python-3327267830			shipped-test-skip	agent-python-3327267830:shipped-test-skip:49
natural:agent-python-3260236912:new-direct-dependency:1	P01151	natural	agent-python-3260236912			new-direct-dependency	agent-python-3260236912:new-direct-dependency:1
natural:human-python-3478506066-2888257815:ruff-python-swallowed:176	P01152	natural	human-python-3478506066-2888257815			ruff-python-swallowed	human-python-3478506066-2888257815:ruff-python-swallowed:176
natural:agent-python-3327267830:shipped-escapes:119	P01153	natural	agent-python-3327267830			shipped-escapes	agent-python-3327267830:shipped-escapes:119
natural:agent-typescript-3437109293:design-family-bypass:1	P01154	natural	agent-typescript-3437109293			design-family-bypass	agent-typescript-3437109293:design-family-bypass:1
natural:agent-rust-3187718516:new-direct-dependency:6	P01155	natural	agent-rust-3187718516			new-direct-dependency	agent-rust-3187718516:new-direct-dependency:6
natural:human-python-3199112507-2559529133:ruff-python-swallowed:3	P01156	natural	human-python-3199112507-2559529133			ruff-python-swallowed	human-python-3199112507-2559529133:ruff-python-swallowed:3
natural:agent-typescript-3391967160:shipped-test-skip:39	P01157	natural	agent-typescript-3391967160			shipped-test-skip	agent-typescript-3391967160:shipped-test-skip:39
natural:agent-python-3527845500:ruff-python-swallowed:4	P01158	natural	agent-python-3527845500			ruff-python-swallowed	agent-python-3527845500:ruff-python-swallowed:4
natural:agent-python-3376791991:shipped-escapes:13	P01159	natural	agent-python-3376791991			shipped-escapes	agent-python-3376791991:shipped-escapes:13
hard-negative:pilot-complexity:w1755:shipped-complexity:w1755	P01160	hard-negative		pilot-complexity	w1755	shipped-complexity	
hard-negative:pilot-complexity:w704:shipped-complexity:w704	P01161	hard-negative		pilot-complexity	w704	shipped-complexity	
natural:agent-python-3376791991:shipped-escapes:3	P01162	natural	agent-python-3376791991			shipped-escapes	agent-python-3376791991:shipped-escapes:3
natural:agent-typescript-3437109293:shipped-test-skip:20	P01163	natural	agent-typescript-3437109293			shipped-test-skip	agent-typescript-3437109293:shipped-test-skip:20
natural:human-python-3338367670-2869308081:ruff-python-swallowed:149	P01164	natural	human-python-3338367670-2869308081			ruff-python-swallowed	human-python-3338367670-2869308081:ruff-python-swallowed:149
natural:agent-python-3478506066:ruff-python-swallowed:4	P01165	natural	agent-python-3478506066			ruff-python-swallowed	agent-python-3478506066:ruff-python-swallowed:4
natural:human-python-3338367670-2869308081:ruff-python-swallowed:97	P01166	natural	human-python-3338367670-2869308081			ruff-python-swallowed	human-python-3338367670-2869308081:ruff-python-swallowed:97
natural:agent-rust-3311772882:shipped-escapes:1	P01167	natural	agent-rust-3311772882			shipped-escapes	agent-rust-3311772882:shipped-escapes:1
natural:agent-python-3431634736:ruff-python-swallowed:11	P01168	natural	agent-python-3431634736			ruff-python-swallowed	agent-python-3431634736:ruff-python-swallowed:11
natural:agent-python-3431634736:ruff-python-swallowed:13	P01169	natural	agent-python-3431634736			ruff-python-swallowed	agent-python-3431634736:ruff-python-swallowed:13
natural:agent-python-3327267830:shipped-test-skip:112	P01170	natural	agent-python-3327267830			shipped-test-skip	agent-python-3327267830:shipped-test-skip:112
natural:human-rust-3070149818-2405390894:shipped-escapes:3	P01171	natural	human-rust-3070149818-2405390894			shipped-escapes	human-rust-3070149818-2405390894:shipped-escapes:3
natural:agent-typescript-3437109293:shipped-test-skip:28	P01172	natural	agent-typescript-3437109293			shipped-test-skip	agent-typescript-3437109293:shipped-test-skip:28
natural:human-python-3338367670-2869308081:ruff-python-swallowed:2	P01173	natural	human-python-3338367670-2869308081			ruff-python-swallowed	human-python-3338367670-2869308081:ruff-python-swallowed:2
natural:human-python-3199112507-2559529133:ruff-python-swallowed:2	P01174	natural	human-python-3199112507-2559529133			ruff-python-swallowed	human-python-3199112507-2559529133:ruff-python-swallowed:2
natural:human-rust-3303211080-2730099339:new-direct-dependency:2	P01175	natural	human-rust-3303211080-2730099339			new-direct-dependency	human-rust-3303211080-2730099339:new-direct-dependency:2
natural:agent-python-3431634736:shipped-test-skip:2	P01176	natural	agent-python-3431634736			shipped-test-skip	agent-python-3431634736:shipped-test-skip:2
natural:human-python-3338367670-2869308081:ruff-python-swallowed:155	P01177	natural	human-python-3338367670-2869308081			ruff-python-swallowed	human-python-3338367670-2869308081:ruff-python-swallowed:155
natural:agent-typescript-3391967160:shipped-escapes:3	P01178	natural	agent-typescript-3391967160			shipped-escapes	agent-typescript-3391967160:shipped-escapes:3
natural:agent-typescript-3357327691:shipped-escapes:5	P01179	natural	agent-typescript-3357327691			shipped-escapes	agent-typescript-3357327691:shipped-escapes:5
natural:human-python-3478506066-2888257815:ruff-python-swallowed:129	P01180	natural	human-python-3478506066-2888257815			ruff-python-swallowed	human-python-3478506066-2888257815:ruff-python-swallowed:129
natural:agent-rust-3534175512:shipped-dead-symbols:3	P01181	natural	agent-rust-3534175512			shipped-dead-symbols	agent-rust-3534175512:shipped-dead-symbols:3
natural:agent-python-3327267830:shipped-test-skip:99	P01182	natural	agent-python-3327267830			shipped-test-skip	agent-python-3327267830:shipped-test-skip:99
natural:human-rust-3303211080-2730099339:shipped-test-skip:2	P01183	natural	human-rust-3303211080-2730099339			shipped-test-skip	human-rust-3303211080-2730099339:shipped-test-skip:2
natural:human-python-3478506066-2888257815:ruff-python-swallowed:31	P01184	natural	human-python-3478506066-2888257815			ruff-python-swallowed	human-python-3478506066-2888257815:ruff-python-swallowed:31
natural:agent-python-3327267830:shipped-escapes:130	P01185	natural	agent-python-3327267830			shipped-escapes	agent-python-3327267830:shipped-escapes:130
natural:human-python-3467152502-2897921621:ruff-python-swallowed:13	P01186	natural	human-python-3467152502-2897921621			ruff-python-swallowed	human-python-3467152502-2897921621:ruff-python-swallowed:13
hard-negative:pilot-public-api:w2285:shipped-public-api:w2285	P01187	hard-negative		pilot-public-api	w2285	shipped-public-api	
hard-negative:pilot-public-api:w2366:shipped-public-api:w2366	P01188	hard-negative		pilot-public-api	w2366	shipped-public-api	
natural:agent-python-3288751740:ruff-python-swallowed:4	P01189	natural	agent-python-3288751740			ruff-python-swallowed	agent-python-3288751740:ruff-python-swallowed:4
natural:human-python-3478506066-2888257815:ruff-python-swallowed:38	P01190	natural	human-python-3478506066-2888257815			ruff-python-swallowed	human-python-3478506066-2888257815:ruff-python-swallowed:38
hard-negative:pilot-escapes:w105:shipped-escapes:w105	P01191	hard-negative		pilot-escapes	w105	shipped-escapes	
natural:human-python-3338367670-2869308081:ruff-python-swallowed:42	P01192	natural	human-python-3338367670-2869308081			ruff-python-swallowed	human-python-3338367670-2869308081:ruff-python-swallowed:42
natural:agent-python-3327267830:shipped-test-skip:73	P01193	natural	agent-python-3327267830			shipped-test-skip	agent-python-3327267830:shipped-test-skip:73
natural:agent-typescript-3437109293:design-component-cycle:5	P01194	natural	agent-typescript-3437109293			design-component-cycle	agent-typescript-3437109293:design-component-cycle:5
hard-negative:pilot-complexity:w1258:shipped-complexity:w1258	P01195	hard-negative		pilot-complexity	w1258	shipped-complexity	
natural:human-python-3288751740-2848154600:ruff-python-swallowed:11	P01196	natural	human-python-3288751740-2848154600			ruff-python-swallowed	human-python-3288751740-2848154600:ruff-python-swallowed:11
natural:agent-python-3376791991:shipped-test-skip:20	P01197	natural	agent-python-3376791991			shipped-test-skip	agent-python-3376791991:shipped-test-skip:20
natural:human-python-3338367670-2869308081:error-broad-handler:3	P01198	natural	human-python-3338367670-2869308081			error-broad-handler	human-python-3338367670-2869308081:error-broad-handler:3
hard-negative:pilot-public-api:w945:shipped-public-api:w945	P01199	hard-negative		pilot-public-api	w945	shipped-public-api	
natural:human-python-3467152502-2897921621:ruff-python-swallowed:5	P01200	natural	human-python-3467152502-2897921621			ruff-python-swallowed	human-python-3467152502-2897921621:ruff-python-swallowed:5
natural:agent-python-3327267830:shipped-escapes:101	P01201	natural	agent-python-3327267830			shipped-escapes	agent-python-3327267830:shipped-escapes:101
hard-negative:pilot-escapes:w1525:shipped-escapes:w1525	P01202	hard-negative		pilot-escapes	w1525	shipped-escapes	
natural:agent-typescript-3437109293:shipped-test-skip:15	P01203	natural	agent-typescript-3437109293			shipped-test-skip	agent-typescript-3437109293:shipped-test-skip:15
natural:agent-rust-3534175512:shipped-dead-symbols:5	P01204	natural	agent-rust-3534175512			shipped-dead-symbols	agent-rust-3534175512:shipped-dead-symbols:5
natural:human-python-3288751740-2848154600:ruff-python-swallowed:14	P01205	natural	human-python-3288751740-2848154600			ruff-python-swallowed	human-python-3288751740-2848154600:ruff-python-swallowed:14
natural:human-python-3338367670-2869308081:ruff-python-swallowed:19	P01206	natural	human-python-3338367670-2869308081			ruff-python-swallowed	human-python-3338367670-2869308081:ruff-python-swallowed:19
natural:agent-python-3338367670:ruff-python-swallowed:5	P01207	natural	agent-python-3338367670			ruff-python-swallowed	agent-python-3338367670:ruff-python-swallowed:5
natural:agent-python-3260236912:ruff-python-swallowed:11	P01208	natural	agent-python-3260236912			ruff-python-swallowed	agent-python-3260236912:ruff-python-swallowed:11
natural:human-python-3478506066-2888257815:ruff-python-swallowed:116	P01209	natural	human-python-3478506066-2888257815			ruff-python-swallowed	human-python-3478506066-2888257815:ruff-python-swallowed:116
natural:human-python-3338367670-2869308081:ruff-python-swallowed:57	P01210	natural	human-python-3338367670-2869308081			ruff-python-swallowed	human-python-3338367670-2869308081:ruff-python-swallowed:57
natural:agent-typescript-3519641294:shipped-test-skip:17	P01211	natural	agent-typescript-3519641294			shipped-test-skip	agent-typescript-3519641294:shipped-test-skip:17
natural:human-python-3478506066-2888257815:ruff-python-swallowed:12	P01212	natural	human-python-3478506066-2888257815			ruff-python-swallowed	human-python-3478506066-2888257815:ruff-python-swallowed:12
natural:agent-python-3338367670:ruff-python-swallowed:41	P01213	natural	agent-python-3338367670			ruff-python-swallowed	agent-python-3338367670:ruff-python-swallowed:41
natural:human-python-3467152502-2897921621:ruff-python-swallowed:14	P01214	natural	human-python-3467152502-2897921621			ruff-python-swallowed	human-python-3467152502-2897921621:ruff-python-swallowed:14
natural:human-rust-3303211080-2730099339:new-direct-dependency:3	P01215	natural	human-rust-3303211080-2730099339			new-direct-dependency	human-rust-3303211080-2730099339:new-direct-dependency:3
hard-negative:dependency-evidence-corpus:lockshape-npm/legit:new-direct-dependency:npm:is-odd:00001	P01216	hard-negative		dependency-evidence-corpus	lockshape-npm/legit	new-direct-dependency	
natural:agent-python-3338367670:ruff-python-swallowed:93	P01217	natural	agent-python-3338367670			ruff-python-swallowed	agent-python-3338367670:ruff-python-swallowed:93
natural:agent-python-3338367670:ruff-python-swallowed:3	P01218	natural	agent-python-3338367670			ruff-python-swallowed	agent-python-3338367670:ruff-python-swallowed:3
natural:agent-python-3327267830:shipped-escapes:69	P01219	natural	agent-python-3327267830			shipped-escapes	agent-python-3327267830:shipped-escapes:69
natural:human-python-3478506066-2888257815:ruff-python-swallowed:121	P01220	natural	human-python-3478506066-2888257815			ruff-python-swallowed	human-python-3478506066-2888257815:ruff-python-swallowed:121
natural:human-python-3338367670-2869308081:ruff-python-swallowed:52	P01221	natural	human-python-3338367670-2869308081			ruff-python-swallowed	human-python-3338367670-2869308081:ruff-python-swallowed:52
hard-negative:pilot-complexity:w770:shipped-complexity:w770	P01222	hard-negative		pilot-complexity	w770	shipped-complexity	
natural:agent-python-3327267830:shipped-test-skip:10	P01223	natural	agent-python-3327267830			shipped-test-skip	agent-python-3327267830:shipped-test-skip:10
hard-negative:pilot-public-api:w798:shipped-public-api:w798	P01224	hard-negative		pilot-public-api	w798	shipped-public-api	
natural:agent-python-3467152502:ruff-python-swallowed:14	P01225	natural	agent-python-3467152502			ruff-python-swallowed	agent-python-3467152502:ruff-python-swallowed:14
natural:agent-typescript-3391967160:shipped-test-skip:33	P01226	natural	agent-typescript-3391967160			shipped-test-skip	agent-typescript-3391967160:shipped-test-skip:33
natural:agent-typescript-3368681439:shipped-escapes:2	P01227	natural	agent-typescript-3368681439			shipped-escapes	agent-typescript-3368681439:shipped-escapes:2
natural:human-python-3338367670-2869308081:ruff-python-swallowed:120	P01228	natural	human-python-3338367670-2869308081			ruff-python-swallowed	human-python-3338367670-2869308081:ruff-python-swallowed:120
natural:agent-python-3327267830:shipped-test-skip:61	P01229	natural	agent-python-3327267830			shipped-test-skip	agent-python-3327267830:shipped-test-skip:61
natural:agent-python-3311111058:shipped-escapes:6	P01230	natural	agent-python-3311111058			shipped-escapes	agent-python-3311111058:shipped-escapes:6
hard-negative:pilot-public-api:w500:shipped-public-api:w500	P01231	hard-negative		pilot-public-api	w500	shipped-public-api	
natural:agent-python-3327267830:shipped-test-skip:94	P01232	natural	agent-python-3327267830			shipped-test-skip	agent-python-3327267830:shipped-test-skip:94
natural:agent-python-3338367670:ruff-python-swallowed:72	P01233	natural	agent-python-3338367670			ruff-python-swallowed	agent-python-3338367670:ruff-python-swallowed:72
natural:agent-typescript-3437109293:shipped-escapes:2	P01234	natural	agent-typescript-3437109293			shipped-escapes	agent-typescript-3437109293:shipped-escapes:2
hard-negative:pilot-public-api:w1694:shipped-public-api:w1694	P01235	hard-negative		pilot-public-api	w1694	shipped-public-api	
natural:agent-python-3338367670:ruff-python-swallowed:16	P01236	natural	agent-python-3338367670			ruff-python-swallowed	agent-python-3338367670:ruff-python-swallowed:16
natural:agent-python-3431634736:error-broad-handler:5	P01237	natural	agent-python-3431634736			error-broad-handler	agent-python-3431634736:error-broad-handler:5
natural:agent-typescript-3519641294:shipped-escapes:15	P01238	natural	agent-typescript-3519641294			shipped-escapes	agent-typescript-3519641294:shipped-escapes:15
natural:agent-python-3467152502:ruff-python-swallowed:11	P01239	natural	agent-python-3467152502			ruff-python-swallowed	agent-python-3467152502:ruff-python-swallowed:11
natural:human-python-3338367670-2869308081:ruff-python-swallowed:1	P01240	natural	human-python-3338367670-2869308081			ruff-python-swallowed	human-python-3338367670-2869308081:ruff-python-swallowed:1
natural:agent-python-3203515928:error-broad-handler:1	P01241	natural	agent-python-3203515928			error-broad-handler	agent-python-3203515928:error-broad-handler:1
natural:human-python-3478506066-2888257815:ruff-python-swallowed:187	P01242	natural	human-python-3478506066-2888257815			ruff-python-swallowed	human-python-3478506066-2888257815:ruff-python-swallowed:187
natural:human-python-3338367670-2869308081:ruff-python-swallowed:71	P01243	natural	human-python-3338367670-2869308081			ruff-python-swallowed	human-python-3338367670-2869308081:ruff-python-swallowed:71
natural:agent-python-3478506066:ruff-python-swallowed:5	P01244	natural	agent-python-3478506066			ruff-python-swallowed	agent-python-3478506066:ruff-python-swallowed:5
hard-negative:pilot-public-api:w1812:shipped-public-api:w1812	P01245	hard-negative		pilot-public-api	w1812	shipped-public-api	
natural:agent-python-3327267830:shipped-test-skip:11	P01246	natural	agent-python-3327267830			shipped-test-skip	agent-python-3327267830:shipped-test-skip:11
natural:agent-python-3327267830:shipped-escapes:121	P01247	natural	agent-python-3327267830			shipped-escapes	agent-python-3327267830:shipped-escapes:121
natural:human-python-3478506066-2888257815:ruff-python-swallowed:148	P01248	natural	human-python-3478506066-2888257815			ruff-python-swallowed	human-python-3478506066-2888257815:ruff-python-swallowed:148
natural:agent-python-3327267830:shipped-escapes:150	P01249	natural	agent-python-3327267830			shipped-escapes	agent-python-3327267830:shipped-escapes:150
natural:agent-python-3478506066:ruff-python-swallowed:8	P01250	natural	agent-python-3478506066			ruff-python-swallowed	agent-python-3478506066:ruff-python-swallowed:8
natural:agent-typescript-3437109293:design-component-cycle:4	P01251	natural	agent-typescript-3437109293			design-component-cycle	agent-typescript-3437109293:design-component-cycle:4
natural:agent-typescript-3437109293:shipped-escapes:24	P01252	natural	agent-typescript-3437109293			shipped-escapes	agent-typescript-3437109293:shipped-escapes:24
natural:agent-python-3260236912:ruff-python-swallowed:6	P01253	natural	agent-python-3260236912			ruff-python-swallowed	agent-python-3260236912:ruff-python-swallowed:6
natural:agent-python-3376791991:shipped-test-skip:4	P01254	natural	agent-python-3376791991			shipped-test-skip	agent-python-3376791991:shipped-test-skip:4
natural:human-rust-3345003106-2785276436:shipped-test-skip:1	P01255	natural	human-rust-3345003106-2785276436			shipped-test-skip	human-rust-3345003106-2785276436:shipped-test-skip:1
natural:agent-typescript-3437109293:design-component-cycle:3	P01256	natural	agent-typescript-3437109293			design-component-cycle	agent-typescript-3437109293:design-component-cycle:3
natural:human-python-3338367670-2869308081:ruff-python-swallowed:164	P01257	natural	human-python-3338367670-2869308081			ruff-python-swallowed	human-python-3338367670-2869308081:ruff-python-swallowed:164
natural:human-python-3338367670-2869308081:ruff-python-swallowed:134	P01258	natural	human-python-3338367670-2869308081			ruff-python-swallowed	human-python-3338367670-2869308081:ruff-python-swallowed:134
natural:agent-rust-3541394251:new-direct-dependency:3	P01259	natural	agent-rust-3541394251			new-direct-dependency	agent-rust-3541394251:new-direct-dependency:3
natural:agent-python-3327267830:shipped-escapes:42	P01260	natural	agent-python-3327267830			shipped-escapes	agent-python-3327267830:shipped-escapes:42
natural:human-python-3260236912-2597771531:new-direct-dependency:13	P01261	natural	human-python-3260236912-2597771531			new-direct-dependency	human-python-3260236912-2597771531:new-direct-dependency:13
natural:agent-python-3327267830:ruff-python-swallowed:15	P01262	natural	agent-python-3327267830			ruff-python-swallowed	agent-python-3327267830:ruff-python-swallowed:15
natural:human-typescript-3182983420-2724644741:shipped-test-skip:2	P01263	natural	human-typescript-3182983420-2724644741			shipped-test-skip	human-typescript-3182983420-2724644741:shipped-test-skip:2
natural:human-python-3478506066-2888257815:ruff-python-swallowed:73	P01264	natural	human-python-3478506066-2888257815			ruff-python-swallowed	human-python-3478506066-2888257815:ruff-python-swallowed:73
natural:agent-python-3327267830:shipped-escapes:135	P01265	natural	agent-python-3327267830			shipped-escapes	agent-python-3327267830:shipped-escapes:135
natural:human-rust-3303211080-2730099339:new-direct-dependency:8	P01266	natural	human-rust-3303211080-2730099339			new-direct-dependency	human-rust-3303211080-2730099339:new-direct-dependency:8
natural:human-rust-3303211080-2730099339:shipped-escapes:1	P01267	natural	human-rust-3303211080-2730099339			shipped-escapes	human-rust-3303211080-2730099339:shipped-escapes:1
natural:human-python-3478506066-2888257815:ruff-python-swallowed:143	P01268	natural	human-python-3478506066-2888257815			ruff-python-swallowed	human-python-3478506066-2888257815:ruff-python-swallowed:143
natural:agent-typescript-3357327691:shipped-test-skip:3	P01269	natural	agent-typescript-3357327691			shipped-test-skip	agent-typescript-3357327691:shipped-test-skip:3
natural:human-python-3467152502-2897921621:ruff-python-swallowed:7	P01270	natural	human-python-3467152502-2897921621			ruff-python-swallowed	human-python-3467152502-2897921621:ruff-python-swallowed:7
natural:agent-typescript-3248781517:shipped-test-skip:1	P01271	natural	agent-typescript-3248781517			shipped-test-skip	agent-typescript-3248781517:shipped-test-skip:1
natural:human-typescript-3332391124-2701990016:shipped-test-skip:5	P01272	natural	human-typescript-3332391124-2701990016			shipped-test-skip	human-typescript-3332391124-2701990016:shipped-test-skip:5
natural:human-python-3467152502-2897921621:ruff-python-swallowed:20	P01273	natural	human-python-3467152502-2897921621			ruff-python-swallowed	human-python-3467152502-2897921621:ruff-python-swallowed:20
natural:agent-typescript-3391967160:shipped-test-skip:7	P01274	natural	agent-typescript-3391967160			shipped-test-skip	agent-typescript-3391967160:shipped-test-skip:7
natural:human-python-3478506066-2888257815:ruff-python-swallowed:101	P01275	natural	human-python-3478506066-2888257815			ruff-python-swallowed	human-python-3478506066-2888257815:ruff-python-swallowed:101
natural:agent-python-3376791991:shipped-escapes:27	P01276	natural	agent-python-3376791991			shipped-escapes	agent-python-3376791991:shipped-escapes:27
natural:agent-typescript-3437109293:shipped-test-skip:17	P01277	natural	agent-typescript-3437109293			shipped-test-skip	agent-typescript-3437109293:shipped-test-skip:17
natural:agent-typescript-3437109293:shipped-test-skip:46	P01278	natural	agent-typescript-3437109293			shipped-test-skip	agent-typescript-3437109293:shipped-test-skip:46
natural:human-rust-3541394251-2947252828:shipped-escapes:2	P01279	natural	human-rust-3541394251-2947252828			shipped-escapes	human-rust-3541394251-2947252828:shipped-escapes:2
natural:agent-python-3376791991:shipped-test-skip:27	P01280	natural	agent-python-3376791991			shipped-test-skip	agent-python-3376791991:shipped-test-skip:27
natural:agent-python-3338367670:ruff-python-swallowed:52	P01281	natural	agent-python-3338367670			ruff-python-swallowed	agent-python-3338367670:ruff-python-swallowed:52
natural:agent-python-3478506066:ruff-python-swallowed:6	P01282	natural	agent-python-3478506066			ruff-python-swallowed	agent-python-3478506066:ruff-python-swallowed:6
natural:agent-rust-3534175512:shipped-dead-symbols:6	P01283	natural	agent-rust-3534175512			shipped-dead-symbols	agent-rust-3534175512:shipped-dead-symbols:6
natural:human-python-3338367670-2869308081:ruff-python-swallowed:80	P01284	natural	human-python-3338367670-2869308081			ruff-python-swallowed	human-python-3338367670-2869308081:ruff-python-swallowed:80
natural:agent-python-3327267830:shipped-escapes:96	P01285	natural	agent-python-3327267830			shipped-escapes	agent-python-3327267830:shipped-escapes:96
natural:human-typescript-3131982797-2547389241:shipped-escapes:1	P01286	natural	human-typescript-3131982797-2547389241			shipped-escapes	human-typescript-3131982797-2547389241:shipped-escapes:1
natural:human-typescript-3357327691-2669782320:shipped-module-cycle:1	P01287	natural	human-typescript-3357327691-2669782320			shipped-module-cycle	human-typescript-3357327691-2669782320:shipped-module-cycle:1
natural:agent-python-3376791991:shipped-test-skip:1	P01288	natural	agent-python-3376791991			shipped-test-skip	agent-python-3376791991:shipped-test-skip:1
natural:agent-python-3327267830:shipped-escapes:120	P01289	natural	agent-python-3327267830			shipped-escapes	agent-python-3327267830:shipped-escapes:120
natural:agent-typescript-3238312359:shipped-test-skip:1	P01290	natural	agent-typescript-3238312359			shipped-test-skip	agent-typescript-3238312359:shipped-test-skip:1
natural:agent-python-3327267830:shipped-escapes:124	P01291	natural	agent-python-3327267830			shipped-escapes	agent-python-3327267830:shipped-escapes:124
natural:agent-rust-3539106136:shipped-test-skip:2	P01292	natural	agent-rust-3539106136			shipped-test-skip	agent-rust-3539106136:shipped-test-skip:2
natural:agent-python-3288751740:ruff-python-swallowed:3	P01293	natural	agent-python-3288751740			ruff-python-swallowed	agent-python-3288751740:ruff-python-swallowed:3
natural:human-typescript-3089509964-2540072991:shipped-test-skip:7	P01294	natural	human-typescript-3089509964-2540072991			shipped-test-skip	human-typescript-3089509964-2540072991:shipped-test-skip:7
natural:human-python-3260236912-2597771531:new-direct-dependency:17	P01295	natural	human-python-3260236912-2597771531			new-direct-dependency	human-python-3260236912-2597771531:new-direct-dependency:17
natural:agent-python-3327267830:shipped-test-skip:52	P01296	natural	agent-python-3327267830			shipped-test-skip	agent-python-3327267830:shipped-test-skip:52
natural:human-typescript-3357327691-2669782320:shipped-module-cycle:2	P01297	natural	human-typescript-3357327691-2669782320			shipped-module-cycle	human-typescript-3357327691-2669782320:shipped-module-cycle:2
natural:human-typescript-3182983420-2724644741:shipped-test-skip:17	P01298	natural	human-typescript-3182983420-2724644741			shipped-test-skip	human-typescript-3182983420-2724644741:shipped-test-skip:17
natural:agent-typescript-3391967160:shipped-escapes:32	P01299	natural	agent-typescript-3391967160			shipped-escapes	agent-typescript-3391967160:shipped-escapes:32
natural:human-python-3338367670-2869308081:ruff-python-swallowed:47	P01300	natural	human-python-3338367670-2869308081			ruff-python-swallowed	human-python-3338367670-2869308081:ruff-python-swallowed:47
natural:human-typescript-2822630272-2331680308:shipped-test-skip:4	P01301	natural	human-typescript-2822630272-2331680308			shipped-test-skip	human-typescript-2822630272-2331680308:shipped-test-skip:4
natural:agent-python-3376791991:shipped-escapes:4	P01302	natural	agent-python-3376791991			shipped-escapes	agent-python-3376791991:shipped-escapes:4
natural:human-python-3478506066-2888257815:ruff-python-swallowed:72	P01303	natural	human-python-3478506066-2888257815			ruff-python-swallowed	human-python-3478506066-2888257815:ruff-python-swallowed:72
natural:agent-python-3251895270:ruff-python-injection:2	P01304	natural	agent-python-3251895270			ruff-python-injection	agent-python-3251895270:ruff-python-injection:2
natural:agent-typescript-3391967160:shipped-escapes:40	P01305	natural	agent-typescript-3391967160			shipped-escapes	agent-typescript-3391967160:shipped-escapes:40
natural:human-python-3338367670-2869308081:ruff-python-swallowed:38	P01306	natural	human-python-3338367670-2869308081			ruff-python-swallowed	human-python-3338367670-2869308081:ruff-python-swallowed:38
natural:human-typescript-3182983420-2724644741:shipped-test-skip:10	P01307	natural	human-typescript-3182983420-2724644741			shipped-test-skip	human-typescript-3182983420-2724644741:shipped-test-skip:10
natural:human-python-3478506066-2888257815:ruff-python-swallowed:105	P01308	natural	human-python-3478506066-2888257815			ruff-python-swallowed	human-python-3478506066-2888257815:ruff-python-swallowed:105
natural:agent-python-3327267830:shipped-test-skip:121	P01309	natural	agent-python-3327267830			shipped-test-skip	agent-python-3327267830:shipped-test-skip:121
natural:human-python-3478506066-2888257815:ruff-python-swallowed:71	P01310	natural	human-python-3478506066-2888257815			ruff-python-swallowed	human-python-3478506066-2888257815:ruff-python-swallowed:71
natural:agent-typescript-3391967160:shipped-escapes:24	P01311	natural	agent-typescript-3391967160			shipped-escapes	agent-typescript-3391967160:shipped-escapes:24
hard-negative:pilot-complexity:w1080:shipped-complexity:w1080	P01312	hard-negative		pilot-complexity	w1080	shipped-complexity	
natural:agent-python-3260236912:error-broad-handler:3	P01313	natural	agent-python-3260236912			error-broad-handler	agent-python-3260236912:error-broad-handler:3
natural:human-python-3338367670-2869308081:ruff-python-swallowed:102	P01314	natural	human-python-3338367670-2869308081			ruff-python-swallowed	human-python-3338367670-2869308081:ruff-python-swallowed:102
natural:human-typescript-3182983420-2724644741:shipped-escapes:17	P01315	natural	human-typescript-3182983420-2724644741			shipped-escapes	human-typescript-3182983420-2724644741:shipped-escapes:17
natural:agent-rust-3538230294:shipped-escapes:1	P01316	natural	agent-rust-3538230294			shipped-escapes	agent-rust-3538230294:shipped-escapes:1
natural:human-python-3338367670-2869308081:ruff-python-swallowed:190	P01317	natural	human-python-3338367670-2869308081			ruff-python-swallowed	human-python-3338367670-2869308081:ruff-python-swallowed:190
natural:agent-python-3327267830:shipped-escapes:100	P01318	natural	agent-python-3327267830			shipped-escapes	agent-python-3327267830:shipped-escapes:100
natural:agent-rust-3541394251:shipped-escapes:1	P01319	natural	agent-rust-3541394251			shipped-escapes	agent-rust-3541394251:shipped-escapes:1
natural:human-python-3338367670-2869308081:ruff-python-swallowed:3	P01320	natural	human-python-3338367670-2869308081			ruff-python-swallowed	human-python-3338367670-2869308081:ruff-python-swallowed:3
natural:agent-python-3338367670:ruff-python-swallowed:63	P01321	natural	agent-python-3338367670			ruff-python-swallowed	agent-python-3338367670:ruff-python-swallowed:63
hard-negative:pilot-escapes:w408:shipped-escapes:w408	P01322	hard-negative		pilot-escapes	w408	shipped-escapes	
natural:agent-python-3251895270:ruff-python-injection:6	P01323	natural	agent-python-3251895270			ruff-python-injection	agent-python-3251895270:ruff-python-injection:6
natural:human-typescript-3286267234-2715577169:shipped-escapes:3	P01324	natural	human-typescript-3286267234-2715577169			shipped-escapes	human-typescript-3286267234-2715577169:shipped-escapes:3
natural:agent-typescript-3391967160:shipped-test-skip:36	P01325	natural	agent-typescript-3391967160			shipped-test-skip	agent-typescript-3391967160:shipped-test-skip:36
natural:human-python-3431807788-2861466861:ruff-python-swallowed:1	P01326	natural	human-python-3431807788-2861466861			ruff-python-swallowed	human-python-3431807788-2861466861:ruff-python-swallowed:1
hard-negative:dependency-evidence-corpus:lockshape-cargo/legit:new-direct-dependency:crates:itoa:00001	P01327	hard-negative		dependency-evidence-corpus	lockshape-cargo/legit	new-direct-dependency	
natural:agent-python-3327267830:shipped-test-skip:19	P01328	natural	agent-python-3327267830			shipped-test-skip	agent-python-3327267830:shipped-test-skip:19
natural:human-python-3338367670-2869308081:ruff-python-swallowed:188	P01329	natural	human-python-3338367670-2869308081			ruff-python-swallowed	human-python-3338367670-2869308081:ruff-python-swallowed:188
natural:human-python-3338367670-2869308081:ruff-python-swallowed:41	P01330	natural	human-python-3338367670-2869308081			ruff-python-swallowed	human-python-3338367670-2869308081:ruff-python-swallowed:41
hard-negative:pilot-complexity:w1451:shipped-complexity:w1451	P01331	hard-negative		pilot-complexity	w1451	shipped-complexity	
natural:agent-typescript-3391967160:shipped-test-skip:49	P01332	natural	agent-typescript-3391967160			shipped-test-skip	agent-typescript-3391967160:shipped-test-skip:49
natural:agent-typescript-3101362009:shipped-test-skip:1	P01333	natural	agent-typescript-3101362009			shipped-test-skip	agent-typescript-3101362009:shipped-test-skip:1
natural:agent-typescript-3467791387:shipped-escapes:1	P01334	natural	agent-typescript-3467791387			shipped-escapes	agent-typescript-3467791387:shipped-escapes:1
natural:agent-python-3431634736:shipped-test-skip:3	P01335	natural	agent-python-3431634736			shipped-test-skip	agent-python-3431634736:shipped-test-skip:3
natural:human-python-3478506066-2888257815:ruff-python-swallowed:34	P01336	natural	human-python-3478506066-2888257815			ruff-python-swallowed	human-python-3478506066-2888257815:ruff-python-swallowed:34
natural:human-rust-3399286828-2837822341:shipped-test-skip:1	P01337	natural	human-rust-3399286828-2837822341			shipped-test-skip	human-rust-3399286828-2837822341:shipped-test-skip:1
natural:agent-python-3327267830:shipped-test-skip:32	P01338	natural	agent-python-3327267830			shipped-test-skip	agent-python-3327267830:shipped-test-skip:32
natural:agent-python-3376791991:shipped-escapes:17	P01339	natural	agent-python-3376791991			shipped-escapes	agent-python-3376791991:shipped-escapes:17
hard-negative:pilot-public-api:w067:shipped-public-api:w067	P01340	hard-negative		pilot-public-api	w067	shipped-public-api	
natural:human-python-3338367670-2869308081:ruff-python-swallowed:181	P01341	natural	human-python-3338367670-2869308081			ruff-python-swallowed	human-python-3338367670-2869308081:ruff-python-swallowed:181
natural:human-rust-3355917270-2777895811:shipped-public-api:1	P01342	natural	human-rust-3355917270-2777895811			shipped-public-api	human-rust-3355917270-2777895811:shipped-public-api:1
natural:agent-python-3327267830:shipped-escapes:72	P01343	natural	agent-python-3327267830			shipped-escapes	agent-python-3327267830:shipped-escapes:72
natural:agent-python-3327267830:shipped-escapes:95	P01344	natural	agent-python-3327267830			shipped-escapes	agent-python-3327267830:shipped-escapes:95
hard-negative:pilot-escapes:w692:shipped-escapes:w692	P01345	hard-negative		pilot-escapes	w692	shipped-escapes	
natural:agent-rust-3187718516:test-new-unchecked:13	P01346	natural	agent-rust-3187718516			test-new-unchecked	agent-rust-3187718516:test-new-unchecked:13
natural:agent-python-3478506066:ruff-python-swallowed:15	P01347	natural	agent-python-3478506066			ruff-python-swallowed	agent-python-3478506066:ruff-python-swallowed:15
natural:human-python-3288751740-2848154600:shipped-test-skip:1	P01348	natural	human-python-3288751740-2848154600			shipped-test-skip	human-python-3288751740-2848154600:shipped-test-skip:1
natural:agent-python-3338367670:ruff-python-swallowed:76	P01349	natural	agent-python-3338367670			ruff-python-swallowed	agent-python-3338367670:ruff-python-swallowed:76
natural:agent-typescript-3391967160:shipped-test-skip:14	P01350	natural	agent-typescript-3391967160			shipped-test-skip	agent-typescript-3391967160:shipped-test-skip:14
natural:agent-python-3327267830:shipped-escapes:92	P01351	natural	agent-python-3327267830			shipped-escapes	agent-python-3327267830:shipped-escapes:92
natural:human-typescript-3182983420-2724644741:shipped-escapes:13	P01352	natural	human-typescript-3182983420-2724644741			shipped-escapes	human-typescript-3182983420-2724644741:shipped-escapes:13
natural:agent-python-3527845500:ruff-python-swallowed:12	P01353	natural	agent-python-3527845500			ruff-python-swallowed	agent-python-3527845500:ruff-python-swallowed:12
hard-negative:pilot-complexity:w1635:shipped-complexity:w1635	P01354	hard-negative		pilot-complexity	w1635	shipped-complexity	
natural:agent-python-3338367670:ruff-python-swallowed:30	P01355	natural	agent-python-3338367670			ruff-python-swallowed	agent-python-3338367670:ruff-python-swallowed:30
natural:agent-python-3338367670:ruff-python-swallowed:95	P01356	natural	agent-python-3338367670			ruff-python-swallowed	agent-python-3338367670:ruff-python-swallowed:95
natural:agent-python-3327267830:shipped-escapes:137	P01357	natural	agent-python-3327267830			shipped-escapes	agent-python-3327267830:shipped-escapes:137
natural:human-python-3478506066-2888257815:ruff-python-swallowed:170	P01358	natural	human-python-3478506066-2888257815			ruff-python-swallowed	human-python-3478506066-2888257815:ruff-python-swallowed:170
natural:agent-typescript-3519641294:shipped-test-skip:18	P01359	natural	agent-typescript-3519641294			shipped-test-skip	agent-typescript-3519641294:shipped-test-skip:18
natural:agent-python-3260236912:ruff-python-swallowed:12	P01360	natural	agent-python-3260236912			ruff-python-swallowed	agent-python-3260236912:ruff-python-swallowed:12
natural:human-python-3338367670-2869308081:ruff-python-swallowed:59	P01361	natural	human-python-3338367670-2869308081			ruff-python-swallowed	human-python-3338367670-2869308081:ruff-python-swallowed:59
natural:human-python-3478506066-2888257815:ruff-python-swallowed:25	P01362	natural	human-python-3478506066-2888257815			ruff-python-swallowed	human-python-3478506066-2888257815:ruff-python-swallowed:25
hard-negative:dependency-evidence-corpus:undeclared-py/neg-mapped:new-direct-dependency:pypi:pyjwt:00003	P01363	hard-negative		dependency-evidence-corpus	undeclared-py/neg-mapped	new-direct-dependency	
natural:agent-python-3327267830:shipped-escapes:75	P01364	natural	agent-python-3327267830			shipped-escapes	agent-python-3327267830:shipped-escapes:75
natural:human-rust-3399286828-2837822341:shipped-escapes:1	P01365	natural	human-rust-3399286828-2837822341			shipped-escapes	human-rust-3399286828-2837822341:shipped-escapes:1
natural:human-python-3478506066-2888257815:ruff-python-swallowed:196	P01366	natural	human-python-3478506066-2888257815			ruff-python-swallowed	human-python-3478506066-2888257815:ruff-python-swallowed:196
natural:agent-python-3327267830:shipped-escapes:108	P01367	natural	agent-python-3327267830			shipped-escapes	agent-python-3327267830:shipped-escapes:108
natural:human-python-3260236912-2597771531:ruff-python-swallowed:9	P01368	natural	human-python-3260236912-2597771531			ruff-python-swallowed	human-python-3260236912-2597771531:ruff-python-swallowed:9
hard-negative:pilot-public-api:w1759:shipped-public-api:w1759	P01369	hard-negative		pilot-public-api	w1759	shipped-public-api	
natural:agent-python-3327267830:new-direct-dependency:1	P01370	natural	agent-python-3327267830			new-direct-dependency	agent-python-3327267830:new-direct-dependency:1
natural:agent-python-3478506066:ruff-python-swallowed:16	P01371	natural	agent-python-3478506066			ruff-python-swallowed	agent-python-3478506066:ruff-python-swallowed:16
natural:human-python-3338367670-2869308081:ruff-python-swallowed:101	P01372	natural	human-python-3338367670-2869308081			ruff-python-swallowed	human-python-3338367670-2869308081:ruff-python-swallowed:101
natural:human-python-3260236912-2597771531:error-broad-handler:6	P01373	natural	human-python-3260236912-2597771531			error-broad-handler	human-python-3260236912-2597771531:error-broad-handler:6
natural:agent-typescript-3332391124:design-component-cycle:5	P01374	natural	agent-typescript-3332391124			design-component-cycle	agent-typescript-3332391124:design-component-cycle:5
natural:agent-python-3327267830:shipped-test-skip:145	P01375	natural	agent-python-3327267830			shipped-test-skip	agent-python-3327267830:shipped-test-skip:145
natural:agent-python-3431634736:ruff-python-swallowed:10	P01376	natural	agent-python-3431634736			ruff-python-swallowed	agent-python-3431634736:ruff-python-swallowed:10
natural:agent-python-3327267830:shipped-test-skip:116	P01377	natural	agent-python-3327267830			shipped-test-skip	agent-python-3327267830:shipped-test-skip:116
natural:human-python-3478506066-2888257815:ruff-python-swallowed:13	P01378	natural	human-python-3478506066-2888257815			ruff-python-swallowed	human-python-3478506066-2888257815:ruff-python-swallowed:13
natural:human-python-3201428116-2731966064:ruff-python-swallowed:1	P01379	natural	human-python-3201428116-2731966064			ruff-python-swallowed	human-python-3201428116-2731966064:ruff-python-swallowed:1
natural:agent-python-3431634736:ruff-python-swallowed:14	P01380	natural	agent-python-3431634736			ruff-python-swallowed	agent-python-3431634736:ruff-python-swallowed:14
natural:agent-python-3441479674:shipped-escapes:1	P01381	natural	agent-python-3441479674			shipped-escapes	agent-python-3441479674:shipped-escapes:1
natural:human-python-3338367670-2869308081:ruff-python-swallowed:92	P01382	natural	human-python-3338367670-2869308081			ruff-python-swallowed	human-python-3338367670-2869308081:ruff-python-swallowed:92
natural:agent-rust-3287031579:shipped-escapes:2	P01383	natural	agent-rust-3287031579			shipped-escapes	agent-rust-3287031579:shipped-escapes:2
natural:agent-python-3260236912:ruff-python-swallowed:7	P01384	natural	agent-python-3260236912			ruff-python-swallowed	agent-python-3260236912:ruff-python-swallowed:7
natural:agent-rust-3541403320:shipped-test-skip:1	P01385	natural	agent-rust-3541403320			shipped-test-skip	agent-rust-3541403320:shipped-test-skip:1
hard-negative:design-conformance-corpus:payments-ts/neg-migration:design-family-bypass:family-bypass:src/notify/slack.ts:3:SlackNotifier in src/notify/ declares `*notifier` like 3 sibling files, 2 of which implement LegacyNotifier; is named `*Notifier` like 2 members; it does not implement LegacyNotifier, which 2 of 4 sibling files implement (e.g. email.ts, sms.ts):00001	P01386	hard-negative		design-conformance-corpus	payments-ts/neg-migration	design-family-bypass	
natural:agent-python-3338367670:ruff-python-swallowed:80	P01387	natural	agent-python-3338367670			ruff-python-swallowed	agent-python-3338367670:ruff-python-swallowed:80
natural:agent-python-3327267830:ruff-python-swallowed:27	P01388	natural	agent-python-3327267830			ruff-python-swallowed	agent-python-3327267830:ruff-python-swallowed:27
natural:agent-python-3288751740:ruff-python-swallowed:5	P01389	natural	agent-python-3288751740			ruff-python-swallowed	agent-python-3288751740:ruff-python-swallowed:5
natural:agent-typescript-3519641294:shipped-escapes:16	P01390	natural	agent-typescript-3519641294			shipped-escapes	agent-typescript-3519641294:shipped-escapes:16
natural:agent-python-3327267830:shipped-escapes:151	P01391	natural	agent-python-3327267830			shipped-escapes	agent-python-3327267830:shipped-escapes:151
natural:agent-typescript-3391967160:shipped-escapes:12	P01392	natural	agent-typescript-3391967160			shipped-escapes	agent-typescript-3391967160:shipped-escapes:12
natural:agent-python-3327267830:shipped-test-skip:4	P01393	natural	agent-python-3327267830			shipped-test-skip	agent-python-3327267830:shipped-test-skip:4
natural:agent-python-3478506066:ruff-python-swallowed:12	P01394	natural	agent-python-3478506066			ruff-python-swallowed	agent-python-3478506066:ruff-python-swallowed:12
natural:agent-typescript-3368681439:shipped-test-skip:5	P01395	natural	agent-typescript-3368681439			shipped-test-skip	agent-typescript-3368681439:shipped-test-skip:5
natural:agent-typescript-3519641294:shipped-test-skip:16	P01396	natural	agent-typescript-3519641294			shipped-test-skip	agent-typescript-3519641294:shipped-test-skip:16
natural:agent-python-3327267830:shipped-escapes:57	P01397	natural	agent-python-3327267830			shipped-escapes	agent-python-3327267830:shipped-escapes:57
natural:agent-python-3327267830:shipped-test-skip:17	P01398	natural	agent-python-3327267830			shipped-test-skip	agent-python-3327267830:shipped-test-skip:17
natural:agent-python-3327267830:shipped-test-skip:41	P01399	natural	agent-python-3327267830			shipped-test-skip	agent-python-3327267830:shipped-test-skip:41
natural:agent-typescript-3519641294:shipped-test-skip:2	P01400	natural	agent-typescript-3519641294			shipped-test-skip	agent-typescript-3519641294:shipped-test-skip:2
natural:agent-python-3431634736:error-empty-handler:1	P01401	natural	agent-python-3431634736			error-empty-handler	agent-python-3431634736:error-empty-handler:1
natural:agent-rust-3465103781:shipped-module-cycle:4	P01402	natural	agent-rust-3465103781			shipped-module-cycle	agent-rust-3465103781:shipped-module-cycle:4
natural:agent-python-3529128652:ruff-python-swallowed:2	P01403	natural	agent-python-3529128652			ruff-python-swallowed	agent-python-3529128652:ruff-python-swallowed:2
natural:human-python-3260236912-2597771531:error-broad-handler:7	P01404	natural	human-python-3260236912-2597771531			error-broad-handler	human-python-3260236912-2597771531:error-broad-handler:7
natural:agent-python-3327267830:ruff-python-swallowed:12	P01405	natural	agent-python-3327267830			ruff-python-swallowed	agent-python-3327267830:ruff-python-swallowed:12
natural:human-python-3260236912-2597771531:error-broad-handler:5	P01406	natural	human-python-3260236912-2597771531			error-broad-handler	human-python-3260236912-2597771531:error-broad-handler:5
natural:human-python-3478506066-2888257815:ruff-python-swallowed:117	P01407	natural	human-python-3478506066-2888257815			ruff-python-swallowed	human-python-3478506066-2888257815:ruff-python-swallowed:117
natural:agent-typescript-3368681439:shipped-test-skip:6	P01408	natural	agent-typescript-3368681439			shipped-test-skip	agent-typescript-3368681439:shipped-test-skip:6
natural:agent-python-3327267830:ruff-python-swallowed:24	P01409	natural	agent-python-3327267830			ruff-python-swallowed	agent-python-3327267830:ruff-python-swallowed:24
natural:human-python-3478506066-2888257815:ruff-python-swallowed:88	P01410	natural	human-python-3478506066-2888257815			ruff-python-swallowed	human-python-3478506066-2888257815:ruff-python-swallowed:88
natural:agent-python-3327267830:ruff-python-swallowed:25	P01411	natural	agent-python-3327267830			ruff-python-swallowed	agent-python-3327267830:ruff-python-swallowed:25
natural:human-python-3338367670-2869308081:ruff-python-swallowed:144	P01412	natural	human-python-3338367670-2869308081			ruff-python-swallowed	human-python-3338367670-2869308081:ruff-python-swallowed:144
natural:agent-python-3529128652:ruff-python-swallowed:1	P01413	natural	agent-python-3529128652			ruff-python-swallowed	agent-python-3529128652:ruff-python-swallowed:1
natural:agent-python-3327267830:shipped-test-skip:126	P01414	natural	agent-python-3327267830			shipped-test-skip	agent-python-3327267830:shipped-test-skip:126
hard-negative:pilot-complexity:w1358:shipped-complexity:w1358	P01415	hard-negative		pilot-complexity	w1358	shipped-complexity	
hard-negative:pilot-public-api:w2521:shipped-public-api:w2521	P01416	hard-negative		pilot-public-api	w2521	shipped-public-api	
natural:human-python-3478506066-2888257815:ruff-python-swallowed:78	P01417	natural	human-python-3478506066-2888257815			ruff-python-swallowed	human-python-3478506066-2888257815:ruff-python-swallowed:78
natural:agent-typescript-3519641294:shipped-test-skip:12	P01418	natural	agent-typescript-3519641294			shipped-test-skip	agent-typescript-3519641294:shipped-test-skip:12
natural:human-python-3338367670-2869308081:ruff-python-swallowed:86	P01419	natural	human-python-3338367670-2869308081			ruff-python-swallowed	human-python-3338367670-2869308081:ruff-python-swallowed:86
natural:agent-python-3327267830:shipped-escapes:109	P01420	natural	agent-python-3327267830			shipped-escapes	agent-python-3327267830:shipped-escapes:109
natural:agent-python-3327267830:shipped-escapes:9	P01421	natural	agent-python-3327267830			shipped-escapes	agent-python-3327267830:shipped-escapes:9
natural:agent-python-3327267830:shipped-test-skip:135	P01422	natural	agent-python-3327267830			shipped-test-skip	agent-python-3327267830:shipped-test-skip:135
natural:agent-python-3327267830:shipped-test-skip:83	P01423	natural	agent-python-3327267830			shipped-test-skip	agent-python-3327267830:shipped-test-skip:83
natural:agent-python-3376791991:shipped-test-skip:16	P01424	natural	agent-python-3376791991			shipped-test-skip	agent-python-3376791991:shipped-test-skip:16
natural:agent-typescript-3437109293:shipped-escapes:11	P01425	natural	agent-typescript-3437109293			shipped-escapes	agent-typescript-3437109293:shipped-escapes:11
natural:human-typescript-2822630272-2331680308:shipped-test-skip:1	P01426	natural	human-typescript-2822630272-2331680308			shipped-test-skip	human-typescript-2822630272-2331680308:shipped-test-skip:1
natural:agent-rust-3407480007:shipped-public-api:1	P01427	natural	agent-rust-3407480007			shipped-public-api	agent-rust-3407480007:shipped-public-api:1
natural:human-python-3203515928-2644838880:ruff-python-swallowed:7	P01428	natural	human-python-3203515928-2644838880			ruff-python-swallowed	human-python-3203515928-2644838880:ruff-python-swallowed:7
natural:agent-python-3327267830:shipped-escapes:20	P01429	natural	agent-python-3327267830			shipped-escapes	agent-python-3327267830:shipped-escapes:20
natural:human-rust-3399286828-2837822341:shipped-public-api:5	P01430	natural	human-rust-3399286828-2837822341			shipped-public-api	human-rust-3399286828-2837822341:shipped-public-api:5
natural:agent-python-3327267830:shipped-escapes:11	P01431	natural	agent-python-3327267830			shipped-escapes	agent-python-3327267830:shipped-escapes:11
natural:agent-rust-3303211080:shipped-test-skip:1	P01432	natural	agent-rust-3303211080			shipped-test-skip	agent-rust-3303211080:shipped-test-skip:1
hard-negative:dependency-evidence-corpus:undeclared-ts/legit:new-direct-dependency:npm:yaml:00001	P01433	hard-negative		dependency-evidence-corpus	undeclared-ts/legit	new-direct-dependency	
natural:agent-python-3327267830:shipped-escapes:144	P01434	natural	agent-python-3327267830			shipped-escapes	agent-python-3327267830:shipped-escapes:144
natural:agent-rust-3465103781:shipped-module-cycle:6	P01435	natural	agent-rust-3465103781			shipped-module-cycle	agent-rust-3465103781:shipped-module-cycle:6
natural:human-python-3478506066-2888257815:ruff-python-swallowed:126	P01436	natural	human-python-3478506066-2888257815			ruff-python-swallowed	human-python-3478506066-2888257815:ruff-python-swallowed:126
hard-negative:pilot-complexity:w1108:shipped-complexity:w1108	P01437	hard-negative		pilot-complexity	w1108	shipped-complexity	
hard-negative:pilot-complexity:w2396:shipped-complexity:w2396	P01438	hard-negative		pilot-complexity	w2396	shipped-complexity	
natural:agent-typescript-3519641294:shipped-test-skip:15	P01439	natural	agent-typescript-3519641294			shipped-test-skip	agent-typescript-3519641294:shipped-test-skip:15
natural:agent-typescript-3437109293:shipped-escapes:30	P01440	natural	agent-typescript-3437109293			shipped-escapes	agent-typescript-3437109293:shipped-escapes:30
natural:agent-typescript-3519641294:new-direct-dependency:2	P01441	natural	agent-typescript-3519641294			new-direct-dependency	agent-typescript-3519641294:new-direct-dependency:2
natural:human-rust-3481817276-2756620376:shipped-test-skip:1	P01442	natural	human-rust-3481817276-2756620376			shipped-test-skip	human-rust-3481817276-2756620376:shipped-test-skip:1
natural:human-python-3338367670-2869308081:ruff-python-swallowed:55	P01443	natural	human-python-3338367670-2869308081			ruff-python-swallowed	human-python-3338367670-2869308081:ruff-python-swallowed:55
natural:agent-rust-3128356528:shipped-test-skip:1	P01444	natural	agent-rust-3128356528			shipped-test-skip	agent-rust-3128356528:shipped-test-skip:1
natural:human-rust-3399286828-2837822341:shipped-public-api:6	P01445	natural	human-rust-3399286828-2837822341			shipped-public-api	human-rust-3399286828-2837822341:shipped-public-api:6
natural:agent-typescript-3437109293:shipped-test-skip:19	P01446	natural	agent-typescript-3437109293			shipped-test-skip	agent-typescript-3437109293:shipped-test-skip:19
hard-negative:pilot-complexity:w558:shipped-complexity:w558	P01447	hard-negative		pilot-complexity	w558	shipped-complexity	
natural:human-python-3260236912-2597771531:new-direct-dependency:9	P01448	natural	human-python-3260236912-2597771531			new-direct-dependency	human-python-3260236912-2597771531:new-direct-dependency:9
natural:human-python-3338367670-2869308081:ruff-python-swallowed:132	P01449	natural	human-python-3338367670-2869308081			ruff-python-swallowed	human-python-3338367670-2869308081:ruff-python-swallowed:132
natural:agent-python-3327267830:shipped-escapes:44	P01450	natural	agent-python-3327267830			shipped-escapes	agent-python-3327267830:shipped-escapes:44
hard-negative:pilot-complexity:w2288:shipped-complexity:w2288	P01451	hard-negative		pilot-complexity	w2288	shipped-complexity	
natural:agent-python-3327267830:shipped-escapes:58	P01452	natural	agent-python-3327267830			shipped-escapes	agent-python-3327267830:shipped-escapes:58
hard-negative:pilot-complexity:w2472:shipped-complexity:w2472	P01453	hard-negative		pilot-complexity	w2472	shipped-complexity	
natural:agent-python-3327267830:ruff-python-swallowed:40	P01454	natural	agent-python-3327267830			ruff-python-swallowed	agent-python-3327267830:ruff-python-swallowed:40
hard-negative:pilot-complexity:w2465:shipped-complexity:w2465	P01455	hard-negative		pilot-complexity	w2465	shipped-complexity	
natural:agent-python-3251895270:ruff-python-swallowed:2	P01456	natural	agent-python-3251895270			ruff-python-swallowed	agent-python-3251895270:ruff-python-swallowed:2
natural:agent-rust-3539106136:shipped-escapes:1	P01457	natural	agent-rust-3539106136			shipped-escapes	agent-rust-3539106136:shipped-escapes:1
natural:human-typescript-3332391124-2701990016:shipped-lockfile:1	P01458	natural	human-typescript-3332391124-2701990016			shipped-lockfile	human-typescript-3332391124-2701990016:shipped-lockfile:1
natural:agent-python-3435741365:shipped-test-skip:2	P01459	natural	agent-python-3435741365			shipped-test-skip	agent-python-3435741365:shipped-test-skip:2
natural:agent-typescript-3101362009:shipped-escapes:2	P01460	natural	agent-typescript-3101362009			shipped-escapes	agent-typescript-3101362009:shipped-escapes:2
natural:agent-python-3478506066:ruff-python-swallowed:14	P01461	natural	agent-python-3478506066			ruff-python-swallowed	agent-python-3478506066:ruff-python-swallowed:14
natural:human-python-3478506066-2888257815:ruff-python-swallowed:83	P01462	natural	human-python-3478506066-2888257815			ruff-python-swallowed	human-python-3478506066-2888257815:ruff-python-swallowed:83
natural:human-python-3346589984-2765009443:ruff-python-swallowed:2	P01463	natural	human-python-3346589984-2765009443			ruff-python-swallowed	human-python-3346589984-2765009443:ruff-python-swallowed:2
natural:human-python-3260236912-2597771531:error-broad-handler:4	P01464	natural	human-python-3260236912-2597771531			error-broad-handler	human-python-3260236912-2597771531:error-broad-handler:4
natural:agent-python-3327267830:shipped-test-skip:133	P01465	natural	agent-python-3327267830			shipped-test-skip	agent-python-3327267830:shipped-test-skip:133
natural:human-python-3078818623-2538909715:ruff-python-swallowed:7	P01466	natural	human-python-3078818623-2538909715			ruff-python-swallowed	human-python-3078818623-2538909715:ruff-python-swallowed:7
natural:human-python-3338367670-2869308081:ruff-python-swallowed:40	P01467	natural	human-python-3338367670-2869308081			ruff-python-swallowed	human-python-3338367670-2869308081:ruff-python-swallowed:40
natural:agent-python-3078479848:ruff-python-swallowed:5	P01468	natural	agent-python-3078479848			ruff-python-swallowed	agent-python-3078479848:ruff-python-swallowed:5
natural:agent-python-3327267830:shipped-test-skip:113	P01469	natural	agent-python-3327267830			shipped-test-skip	agent-python-3327267830:shipped-test-skip:113
natural:human-python-3478506066-2888257815:ruff-python-swallowed:14	P01470	natural	human-python-3478506066-2888257815			ruff-python-swallowed	human-python-3478506066-2888257815:ruff-python-swallowed:14
natural:human-python-3478506066-2888257815:ruff-python-swallowed:18	P01471	natural	human-python-3478506066-2888257815			ruff-python-swallowed	human-python-3478506066-2888257815:ruff-python-swallowed:18
natural:human-python-3467152502-2897921621:ruff-python-swallowed:2	P01472	natural	human-python-3467152502-2897921621			ruff-python-swallowed	human-python-3467152502-2897921621:ruff-python-swallowed:2
natural:agent-python-3338367670:ruff-python-swallowed:54	P01473	natural	agent-python-3338367670			ruff-python-swallowed	agent-python-3338367670:ruff-python-swallowed:54
natural:agent-rust-3541403320:shipped-test-skip:2	P01474	natural	agent-rust-3541403320			shipped-test-skip	agent-rust-3541403320:shipped-test-skip:2
natural:agent-python-3467152502:ruff-python-swallowed:10	P01475	natural	agent-python-3467152502			ruff-python-swallowed	agent-python-3467152502:ruff-python-swallowed:10
natural:agent-typescript-3391967160:shipped-escapes:48	P01476	natural	agent-typescript-3391967160			shipped-escapes	agent-typescript-3391967160:shipped-escapes:48
natural:agent-python-3327267830:shipped-escapes:94	P01477	natural	agent-python-3327267830			shipped-escapes	agent-python-3327267830:shipped-escapes:94
hard-negative:pilot-escapes:w843:shipped-escapes:w843	P01478	hard-negative		pilot-escapes	w843	shipped-escapes	
natural:agent-python-3327267830:shipped-test-skip:101	P01479	natural	agent-python-3327267830			shipped-test-skip	agent-python-3327267830:shipped-test-skip:101
hard-negative:pilot-public-api:w430:shipped-public-api:w430	P01480	hard-negative		pilot-public-api	w430	shipped-public-api	
natural:agent-python-3338367670:ruff-python-swallowed:48	P01481	natural	agent-python-3338367670			ruff-python-swallowed	agent-python-3338367670:ruff-python-swallowed:48
hard-negative:pilot-public-api:w1026:shipped-public-api:w1026	P01482	hard-negative		pilot-public-api	w1026	shipped-public-api	
natural:agent-python-3327267830:shipped-escapes:76	P01483	natural	agent-python-3327267830			shipped-escapes	agent-python-3327267830:shipped-escapes:76
hard-negative:pilot-public-api:w2017:shipped-public-api:w2017	P01484	hard-negative		pilot-public-api	w2017	shipped-public-api	
natural:agent-python-3431634736:ruff-python-swallowed:5	P01485	natural	agent-python-3431634736			ruff-python-swallowed	agent-python-3431634736:ruff-python-swallowed:5
natural:agent-python-3126265212:error-broad-handler:1	P01486	natural	agent-python-3126265212			error-broad-handler	agent-python-3126265212:error-broad-handler:1
natural:agent-python-3431634736:ruff-python-swallowed:8	P01487	natural	agent-python-3431634736			ruff-python-swallowed	agent-python-3431634736:ruff-python-swallowed:8
natural:agent-python-3260236912:ruff-python-swallowed:13	P01488	natural	agent-python-3260236912			ruff-python-swallowed	agent-python-3260236912:ruff-python-swallowed:13
natural:agent-typescript-3391967160:shipped-escapes:25	P01489	natural	agent-typescript-3391967160			shipped-escapes	agent-typescript-3391967160:shipped-escapes:25
natural:agent-python-3338367670:ruff-python-swallowed:1	P01490	natural	agent-python-3338367670			ruff-python-swallowed	agent-python-3338367670:ruff-python-swallowed:1
hard-negative:pilot-public-api:w199:shipped-public-api:w199	P01491	hard-negative		pilot-public-api	w199	shipped-public-api	
natural:agent-rust-3187718516:shipped-test-skip:7	P01492	natural	agent-rust-3187718516			shipped-test-skip	agent-rust-3187718516:shipped-test-skip:7
natural:human-python-3338367670-2869308081:ruff-python-swallowed:151	P01493	natural	human-python-3338367670-2869308081			ruff-python-swallowed	human-python-3338367670-2869308081:ruff-python-swallowed:151
natural:agent-typescript-3519641294:shipped-test-skip:14	P01494	natural	agent-typescript-3519641294			shipped-test-skip	agent-typescript-3519641294:shipped-test-skip:14
natural:agent-python-3327267830:shipped-escapes:147	P01495	natural	agent-python-3327267830			shipped-escapes	agent-python-3327267830:shipped-escapes:147
natural:human-python-3338367670-2869308081:ruff-python-swallowed:68	P01496	natural	human-python-3338367670-2869308081			ruff-python-swallowed	human-python-3338367670-2869308081:ruff-python-swallowed:68
natural:human-python-3338367670-2869308081:ruff-python-swallowed:30	P01497	natural	human-python-3338367670-2869308081			ruff-python-swallowed	human-python-3338367670-2869308081:ruff-python-swallowed:30
natural:agent-typescript-3391967160:shipped-escapes:45	P01498	natural	agent-typescript-3391967160			shipped-escapes	agent-typescript-3391967160:shipped-escapes:45
natural:agent-python-3338367670:ruff-python-swallowed:37	P01499	natural	agent-python-3338367670			ruff-python-swallowed	agent-python-3338367670:ruff-python-swallowed:37
natural:human-python-3078818623-2538909715:ruff-python-swallowed:4	P01500	natural	human-python-3078818623-2538909715			ruff-python-swallowed	human-python-3078818623-2538909715:ruff-python-swallowed:4
natural:agent-python-3327267830:ruff-python-swallowed:26	P01501	natural	agent-python-3327267830			ruff-python-swallowed	agent-python-3327267830:ruff-python-swallowed:26
natural:agent-python-3327267830:shipped-test-skip:36	P01502	natural	agent-python-3327267830			shipped-test-skip	agent-python-3327267830:shipped-test-skip:36
natural:agent-python-3338367670:ruff-python-swallowed:44	P01503	natural	agent-python-3338367670			ruff-python-swallowed	agent-python-3338367670:ruff-python-swallowed:44
natural:agent-typescript-2836523710:new-direct-dependency:1	P01504	natural	agent-typescript-2836523710			new-direct-dependency	agent-typescript-2836523710:new-direct-dependency:1
natural:agent-python-3260236912:ruff-python-swallowed:17	P01505	natural	agent-python-3260236912			ruff-python-swallowed	agent-python-3260236912:ruff-python-swallowed:17
natural:agent-typescript-3332391124:shipped-test-skip:1	P01506	natural	agent-typescript-3332391124			shipped-test-skip	agent-typescript-3332391124:shipped-test-skip:1
natural:human-python-3260236912-2597771531:error-empty-handler:1	P01507	natural	human-python-3260236912-2597771531			error-empty-handler	human-python-3260236912-2597771531:error-empty-handler:1
natural:agent-python-3327267830:shipped-escapes:38	P01508	natural	agent-python-3327267830			shipped-escapes	agent-python-3327267830:shipped-escapes:38
hard-negative:pilot-complexity:w1196:shipped-complexity:w1196	P01509	hard-negative		pilot-complexity	w1196	shipped-complexity	
natural:human-python-3338367670-2869308081:ruff-python-swallowed:91	P01510	natural	human-python-3338367670-2869308081			ruff-python-swallowed	human-python-3338367670-2869308081:ruff-python-swallowed:91
natural:human-python-3338367670-2869308081:ruff-python-swallowed:157	P01511	natural	human-python-3338367670-2869308081			ruff-python-swallowed	human-python-3338367670-2869308081:ruff-python-swallowed:157
natural:human-python-3288751740-2848154600:ruff-python-swallowed:1	P01512	natural	human-python-3288751740-2848154600			ruff-python-swallowed	human-python-3288751740-2848154600:ruff-python-swallowed:1
natural:agent-typescript-3519641294:shipped-test-skip:9	P01513	natural	agent-typescript-3519641294			shipped-test-skip	agent-typescript-3519641294:shipped-test-skip:9
natural:human-python-3478506066-2888257815:ruff-python-swallowed:8	P01514	natural	human-python-3478506066-2888257815			ruff-python-swallowed	human-python-3478506066-2888257815:ruff-python-swallowed:8
natural:agent-typescript-3437109293:shipped-escapes:25	P01515	natural	agent-typescript-3437109293			shipped-escapes	agent-typescript-3437109293:shipped-escapes:25
natural:agent-rust-3303211080:shipped-escapes:1	P01516	natural	agent-rust-3303211080			shipped-escapes	agent-rust-3303211080:shipped-escapes:1
natural:agent-typescript-2836523710:new-direct-dependency:3	P01517	natural	agent-typescript-2836523710			new-direct-dependency	agent-typescript-2836523710:new-direct-dependency:3
natural:agent-python-3136525932:ruff-python-swallowed:4	P01518	natural	agent-python-3136525932			ruff-python-swallowed	agent-python-3136525932:ruff-python-swallowed:4
natural:agent-typescript-3519641294:shipped-test-skip:13	P01519	natural	agent-typescript-3519641294			shipped-test-skip	agent-typescript-3519641294:shipped-test-skip:13
natural:agent-python-3327267830:shipped-test-skip:151	P01520	natural	agent-python-3327267830			shipped-test-skip	agent-python-3327267830:shipped-test-skip:151
natural:agent-rust-3311772882:shipped-escapes:4	P01521	natural	agent-rust-3311772882			shipped-escapes	agent-rust-3311772882:shipped-escapes:4
natural:agent-python-3327267830:shipped-escapes:54	P01522	natural	agent-python-3327267830			shipped-escapes	agent-python-3327267830:shipped-escapes:54
natural:agent-python-3327267830:shipped-escapes:52	P01523	natural	agent-python-3327267830			shipped-escapes	agent-python-3327267830:shipped-escapes:52
natural:agent-typescript-3437109293:shipped-test-skip:38	P01524	natural	agent-typescript-3437109293			shipped-test-skip	agent-typescript-3437109293:shipped-test-skip:38
natural:human-python-3338367670-2869308081:ruff-python-swallowed:141	P01525	natural	human-python-3338367670-2869308081			ruff-python-swallowed	human-python-3338367670-2869308081:ruff-python-swallowed:141
natural:human-python-3478506066-2888257815:ruff-python-swallowed:45	P01526	natural	human-python-3478506066-2888257815			ruff-python-swallowed	human-python-3478506066-2888257815:ruff-python-swallowed:45
natural:agent-python-3327267830:ruff-python-swallowed:20	P01527	natural	agent-python-3327267830			ruff-python-swallowed	agent-python-3327267830:ruff-python-swallowed:20
natural:agent-typescript-3437109293:design-family-bypass:5	P01528	natural	agent-typescript-3437109293			design-family-bypass	agent-typescript-3437109293:design-family-bypass:5
natural:agent-python-3327267830:shipped-escapes:86	P01529	natural	agent-python-3327267830			shipped-escapes	agent-python-3327267830:shipped-escapes:86
natural:agent-python-3338367670:ruff-python-swallowed:35	P01530	natural	agent-python-3338367670			ruff-python-swallowed	agent-python-3338367670:ruff-python-swallowed:35
natural:human-rust-3399286828-2837822341:shipped-public-api:7	P01531	natural	human-rust-3399286828-2837822341			shipped-public-api	human-rust-3399286828-2837822341:shipped-public-api:7
natural:agent-python-3327267830:shipped-escapes:93	P01532	natural	agent-python-3327267830			shipped-escapes	agent-python-3327267830:shipped-escapes:93
natural:human-python-3478506066-2888257815:ruff-python-swallowed:37	P01533	natural	human-python-3478506066-2888257815			ruff-python-swallowed	human-python-3478506066-2888257815:ruff-python-swallowed:37
natural:agent-python-3338367670:ruff-python-swallowed:56	P01534	natural	agent-python-3338367670			ruff-python-swallowed	agent-python-3338367670:ruff-python-swallowed:56
natural:human-python-3478506066-2888257815:ruff-python-swallowed:106	P01535	natural	human-python-3478506066-2888257815			ruff-python-swallowed	human-python-3478506066-2888257815:ruff-python-swallowed:106
natural:agent-python-3441479674:error-broad-handler:1	P01536	natural	agent-python-3441479674			error-broad-handler	agent-python-3441479674:error-broad-handler:1
natural:human-python-3346589984-2765009443:ruff-python-swallowed:1	P01537	natural	human-python-3346589984-2765009443			ruff-python-swallowed	human-python-3346589984-2765009443:ruff-python-swallowed:1
natural:human-python-3338367670-2869308081:ruff-python-swallowed:116	P01538	natural	human-python-3338367670-2869308081			ruff-python-swallowed	human-python-3338367670-2869308081:ruff-python-swallowed:116
natural:agent-python-3478506066:ruff-python-swallowed:3	P01539	natural	agent-python-3478506066			ruff-python-swallowed	agent-python-3478506066:ruff-python-swallowed:3
natural:agent-python-3376791991:shipped-escapes:11	P01540	natural	agent-python-3376791991			shipped-escapes	agent-python-3376791991:shipped-escapes:11
natural:human-python-3078818623-2538909715:ruff-python-swallowed:12	P01541	natural	human-python-3078818623-2538909715			ruff-python-swallowed	human-python-3078818623-2538909715:ruff-python-swallowed:12
natural:human-python-3478506066-2888257815:ruff-python-swallowed:74	P01542	natural	human-python-3478506066-2888257815			ruff-python-swallowed	human-python-3478506066-2888257815:ruff-python-swallowed:74
natural:human-python-3338367670-2869308081:ruff-python-swallowed:48	P01543	natural	human-python-3338367670-2869308081			ruff-python-swallowed	human-python-3338367670-2869308081:ruff-python-swallowed:48
natural:agent-rust-3187718516:test-new-unchecked:5	P01544	natural	agent-rust-3187718516			test-new-unchecked	agent-rust-3187718516:test-new-unchecked:5
natural:agent-typescript-3357327691:shipped-escapes:2	P01545	natural	agent-typescript-3357327691			shipped-escapes	agent-typescript-3357327691:shipped-escapes:2
natural:agent-rust-3303211080:new-direct-dependency:3	P01546	natural	agent-rust-3303211080			new-direct-dependency	agent-rust-3303211080:new-direct-dependency:3
natural:human-typescript-3034754393-2538458531:new-direct-dependency:1	P01547	natural	human-typescript-3034754393-2538458531			new-direct-dependency	human-typescript-3034754393-2538458531:new-direct-dependency:1
natural:agent-typescript-3391967160:shipped-test-skip:1	P01548	natural	agent-typescript-3391967160			shipped-test-skip	agent-typescript-3391967160:shipped-test-skip:1
natural:agent-rust-3187718516:shipped-escapes:1	P01549	natural	agent-rust-3187718516			shipped-escapes	agent-rust-3187718516:shipped-escapes:1
natural:human-python-3338367670-2869308081:ruff-python-swallowed:51	P01550	natural	human-python-3338367670-2869308081			ruff-python-swallowed	human-python-3338367670-2869308081:ruff-python-swallowed:51
natural:agent-python-3327267830:shipped-test-skip:54	P01551	natural	agent-python-3327267830			shipped-test-skip	agent-python-3327267830:shipped-test-skip:54
natural:agent-python-3376791991:shipped-test-skip:10	P01552	natural	agent-python-3376791991			shipped-test-skip	agent-python-3376791991:shipped-test-skip:10
natural:human-typescript-3089509964-2540072991:shipped-test-skip:2	P01553	natural	human-typescript-3089509964-2540072991			shipped-test-skip	human-typescript-3089509964-2540072991:shipped-test-skip:2
natural:agent-typescript-3120892058:shipped-escapes:3	P01554	natural	agent-typescript-3120892058			shipped-escapes	agent-typescript-3120892058:shipped-escapes:3
natural:agent-python-3327267830:shipped-escapes:146	P01555	natural	agent-python-3327267830			shipped-escapes	agent-python-3327267830:shipped-escapes:146
natural:agent-python-3327267830:shipped-escapes:128	P01556	natural	agent-python-3327267830			shipped-escapes	agent-python-3327267830:shipped-escapes:128
natural:human-python-3478506066-2888257815:ruff-python-swallowed:127	P01557	natural	human-python-3478506066-2888257815			ruff-python-swallowed	human-python-3478506066-2888257815:ruff-python-swallowed:127
hard-negative:pilot-complexity:w101:shipped-complexity:w101	P01558	hard-negative		pilot-complexity	w101	shipped-complexity	
natural:human-python-3338367670-2869308081:ruff-python-swallowed:90	P01559	natural	human-python-3338367670-2869308081			ruff-python-swallowed	human-python-3338367670-2869308081:ruff-python-swallowed:90
natural:human-typescript-3182983420-2724644741:shipped-escapes:11	P01560	natural	human-typescript-3182983420-2724644741			shipped-escapes	human-typescript-3182983420-2724644741:shipped-escapes:11
natural:human-python-3478506066-2888257815:ruff-python-swallowed:150	P01561	natural	human-python-3478506066-2888257815			ruff-python-swallowed	human-python-3478506066-2888257815:ruff-python-swallowed:150
hard-negative:pilot-public-api:w1894:shipped-public-api:w1894	P01562	hard-negative		pilot-public-api	w1894	shipped-public-api	
natural:agent-python-3327267830:shipped-escapes:23	P01563	natural	agent-python-3327267830			shipped-escapes	agent-python-3327267830:shipped-escapes:23
natural:agent-python-3441479674:error-broad-handler:3	P01564	natural	agent-python-3441479674			error-broad-handler	agent-python-3441479674:error-broad-handler:3
natural:agent-typescript-3437109293:shipped-test-skip:42	P01565	natural	agent-typescript-3437109293			shipped-test-skip	agent-typescript-3437109293:shipped-test-skip:42
natural:agent-python-3338367670:ruff-python-swallowed:32	P01566	natural	agent-python-3338367670			ruff-python-swallowed	agent-python-3338367670:ruff-python-swallowed:32
natural:agent-typescript-3437109293:shipped-escapes:18	P01567	natural	agent-typescript-3437109293			shipped-escapes	agent-typescript-3437109293:shipped-escapes:18
natural:human-rust-3070149818-2405390894:shipped-test-skip:2	P01568	natural	human-rust-3070149818-2405390894			shipped-test-skip	human-rust-3070149818-2405390894:shipped-test-skip:2
natural:agent-typescript-3437109293:shipped-escapes:7	P01569	natural	agent-typescript-3437109293			shipped-escapes	agent-typescript-3437109293:shipped-escapes:7
natural:agent-typescript-3332391124:shipped-escapes:4	P01570	natural	agent-typescript-3332391124			shipped-escapes	agent-typescript-3332391124:shipped-escapes:4
natural:human-python-3478506066-2888257815:ruff-python-swallowed:57	P01571	natural	human-python-3478506066-2888257815			ruff-python-swallowed	human-python-3478506066-2888257815:ruff-python-swallowed:57
natural:human-typescript-2822630272-2331680308:shipped-escapes:2	P01572	natural	human-typescript-2822630272-2331680308			shipped-escapes	human-typescript-2822630272-2331680308:shipped-escapes:2
natural:agent-rust-3356723010:design-wrapper-bypass:1	P01573	natural	agent-rust-3356723010			design-wrapper-bypass	agent-rust-3356723010:design-wrapper-bypass:1
natural:human-python-3478506066-2888257815:ruff-python-swallowed:85	P01574	natural	human-python-3478506066-2888257815			ruff-python-swallowed	human-python-3478506066-2888257815:ruff-python-swallowed:85
natural:agent-python-3327267830:shipped-escapes:51	P01575	natural	agent-python-3327267830			shipped-escapes	agent-python-3327267830:shipped-escapes:51
natural:human-python-3260236912-2597771531:new-direct-dependency:5	P01576	natural	human-python-3260236912-2597771531			new-direct-dependency	human-python-3260236912-2597771531:new-direct-dependency:5
hard-negative:pilot-complexity:w2073:shipped-complexity:w2073	P01577	hard-negative		pilot-complexity	w2073	shipped-complexity	
hard-negative:pilot-public-api:w2643:shipped-public-api:w2643	P01578	hard-negative		pilot-public-api	w2643	shipped-public-api	
natural:agent-rust-3187718516:shipped-escapes:5	P01579	natural	agent-rust-3187718516			shipped-escapes	agent-rust-3187718516:shipped-escapes:5
hard-negative:dependency-evidence-corpus:lockshape-npm/neg-private-lock:new-direct-dependency:npm:@acme/billing:00001	P01580	hard-negative		dependency-evidence-corpus	lockshape-npm/neg-private-lock	new-direct-dependency	
natural:human-rust-3399286828-2837822341:shipped-public-api:1	P01581	natural	human-rust-3399286828-2837822341			shipped-public-api	human-rust-3399286828-2837822341:shipped-public-api:1
natural:human-python-3478506066-2888257815:ruff-python-swallowed:9	P01582	natural	human-python-3478506066-2888257815			ruff-python-swallowed	human-python-3478506066-2888257815:ruff-python-swallowed:9
hard-negative:pilot-complexity:w426:shipped-complexity:w426	P01583	hard-negative		pilot-complexity	w426	shipped-complexity	
natural:agent-typescript-3519641294:shipped-escapes:2	P01584	natural	agent-typescript-3519641294			shipped-escapes	agent-typescript-3519641294:shipped-escapes:2
natural:agent-python-3327267830:shipped-escapes:83	P01585	natural	agent-python-3327267830			shipped-escapes	agent-python-3327267830:shipped-escapes:83
natural:human-python-3338367670-2869308081:ruff-python-swallowed:72	P01586	natural	human-python-3338367670-2869308081			ruff-python-swallowed	human-python-3338367670-2869308081:ruff-python-swallowed:72
natural:human-python-3431807788-2861466861:shipped-escapes:1	P01587	natural	human-python-3431807788-2861466861			shipped-escapes	human-python-3431807788-2861466861:shipped-escapes:1
natural:agent-python-3327267830:shipped-test-skip:67	P01588	natural	agent-python-3327267830			shipped-test-skip	agent-python-3327267830:shipped-test-skip:67
natural:agent-python-3009474184:ruff-python-swallowed:1	P01589	natural	agent-python-3009474184			ruff-python-swallowed	agent-python-3009474184:ruff-python-swallowed:1
natural:agent-python-3251895270:ruff-python-swallowed:1	P01590	natural	agent-python-3251895270			ruff-python-swallowed	agent-python-3251895270:ruff-python-swallowed:1
natural:agent-python-3338367670:ruff-python-swallowed:96	P01591	natural	agent-python-3338367670			ruff-python-swallowed	agent-python-3338367670:ruff-python-swallowed:96
natural:human-python-3478506066-2888257815:ruff-python-swallowed:75	P01592	natural	human-python-3478506066-2888257815			ruff-python-swallowed	human-python-3478506066-2888257815:ruff-python-swallowed:75
natural:agent-python-3478506066:ruff-python-swallowed:25	P01593	natural	agent-python-3478506066			ruff-python-swallowed	agent-python-3478506066:ruff-python-swallowed:25
natural:human-python-3478506066-2888257815:ruff-python-swallowed:66	P01594	natural	human-python-3478506066-2888257815			ruff-python-swallowed	human-python-3478506066-2888257815:ruff-python-swallowed:66
natural:agent-typescript-3391967160:shipped-test-skip:25	P01595	natural	agent-typescript-3391967160			shipped-test-skip	agent-typescript-3391967160:shipped-test-skip:25
natural:agent-python-3431634736:ruff-python-swallowed:15	P01596	natural	agent-python-3431634736			ruff-python-swallowed	agent-python-3431634736:ruff-python-swallowed:15
natural:agent-typescript-3391967160:shipped-escapes:5	P01597	natural	agent-typescript-3391967160			shipped-escapes	agent-typescript-3391967160:shipped-escapes:5
natural:human-python-3478506066-2888257815:ruff-python-swallowed:86	P01598	natural	human-python-3478506066-2888257815			ruff-python-swallowed	human-python-3478506066-2888257815:ruff-python-swallowed:86
natural:agent-python-3327267830:shipped-escapes:103	P01599	natural	agent-python-3327267830			shipped-escapes	agent-python-3327267830:shipped-escapes:103
natural:agent-python-3327267830:ruff-python-swallowed:8	P01600	natural	agent-python-3327267830			ruff-python-swallowed	agent-python-3327267830:ruff-python-swallowed:8
natural:agent-python-3338367670:ruff-python-swallowed:71	P01601	natural	agent-python-3338367670			ruff-python-swallowed	agent-python-3338367670:ruff-python-swallowed:71
natural:agent-typescript-3437109293:shipped-test-skip:34	P01602	natural	agent-typescript-3437109293			shipped-test-skip	agent-typescript-3437109293:shipped-test-skip:34
natural:agent-python-3327267830:shipped-escapes:15	P01603	natural	agent-python-3327267830			shipped-escapes	agent-python-3327267830:shipped-escapes:15
natural:human-python-3338367670-2869308081:ruff-python-swallowed:20	P01604	natural	human-python-3338367670-2869308081			ruff-python-swallowed	human-python-3338367670-2869308081:ruff-python-swallowed:20
natural:agent-python-3327267830:shipped-test-skip:92	P01605	natural	agent-python-3327267830			shipped-test-skip	agent-python-3327267830:shipped-test-skip:92
natural:agent-python-3376791991:shipped-escapes:9	P01606	natural	agent-python-3376791991			shipped-escapes	agent-python-3376791991:shipped-escapes:9
hard-negative:pilot-complexity:w745:shipped-complexity:w745	P01607	hard-negative		pilot-complexity	w745	shipped-complexity	
natural:human-python-3478506066-2888257815:ruff-python-swallowed:95	P01608	natural	human-python-3478506066-2888257815			ruff-python-swallowed	human-python-3478506066-2888257815:ruff-python-swallowed:95
natural:human-python-3478506066-2888257815:ruff-python-swallowed:87	P01609	natural	human-python-3478506066-2888257815			ruff-python-swallowed	human-python-3478506066-2888257815:ruff-python-swallowed:87
natural:agent-typescript-3248259820:shipped-test-skip:3	P01610	natural	agent-typescript-3248259820			shipped-test-skip	agent-typescript-3248259820:shipped-test-skip:3
hard-negative:pilot-public-api:w675:shipped-public-api:w675	P01611	hard-negative		pilot-public-api	w675	shipped-public-api	
natural:human-typescript-3182983420-2724644741:shipped-escapes:16	P01612	natural	human-typescript-3182983420-2724644741			shipped-escapes	human-typescript-3182983420-2724644741:shipped-escapes:16
natural:agent-rust-3187718516:shipped-public-api:3	P01613	natural	agent-rust-3187718516			shipped-public-api	agent-rust-3187718516:shipped-public-api:3
hard-negative:pilot-public-api:w732:shipped-public-api:w732	P01614	hard-negative		pilot-public-api	w732	shipped-public-api	
natural:agent-python-3327267830:shipped-test-skip:13	P01615	natural	agent-python-3327267830			shipped-test-skip	agent-python-3327267830:shipped-test-skip:13
natural:human-python-3078818623-2538909715:ruff-python-swallowed:10	P01616	natural	human-python-3078818623-2538909715			ruff-python-swallowed	human-python-3078818623-2538909715:ruff-python-swallowed:10
natural:agent-python-3376791991:shipped-escapes:24	P01617	natural	agent-python-3376791991			shipped-escapes	agent-python-3376791991:shipped-escapes:24
natural:human-python-3478506066-2888257815:ruff-python-swallowed:146	P01618	natural	human-python-3478506066-2888257815			ruff-python-swallowed	human-python-3478506066-2888257815:ruff-python-swallowed:146
natural:agent-rust-3311772882:shipped-escapes:2	P01619	natural	agent-rust-3311772882			shipped-escapes	agent-rust-3311772882:shipped-escapes:2
hard-negative:pilot-public-api:w2181:shipped-public-api:w2181	P01620	hard-negative		pilot-public-api	w2181	shipped-public-api	
hard-negative:pilot-escapes:w1853:shipped-escapes:w1853	P01621	hard-negative		pilot-escapes	w1853	shipped-escapes	
hard-negative:pilot-public-api:w1903:shipped-public-api:w1903	P01622	hard-negative		pilot-public-api	w1903	shipped-public-api	
natural:human-python-3478506066-2888257815:ruff-python-swallowed:159	P01623	natural	human-python-3478506066-2888257815			ruff-python-swallowed	human-python-3478506066-2888257815:ruff-python-swallowed:159
hard-negative:pilot-public-api:w1967:shipped-public-api:w1967	P01624	hard-negative		pilot-public-api	w1967	shipped-public-api	
natural:agent-typescript-3332391124:design-component-cycle:3	P01625	natural	agent-typescript-3332391124			design-component-cycle	agent-typescript-3332391124:design-component-cycle:3
natural:human-python-3338367670-2869308081:ruff-python-swallowed:167	P01626	natural	human-python-3338367670-2869308081			ruff-python-swallowed	human-python-3338367670-2869308081:ruff-python-swallowed:167
natural:agent-rust-3187718516:new-direct-dependency:4	P01627	natural	agent-rust-3187718516			new-direct-dependency	agent-rust-3187718516:new-direct-dependency:4
natural:human-python-3260236912-2597771531:new-direct-dependency:4	P01628	natural	human-python-3260236912-2597771531			new-direct-dependency	human-python-3260236912-2597771531:new-direct-dependency:4
hard-negative:pilot-public-api:w826:shipped-public-api:w826	P01629	hard-negative		pilot-public-api	w826	shipped-public-api	
natural:human-python-3467152502-2897921621:ruff-python-swallowed:3	P01630	natural	human-python-3467152502-2897921621			ruff-python-swallowed	human-python-3467152502-2897921621:ruff-python-swallowed:3
natural:agent-python-3260236912:ruff-python-swallowed:18	P01631	natural	agent-python-3260236912			ruff-python-swallowed	agent-python-3260236912:ruff-python-swallowed:18
natural:human-typescript-3182983420-2724644741:shipped-escapes:2	P01632	natural	human-typescript-3182983420-2724644741			shipped-escapes	human-typescript-3182983420-2724644741:shipped-escapes:2
natural:agent-typescript-3437109293:shipped-test-skip:40	P01633	natural	agent-typescript-3437109293			shipped-test-skip	agent-typescript-3437109293:shipped-test-skip:40
natural:agent-typescript-3437109293:shipped-escapes:9	P01634	natural	agent-typescript-3437109293			shipped-escapes	agent-typescript-3437109293:shipped-escapes:9
natural:agent-python-3327267830:ruff-python-swallowed:38	P01635	natural	agent-python-3327267830			ruff-python-swallowed	agent-python-3327267830:ruff-python-swallowed:38
natural:agent-typescript-3519641294:shipped-test-skip:8	P01636	natural	agent-typescript-3519641294			shipped-test-skip	agent-typescript-3519641294:shipped-test-skip:8
hard-negative:pilot-public-api:w373:shipped-public-api:w373	P01637	hard-negative		pilot-public-api	w373	shipped-public-api	
natural:agent-typescript-3391967160:shipped-escapes:6	P01638	natural	agent-typescript-3391967160			shipped-escapes	agent-typescript-3391967160:shipped-escapes:6
natural:human-python-3478506066-2888257815:ruff-python-swallowed:16	P01639	natural	human-python-3478506066-2888257815			ruff-python-swallowed	human-python-3478506066-2888257815:ruff-python-swallowed:16
natural:agent-typescript-3357327691:shipped-escapes:4	P01640	natural	agent-typescript-3357327691			shipped-escapes	agent-typescript-3357327691:shipped-escapes:4
natural:agent-python-3376791991:shipped-test-skip:7	P01641	natural	agent-python-3376791991			shipped-test-skip	agent-python-3376791991:shipped-test-skip:7
natural:human-python-3338367670-2869308081:error-broad-handler:7	P01642	natural	human-python-3338367670-2869308081			error-broad-handler	human-python-3338367670-2869308081:error-broad-handler:7
natural:agent-python-3327267830:shipped-test-skip:89	P01643	natural	agent-python-3327267830			shipped-test-skip	agent-python-3327267830:shipped-test-skip:89
natural:human-typescript-3089509964-2540072991:shipped-test-skip:3	P01644	natural	human-typescript-3089509964-2540072991			shipped-test-skip	human-typescript-3089509964-2540072991:shipped-test-skip:3
natural:agent-typescript-3391967160:shipped-test-skip:47	P01645	natural	agent-typescript-3391967160			shipped-test-skip	agent-typescript-3391967160:shipped-test-skip:47
natural:human-typescript-3182983420-2724644741:shipped-escapes:8	P01646	natural	human-typescript-3182983420-2724644741			shipped-escapes	human-typescript-3182983420-2724644741:shipped-escapes:8
natural:agent-python-3376791991:shipped-test-skip:19	P01647	natural	agent-python-3376791991			shipped-test-skip	agent-python-3376791991:shipped-test-skip:19
natural:agent-python-3338367670:ruff-python-swallowed:81	P01648	natural	agent-python-3338367670			ruff-python-swallowed	agent-python-3338367670:ruff-python-swallowed:81
natural:agent-python-3327267830:shipped-escapes:77	P01649	natural	agent-python-3327267830			shipped-escapes	agent-python-3327267830:shipped-escapes:77
natural:agent-rust-3187718516:shipped-test-skip:4	P01650	natural	agent-rust-3187718516			shipped-test-skip	agent-rust-3187718516:shipped-test-skip:4
hard-negative:pilot-public-api:w002:shipped-public-api:w002	P01651	hard-negative		pilot-public-api	w002	shipped-public-api	
natural:agent-typescript-3437109293:shipped-escapes:27	P01652	natural	agent-typescript-3437109293			shipped-escapes	agent-typescript-3437109293:shipped-escapes:27
natural:agent-typescript-3391967160:shipped-escapes:10	P01653	natural	agent-typescript-3391967160			shipped-escapes	agent-typescript-3391967160:shipped-escapes:10
natural:agent-typescript-3519641294:shipped-test-skip:19	P01654	natural	agent-typescript-3519641294			shipped-test-skip	agent-typescript-3519641294:shipped-test-skip:19
natural:agent-rust-3187718516:shipped-public-api:4	P01655	natural	agent-rust-3187718516			shipped-public-api	agent-rust-3187718516:shipped-public-api:4
natural:agent-python-3338367670:ruff-python-swallowed:59	P01656	natural	agent-python-3338367670			ruff-python-swallowed	agent-python-3338367670:ruff-python-swallowed:59
natural:human-python-3338367670-2869308081:ruff-python-swallowed:111	P01657	natural	human-python-3338367670-2869308081			ruff-python-swallowed	human-python-3338367670-2869308081:ruff-python-swallowed:111
natural:human-python-3478506066-2888257815:ruff-python-swallowed:160	P01658	natural	human-python-3478506066-2888257815			ruff-python-swallowed	human-python-3478506066-2888257815:ruff-python-swallowed:160
natural:agent-python-3376791991:shipped-escapes:1	P01659	natural	agent-python-3376791991			shipped-escapes	agent-python-3376791991:shipped-escapes:1
natural:human-python-3478506066-2888257815:ruff-python-swallowed:103	P01660	natural	human-python-3478506066-2888257815			ruff-python-swallowed	human-python-3478506066-2888257815:ruff-python-swallowed:103
natural:agent-python-3327267830:shipped-escapes:125	P01661	natural	agent-python-3327267830			shipped-escapes	agent-python-3327267830:shipped-escapes:125
natural:human-typescript-3332391124-2701990016:new-direct-dependency:2	P01662	natural	human-typescript-3332391124-2701990016			new-direct-dependency	human-typescript-3332391124-2701990016:new-direct-dependency:2
natural:agent-python-3327267830:shipped-test-skip:42	P01663	natural	agent-python-3327267830			shipped-test-skip	agent-python-3327267830:shipped-test-skip:42
natural:agent-python-3338367670:ruff-python-swallowed:25	P01664	natural	agent-python-3338367670			ruff-python-swallowed	agent-python-3338367670:ruff-python-swallowed:25
natural:agent-python-3527845500:ruff-python-swallowed:5	P01665	natural	agent-python-3527845500			ruff-python-swallowed	agent-python-3527845500:ruff-python-swallowed:5
natural:agent-python-3327267830:shipped-test-skip:152	P01666	natural	agent-python-3327267830			shipped-test-skip	agent-python-3327267830:shipped-test-skip:152
natural:agent-python-3327267830:shipped-test-skip:38	P01667	natural	agent-python-3327267830			shipped-test-skip	agent-python-3327267830:shipped-test-skip:38
natural:agent-typescript-3437109293:shipped-escapes:32	P01668	natural	agent-typescript-3437109293			shipped-escapes	agent-typescript-3437109293:shipped-escapes:32
hard-negative:pilot-escapes:w1566:shipped-escapes:w1566	P01669	hard-negative		pilot-escapes	w1566	shipped-escapes	
natural:human-python-3338367670-2869308081:ruff-python-swallowed:186	P01670	natural	human-python-3338367670-2869308081			ruff-python-swallowed	human-python-3338367670-2869308081:ruff-python-swallowed:186
natural:human-python-3338367670-2869308081:ruff-python-swallowed:171	P01671	natural	human-python-3338367670-2869308081			ruff-python-swallowed	human-python-3338367670-2869308081:ruff-python-swallowed:171
natural:agent-python-3136525932:ruff-python-swallowed:1	P01672	natural	agent-python-3136525932			ruff-python-swallowed	agent-python-3136525932:ruff-python-swallowed:1
natural:agent-typescript-3437109293:shipped-test-skip:1	P01673	natural	agent-typescript-3437109293			shipped-test-skip	agent-typescript-3437109293:shipped-test-skip:1
natural:human-typescript-3368681439-2692810552:shipped-escapes:2	P01674	natural	human-typescript-3368681439-2692810552			shipped-escapes	human-typescript-3368681439-2692810552:shipped-escapes:2
natural:agent-typescript-3437109293:design-family-bypass:7	P01675	natural	agent-typescript-3437109293			design-family-bypass	agent-typescript-3437109293:design-family-bypass:7
natural:agent-python-3327267830:shipped-test-skip:23	P01676	natural	agent-python-3327267830			shipped-test-skip	agent-python-3327267830:shipped-test-skip:23
natural:agent-python-3467152502:ruff-python-swallowed:3	P01677	natural	agent-python-3467152502			ruff-python-swallowed	agent-python-3467152502:ruff-python-swallowed:3
natural:agent-typescript-3467791387:shipped-test-skip:1	P01678	natural	agent-typescript-3467791387			shipped-test-skip	agent-typescript-3467791387:shipped-test-skip:1
natural:human-python-3478506066-2888257815:ruff-python-swallowed:140	P01679	natural	human-python-3478506066-2888257815			ruff-python-swallowed	human-python-3478506066-2888257815:ruff-python-swallowed:140
natural:human-rust-3481817276-2756620376:shipped-test-skip:2	P01680	natural	human-rust-3481817276-2756620376			shipped-test-skip	human-rust-3481817276-2756620376:shipped-test-skip:2
natural:agent-typescript-3391967160:shipped-test-skip:48	P01681	natural	agent-typescript-3391967160			shipped-test-skip	agent-typescript-3391967160:shipped-test-skip:48
natural:agent-python-3338367670:ruff-python-swallowed:2	P01682	natural	agent-python-3338367670			ruff-python-swallowed	agent-python-3338367670:ruff-python-swallowed:2
natural:agent-python-3327267830:shipped-test-skip:43	P01683	natural	agent-python-3327267830			shipped-test-skip	agent-python-3327267830:shipped-test-skip:43
natural:human-python-3203515928-2644838880:ruff-python-swallowed:3	P01684	natural	human-python-3203515928-2644838880			ruff-python-swallowed	human-python-3203515928-2644838880:ruff-python-swallowed:3
natural:agent-python-3327267830:shipped-escapes:117	P01685	natural	agent-python-3327267830			shipped-escapes	agent-python-3327267830:shipped-escapes:117
natural:human-python-3078818623-2538909715:ruff-python-swallowed:8	P01686	natural	human-python-3078818623-2538909715			ruff-python-swallowed	human-python-3078818623-2538909715:ruff-python-swallowed:8
natural:agent-typescript-3391967160:shipped-test-skip:8	P01687	natural	agent-typescript-3391967160			shipped-test-skip	agent-typescript-3391967160:shipped-test-skip:8
natural:agent-python-3203515928:ruff-python-swallowed:4	P01688	natural	agent-python-3203515928			ruff-python-swallowed	agent-python-3203515928:ruff-python-swallowed:4
natural:human-python-3478506066-2888257815:ruff-python-swallowed:92	P01689	natural	human-python-3478506066-2888257815			ruff-python-swallowed	human-python-3478506066-2888257815:ruff-python-swallowed:92
natural:agent-rust-3465103781:design-registration-bypass:2	P01690	natural	agent-rust-3465103781			design-registration-bypass	agent-rust-3465103781:design-registration-bypass:2
natural:agent-typescript-3391967160:shipped-escapes:16	P01691	natural	agent-typescript-3391967160			shipped-escapes	agent-typescript-3391967160:shipped-escapes:16
natural:agent-typescript-3437109293:shipped-escapes:4	P01692	natural	agent-typescript-3437109293			shipped-escapes	agent-typescript-3437109293:shipped-escapes:4
natural:human-python-3478506066-2888257815:ruff-python-swallowed:185	P01693	natural	human-python-3478506066-2888257815			ruff-python-swallowed	human-python-3478506066-2888257815:ruff-python-swallowed:185
natural:agent-typescript-3248781517:shipped-escapes:1	P01694	natural	agent-typescript-3248781517			shipped-escapes	agent-typescript-3248781517:shipped-escapes:1
natural:human-python-3478506066-2888257815:ruff-python-swallowed:17	P01695	natural	human-python-3478506066-2888257815			ruff-python-swallowed	human-python-3478506066-2888257815:ruff-python-swallowed:17
natural:agent-python-3338367670:ruff-python-swallowed:12	P01696	natural	agent-python-3338367670			ruff-python-swallowed	agent-python-3338367670:ruff-python-swallowed:12
natural:human-python-3338367670-2869308081:ruff-python-swallowed:32	P01697	natural	human-python-3338367670-2869308081			ruff-python-swallowed	human-python-3338367670-2869308081:ruff-python-swallowed:32
natural:human-python-3478506066-2888257815:ruff-python-swallowed:3	P01698	natural	human-python-3478506066-2888257815			ruff-python-swallowed	human-python-3478506066-2888257815:ruff-python-swallowed:3
natural:human-python-3338367670-2869308081:ruff-python-swallowed:166	P01699	natural	human-python-3338367670-2869308081			ruff-python-swallowed	human-python-3338367670-2869308081:ruff-python-swallowed:166
natural:agent-python-3251895270:ruff-python-injection:3	P01700	natural	agent-python-3251895270			ruff-python-injection	agent-python-3251895270:ruff-python-injection:3
natural:human-typescript-3182983420-2724644741:shipped-escapes:20	P01701	natural	human-typescript-3182983420-2724644741			shipped-escapes	human-typescript-3182983420-2724644741:shipped-escapes:20
natural:agent-python-3311111058:shipped-escapes:1	P01702	natural	agent-python-3311111058			shipped-escapes	agent-python-3311111058:shipped-escapes:1
natural:human-python-3260236912-2597771531:new-direct-dependency:12	P01703	natural	human-python-3260236912-2597771531			new-direct-dependency	human-python-3260236912-2597771531:new-direct-dependency:12
natural:human-python-3288751740-2848154600:shipped-escapes:2	P01704	natural	human-python-3288751740-2848154600			shipped-escapes	human-python-3288751740-2848154600:shipped-escapes:2
natural:agent-typescript-3368681439:shipped-escapes:5	P01705	natural	agent-typescript-3368681439			shipped-escapes	agent-typescript-3368681439:shipped-escapes:5
hard-negative:pilot-public-api:w1676:shipped-public-api:w1676	P01706	hard-negative		pilot-public-api	w1676	shipped-public-api	
natural:agent-rust-3538230294:shipped-test-skip:1	P01707	natural	agent-rust-3538230294			shipped-test-skip	agent-rust-3538230294:shipped-test-skip:1
natural:human-python-3338367670-2869308081:ruff-python-swallowed:82	P01708	natural	human-python-3338367670-2869308081			ruff-python-swallowed	human-python-3338367670-2869308081:ruff-python-swallowed:82
natural:human-python-3478506066-2888257815:ruff-python-swallowed:79	P01709	natural	human-python-3478506066-2888257815			ruff-python-swallowed	human-python-3478506066-2888257815:ruff-python-swallowed:79
natural:human-typescript-3089509964-2540072991:shipped-test-skip:8	P01710	natural	human-typescript-3089509964-2540072991			shipped-test-skip	human-typescript-3089509964-2540072991:shipped-test-skip:8
natural:agent-python-3327267830:shipped-test-skip:29	P01711	natural	agent-python-3327267830			shipped-test-skip	agent-python-3327267830:shipped-test-skip:29
natural:agent-typescript-3391967160:shipped-test-skip:18	P01712	natural	agent-typescript-3391967160			shipped-test-skip	agent-typescript-3391967160:shipped-test-skip:18
natural:agent-python-3338367670:ruff-python-swallowed:84	P01713	natural	agent-python-3338367670			ruff-python-swallowed	agent-python-3338367670:ruff-python-swallowed:84
natural:human-typescript-3182983420-2724644741:shipped-test-skip:16	P01714	natural	human-typescript-3182983420-2724644741			shipped-test-skip	human-typescript-3182983420-2724644741:shipped-test-skip:16
natural:agent-typescript-3248259820:shipped-test-skip:2	P01715	natural	agent-typescript-3248259820			shipped-test-skip	agent-typescript-3248259820:shipped-test-skip:2
natural:agent-python-3338367670:ruff-python-swallowed:57	P01716	natural	agent-python-3338367670			ruff-python-swallowed	agent-python-3338367670:ruff-python-swallowed:57
natural:agent-python-3311111058:shipped-test-skip:4	P01717	natural	agent-python-3311111058			shipped-test-skip	agent-python-3311111058:shipped-test-skip:4
natural:agent-python-3327267830:shipped-test-skip:130	P01718	natural	agent-python-3327267830			shipped-test-skip	agent-python-3327267830:shipped-test-skip:130
natural:human-typescript-3332391124-2701990016:shipped-test-skip:10	P01719	natural	human-typescript-3332391124-2701990016			shipped-test-skip	human-typescript-3332391124-2701990016:shipped-test-skip:10
natural:human-python-3441479674-2884784925:new-direct-dependency:2	P01720	natural	human-python-3441479674-2884784925			new-direct-dependency	human-python-3441479674-2884784925:new-direct-dependency:2
natural:agent-python-3327267830:shipped-test-skip:63	P01721	natural	agent-python-3327267830			shipped-test-skip	agent-python-3327267830:shipped-test-skip:63
natural:agent-rust-3086723892:shipped-test-skip:1	P01722	natural	agent-rust-3086723892			shipped-test-skip	agent-rust-3086723892:shipped-test-skip:1
natural:agent-python-3376791991:shipped-escapes:23	P01723	natural	agent-python-3376791991			shipped-escapes	agent-python-3376791991:shipped-escapes:23
natural:human-typescript-3332391124-2701990016:shipped-lockfile:2	P01724	natural	human-typescript-3332391124-2701990016			shipped-lockfile	human-typescript-3332391124-2701990016:shipped-lockfile:2
natural:agent-python-3338367670:ruff-python-injection:1	P01725	natural	agent-python-3338367670			ruff-python-injection	agent-python-3338367670:ruff-python-injection:1
natural:agent-python-3327267830:ruff-python-swallowed:30	P01726	natural	agent-python-3327267830			ruff-python-swallowed	agent-python-3327267830:ruff-python-swallowed:30
natural:agent-python-3327267830:shipped-test-skip:21	P01727	natural	agent-python-3327267830			shipped-test-skip	agent-python-3327267830:shipped-test-skip:21
natural:agent-typescript-3437109293:shipped-test-skip:11	P01728	natural	agent-typescript-3437109293			shipped-test-skip	agent-typescript-3437109293:shipped-test-skip:11
natural:human-typescript-3332391124-2701990016:shipped-test-skip:4	P01729	natural	human-typescript-3332391124-2701990016			shipped-test-skip	human-typescript-3332391124-2701990016:shipped-test-skip:4
natural:human-python-3338367670-2869308081:ruff-python-swallowed:123	P01730	natural	human-python-3338367670-2869308081			ruff-python-swallowed	human-python-3338367670-2869308081:ruff-python-swallowed:123
natural:agent-python-3338367670:ruff-python-swallowed:46	P01731	natural	agent-python-3338367670			ruff-python-swallowed	agent-python-3338367670:ruff-python-swallowed:46
natural:agent-typescript-3437109293:shipped-test-skip:29	P01732	natural	agent-typescript-3437109293			shipped-test-skip	agent-typescript-3437109293:shipped-test-skip:29
natural:agent-python-3327267830:shipped-test-skip:60	P01733	natural	agent-python-3327267830			shipped-test-skip	agent-python-3327267830:shipped-test-skip:60
natural:human-python-3338367670-2869308081:ruff-python-swallowed:69	P01734	natural	human-python-3338367670-2869308081			ruff-python-swallowed	human-python-3338367670-2869308081:ruff-python-swallowed:69
natural:agent-python-3327267830:shipped-escapes:53	P01735	natural	agent-python-3327267830			shipped-escapes	agent-python-3327267830:shipped-escapes:53
natural:agent-python-3327267830:shipped-test-skip:68	P01736	natural	agent-python-3327267830			shipped-test-skip	agent-python-3327267830:shipped-test-skip:68
natural:human-python-3338367670-2869308081:ruff-python-injection:3	P01737	natural	human-python-3338367670-2869308081			ruff-python-injection	human-python-3338367670-2869308081:ruff-python-injection:3
natural:agent-python-3338367670:ruff-python-swallowed:6	P01738	natural	agent-python-3338367670			ruff-python-swallowed	agent-python-3338367670:ruff-python-swallowed:6
natural:agent-python-3467152502:ruff-python-swallowed:15	P01739	natural	agent-python-3467152502			ruff-python-swallowed	agent-python-3467152502:ruff-python-swallowed:15
natural:agent-typescript-3391967160:shipped-test-skip:17	P01740	natural	agent-typescript-3391967160			shipped-test-skip	agent-typescript-3391967160:shipped-test-skip:17
natural:human-python-3338367670-2869308081:ruff-python-swallowed:169	P01741	natural	human-python-3338367670-2869308081			ruff-python-swallowed	human-python-3338367670-2869308081:ruff-python-swallowed:169
natural:agent-python-3327267830:shipped-test-skip:131	P01742	natural	agent-python-3327267830			shipped-test-skip	agent-python-3327267830:shipped-test-skip:131
natural:agent-python-3467152502:ruff-python-swallowed:12	P01743	natural	agent-python-3467152502			ruff-python-swallowed	agent-python-3467152502:ruff-python-swallowed:12
natural:agent-rust-3539106136:shipped-test-skip:4	P01744	natural	agent-rust-3539106136			shipped-test-skip	agent-rust-3539106136:shipped-test-skip:4
natural:agent-python-3260236912:ruff-python-swallowed:14	P01745	natural	agent-python-3260236912			ruff-python-swallowed	agent-python-3260236912:ruff-python-swallowed:14
natural:agent-python-3327267830:shipped-escapes:82	P01746	natural	agent-python-3327267830			shipped-escapes	agent-python-3327267830:shipped-escapes:82
natural:agent-python-3431634736:ruff-python-swallowed:2	P01747	natural	agent-python-3431634736			ruff-python-swallowed	agent-python-3431634736:ruff-python-swallowed:2
natural:human-typescript-3182983420-2724644741:shipped-test-skip:14	P01748	natural	human-typescript-3182983420-2724644741			shipped-test-skip	human-typescript-3182983420-2724644741:shipped-test-skip:14
natural:agent-python-3327267830:shipped-escapes:118	P01749	natural	agent-python-3327267830			shipped-escapes	agent-python-3327267830:shipped-escapes:118
natural:human-python-3260236912-2597771531:ruff-python-swallowed:1	P01750	natural	human-python-3260236912-2597771531			ruff-python-swallowed	human-python-3260236912-2597771531:ruff-python-swallowed:1
natural:human-typescript-3332391124-2701990016:shipped-escapes:8	P01751	natural	human-typescript-3332391124-2701990016			shipped-escapes	human-typescript-3332391124-2701990016:shipped-escapes:8
natural:human-python-3260236912-2597771531:new-direct-dependency:7	P01752	natural	human-python-3260236912-2597771531			new-direct-dependency	human-python-3260236912-2597771531:new-direct-dependency:7
natural:agent-python-3327267830:shipped-test-skip:102	P01753	natural	agent-python-3327267830			shipped-test-skip	agent-python-3327267830:shipped-test-skip:102
natural:agent-python-3376791991:shipped-test-skip:26	P01754	natural	agent-python-3376791991			shipped-test-skip	agent-python-3376791991:shipped-test-skip:26
natural:agent-python-3327267830:shipped-escapes:34	P01755	natural	agent-python-3327267830			shipped-escapes	agent-python-3327267830:shipped-escapes:34
natural:agent-python-3431634736:ruff-python-swallowed:19	P01756	natural	agent-python-3431634736			ruff-python-swallowed	agent-python-3431634736:ruff-python-swallowed:19
natural:agent-python-3338367670:ruff-python-swallowed:53	P01757	natural	agent-python-3338367670			ruff-python-swallowed	agent-python-3338367670:ruff-python-swallowed:53
natural:human-typescript-3089509964-2540072991:shipped-escapes:4	P01758	natural	human-typescript-3089509964-2540072991			shipped-escapes	human-typescript-3089509964-2540072991:shipped-escapes:4
natural:agent-rust-3187718516:test-new-unchecked:7	P01759	natural	agent-rust-3187718516			test-new-unchecked	agent-rust-3187718516:test-new-unchecked:7
natural:human-python-3478506066-2888257815:ruff-python-swallowed:26	P01760	natural	human-python-3478506066-2888257815			ruff-python-swallowed	human-python-3478506066-2888257815:ruff-python-swallowed:26
hard-negative:dependency-evidence-corpus:undeclared-py/legit:new-direct-dependency:pypi:httpx:00001	P01761	hard-negative		dependency-evidence-corpus	undeclared-py/legit	new-direct-dependency	
natural:agent-python-3338367670:ruff-python-swallowed:42	P01762	natural	agent-python-3338367670			ruff-python-swallowed	agent-python-3338367670:ruff-python-swallowed:42
natural:human-python-3078818623-2538909715:ruff-python-swallowed:9	P01763	natural	human-python-3078818623-2538909715			ruff-python-swallowed	human-python-3078818623-2538909715:ruff-python-swallowed:9
natural:agent-typescript-3332391124:shipped-escapes:6	P01764	natural	agent-typescript-3332391124			shipped-escapes	agent-typescript-3332391124:shipped-escapes:6
natural:human-python-3542979851-2924361734:ruff-python-swallowed:2	P01765	natural	human-python-3542979851-2924361734			ruff-python-swallowed	human-python-3542979851-2924361734:ruff-python-swallowed:2
natural:human-python-3478506066-2888257815:ruff-python-swallowed:94	P01766	natural	human-python-3478506066-2888257815			ruff-python-swallowed	human-python-3478506066-2888257815:ruff-python-swallowed:94
natural:human-python-3199112507-2559529133:ruff-python-swallowed:1	P01767	natural	human-python-3199112507-2559529133			ruff-python-swallowed	human-python-3199112507-2559529133:ruff-python-swallowed:1
natural:agent-python-3478506066:ruff-python-swallowed:11	P01768	natural	agent-python-3478506066			ruff-python-swallowed	agent-python-3478506066:ruff-python-swallowed:11
natural:agent-rust-3086723892:shipped-escapes:3	P01769	natural	agent-rust-3086723892			shipped-escapes	agent-rust-3086723892:shipped-escapes:3
natural:agent-rust-3355917270:shipped-test-skip:2	P01770	natural	agent-rust-3355917270			shipped-test-skip	agent-rust-3355917270:shipped-test-skip:2
natural:human-python-3338367670-2869308081:ruff-python-swallowed:160	P01771	natural	human-python-3338367670-2869308081			ruff-python-swallowed	human-python-3338367670-2869308081:ruff-python-swallowed:160
natural:human-python-3478506066-2888257815:ruff-python-swallowed:41	P01772	natural	human-python-3478506066-2888257815			ruff-python-swallowed	human-python-3478506066-2888257815:ruff-python-swallowed:41
natural:human-typescript-3332391124-2701990016:shipped-escapes:1	P01773	natural	human-typescript-3332391124-2701990016			shipped-escapes	human-typescript-3332391124-2701990016:shipped-escapes:1
natural:agent-python-3327267830:shipped-test-skip:129	P01774	natural	agent-python-3327267830			shipped-test-skip	agent-python-3327267830:shipped-test-skip:129
natural:human-typescript-3332391124-2701990016:shipped-escapes:5	P01775	natural	human-typescript-3332391124-2701990016			shipped-escapes	human-typescript-3332391124-2701990016:shipped-escapes:5
natural:human-python-3338367670-2869308081:ruff-python-swallowed:154	P01776	natural	human-python-3338367670-2869308081			ruff-python-swallowed	human-python-3338367670-2869308081:ruff-python-swallowed:154
natural:human-python-3478506066-2888257815:ruff-python-swallowed:141	P01777	natural	human-python-3478506066-2888257815			ruff-python-swallowed	human-python-3478506066-2888257815:ruff-python-swallowed:141
natural:human-python-3478506066-2888257815:ruff-python-swallowed:190	P01778	natural	human-python-3478506066-2888257815			ruff-python-swallowed	human-python-3478506066-2888257815:ruff-python-swallowed:190
hard-negative:ruff-injection-corpus:inj-neg-const:ruff-python-injection:S608:shop/users.py:15:23:Possible SQL injection vector through string-based query construction:00001	P01779	hard-negative		ruff-injection-corpus	inj-neg-const	ruff-python-injection	
natural:agent-typescript-3437109293:shipped-test-skip:7	P01780	natural	agent-typescript-3437109293			shipped-test-skip	agent-typescript-3437109293:shipped-test-skip:7
natural:agent-python-3527845500:ruff-python-swallowed:1	P01781	natural	agent-python-3527845500			ruff-python-swallowed	agent-python-3527845500:ruff-python-swallowed:1
natural:human-python-3338367670-2869308081:ruff-python-swallowed:179	P01782	natural	human-python-3338367670-2869308081			ruff-python-swallowed	human-python-3338367670-2869308081:ruff-python-swallowed:179
natural:human-python-3288751740-2848154600:ruff-python-swallowed:7	P01783	natural	human-python-3288751740-2848154600			ruff-python-swallowed	human-python-3288751740-2848154600:ruff-python-swallowed:7
natural:human-rust-3399286828-2837822341:shipped-public-api:2	P01784	natural	human-rust-3399286828-2837822341			shipped-public-api	human-rust-3399286828-2837822341:shipped-public-api:2
natural:agent-typescript-3437109293:shipped-test-skip:13	P01785	natural	agent-typescript-3437109293			shipped-test-skip	agent-typescript-3437109293:shipped-test-skip:13
natural:agent-python-3338367670:ruff-python-swallowed:68	P01786	natural	agent-python-3338367670			ruff-python-swallowed	agent-python-3338367670:ruff-python-swallowed:68
natural:human-rust-3411560345-2795897816:shipped-test-skip:1	P01787	natural	human-rust-3411560345-2795897816			shipped-test-skip	human-rust-3411560345-2795897816:shipped-test-skip:1
natural:agent-python-3338367670:ruff-python-swallowed:77	P01788	natural	agent-python-3338367670			ruff-python-swallowed	agent-python-3338367670:ruff-python-swallowed:77
natural:human-python-3338367670-2869308081:ruff-python-swallowed:27	P01789	natural	human-python-3338367670-2869308081			ruff-python-swallowed	human-python-3338367670-2869308081:ruff-python-swallowed:27
hard-negative:test-integrity-corpus:integrity-ts/neg-new-smoke:test-new-unchecked:new-test-unchecked:none:src/slug.test.ts:23:00001	P01790	hard-negative		test-integrity-corpus	integrity-ts/neg-new-smoke	test-new-unchecked	
hard-negative:pilot-public-api:w886:shipped-public-api:w886	P01791	hard-negative		pilot-public-api	w886	shipped-public-api	
natural:human-python-3078818623-2538909715:ruff-python-swallowed:5	P01792	natural	human-python-3078818623-2538909715			ruff-python-swallowed	human-python-3078818623-2538909715:ruff-python-swallowed:5
natural:agent-python-3529128652:ruff-python-swallowed:3	P01793	natural	agent-python-3529128652			ruff-python-swallowed	agent-python-3529128652:ruff-python-swallowed:3
natural:human-python-3338367670-2869308081:ruff-python-swallowed:187	P01794	natural	human-python-3338367670-2869308081			ruff-python-swallowed	human-python-3338367670-2869308081:ruff-python-swallowed:187
natural:agent-python-3376791991:shipped-escapes:20	P01795	natural	agent-python-3376791991			shipped-escapes	agent-python-3376791991:shipped-escapes:20
natural:agent-python-3338367670:ruff-python-swallowed:7	P01796	natural	agent-python-3338367670			ruff-python-swallowed	agent-python-3338367670:ruff-python-swallowed:7
natural:agent-python-3327267830:shipped-test-skip:105	P01797	natural	agent-python-3327267830			shipped-test-skip	agent-python-3327267830:shipped-test-skip:105
natural:human-rust-3399286828-2837822341:shipped-public-api:3	P01798	natural	human-rust-3399286828-2837822341			shipped-public-api	human-rust-3399286828-2837822341:shipped-public-api:3
natural:human-python-3338367670-2869308081:ruff-python-swallowed:113	P01799	natural	human-python-3338367670-2869308081			ruff-python-swallowed	human-python-3338367670-2869308081:ruff-python-swallowed:113
natural:agent-typescript-3437109293:shipped-escapes:46	P01800	natural	agent-typescript-3437109293			shipped-escapes	agent-typescript-3437109293:shipped-escapes:46
natural:agent-python-3327267830:shipped-test-skip:95	P01801	natural	agent-python-3327267830			shipped-test-skip	agent-python-3327267830:shipped-test-skip:95
hard-negative:pilot-escapes:w2407:shipped-escapes:w2407	P01802	hard-negative		pilot-escapes	w2407	shipped-escapes	
natural:human-typescript-3182983420-2724644741:shipped-test-skip:6	P01803	natural	human-typescript-3182983420-2724644741			shipped-test-skip	human-typescript-3182983420-2724644741:shipped-test-skip:6
natural:human-python-3467152502-2897921621:ruff-python-swallowed:8	P01804	natural	human-python-3467152502-2897921621			ruff-python-swallowed	human-python-3467152502-2897921621:ruff-python-swallowed:8
natural:agent-rust-3287031579:shipped-escapes:1	P01805	natural	agent-rust-3287031579			shipped-escapes	agent-rust-3287031579:shipped-escapes:1
natural:human-python-3478506066-2888257815:ruff-python-swallowed:62	P01806	natural	human-python-3478506066-2888257815			ruff-python-swallowed	human-python-3478506066-2888257815:ruff-python-swallowed:62
natural:agent-rust-3187718516:shipped-public-api:5	P01807	natural	agent-rust-3187718516			shipped-public-api	agent-rust-3187718516:shipped-public-api:5
natural:human-typescript-3332391124-2701990016:new-direct-dependency:1	P01808	natural	human-typescript-3332391124-2701990016			new-direct-dependency	human-typescript-3332391124-2701990016:new-direct-dependency:1
natural:human-python-3338367670-2869308081:ruff-python-swallowed:182	P01809	natural	human-python-3338367670-2869308081			ruff-python-swallowed	human-python-3338367670-2869308081:ruff-python-swallowed:182
natural:human-python-3338367670-2869308081:ruff-python-swallowed:104	P01810	natural	human-python-3338367670-2869308081			ruff-python-swallowed	human-python-3338367670-2869308081:ruff-python-swallowed:104
natural:agent-python-3467152502:ruff-python-swallowed:7	P01811	natural	agent-python-3467152502			ruff-python-swallowed	agent-python-3467152502:ruff-python-swallowed:7
natural:agent-typescript-3519641294:shipped-escapes:19	P01812	natural	agent-typescript-3519641294			shipped-escapes	agent-typescript-3519641294:shipped-escapes:19
natural:agent-python-3338367670:ruff-python-swallowed:69	P01813	natural	agent-python-3338367670			ruff-python-swallowed	agent-python-3338367670:ruff-python-swallowed:69
natural:agent-python-3338367670:ruff-python-swallowed:8	P01814	natural	agent-python-3338367670			ruff-python-swallowed	agent-python-3338367670:ruff-python-swallowed:8
natural:agent-python-3327267830:shipped-escapes:32	P01815	natural	agent-python-3327267830			shipped-escapes	agent-python-3327267830:shipped-escapes:32
natural:agent-python-3327267830:shipped-test-skip:18	P01816	natural	agent-python-3327267830			shipped-test-skip	agent-python-3327267830:shipped-test-skip:18
natural:agent-python-3327267830:shipped-escapes:136	P01817	natural	agent-python-3327267830			shipped-escapes	agent-python-3327267830:shipped-escapes:136
natural:agent-python-3327267830:shipped-escapes:7	P01818	natural	agent-python-3327267830			shipped-escapes	agent-python-3327267830:shipped-escapes:7
natural:human-rust-3481817276-2756620376:shipped-escapes:4	P01819	natural	human-rust-3481817276-2756620376			shipped-escapes	human-rust-3481817276-2756620376:shipped-escapes:4
natural:agent-python-3327267830:shipped-test-skip:78	P01820	natural	agent-python-3327267830			shipped-test-skip	agent-python-3327267830:shipped-test-skip:78
natural:human-python-3078818623-2538909715:ruff-python-swallowed:6	P01821	natural	human-python-3078818623-2538909715			ruff-python-swallowed	human-python-3078818623-2538909715:ruff-python-swallowed:6
natural:human-python-3338367670-2869308081:ruff-python-swallowed:10	P01822	natural	human-python-3338367670-2869308081			ruff-python-swallowed	human-python-3338367670-2869308081:ruff-python-swallowed:10
natural:agent-python-3327267830:shipped-escapes:41	P01823	natural	agent-python-3327267830			shipped-escapes	agent-python-3327267830:shipped-escapes:41
natural:agent-python-3327267830:shipped-escapes:21	P01824	natural	agent-python-3327267830			shipped-escapes	agent-python-3327267830:shipped-escapes:21
natural:agent-rust-3187718516:test-new-unchecked:1	P01825	natural	agent-rust-3187718516			test-new-unchecked	agent-rust-3187718516:test-new-unchecked:1
natural:agent-python-3327267830:shipped-escapes:97	P01826	natural	agent-python-3327267830			shipped-escapes	agent-python-3327267830:shipped-escapes:97
natural:agent-python-3327267830:shipped-test-skip:125	P01827	natural	agent-python-3327267830			shipped-test-skip	agent-python-3327267830:shipped-test-skip:125
natural:agent-rust-3187718516:shipped-escapes:7	P01828	natural	agent-rust-3187718516			shipped-escapes	agent-rust-3187718516:shipped-escapes:7
natural:agent-python-3327267830:shipped-escapes:61	P01829	natural	agent-python-3327267830			shipped-escapes	agent-python-3327267830:shipped-escapes:61
natural:agent-python-3327267830:shipped-test-skip:117	P01830	natural	agent-python-3327267830			shipped-test-skip	agent-python-3327267830:shipped-test-skip:117
natural:agent-python-3327267830:shipped-test-skip:120	P01831	natural	agent-python-3327267830			shipped-test-skip	agent-python-3327267830:shipped-test-skip:120
natural:agent-typescript-2836523710:new-direct-dependency:12	P01832	natural	agent-typescript-2836523710			new-direct-dependency	agent-typescript-2836523710:new-direct-dependency:12
natural:human-python-3478506066-2888257815:ruff-python-swallowed:155	P01833	natural	human-python-3478506066-2888257815			ruff-python-swallowed	human-python-3478506066-2888257815:ruff-python-swallowed:155
natural:agent-python-3327267830:ruff-python-swallowed:9	P01834	natural	agent-python-3327267830			ruff-python-swallowed	agent-python-3327267830:ruff-python-swallowed:9
natural:agent-typescript-3437109293:design-family-bypass:4	P01835	natural	agent-typescript-3437109293			design-family-bypass	agent-typescript-3437109293:design-family-bypass:4
natural:agent-python-3327267830:shipped-escapes:25	P01836	natural	agent-python-3327267830			shipped-escapes	agent-python-3327267830:shipped-escapes:25
natural:human-python-3260236912-2597771531:ruff-python-swallowed:2	P01837	natural	human-python-3260236912-2597771531			ruff-python-swallowed	human-python-3260236912-2597771531:ruff-python-swallowed:2
natural:agent-python-3338367670:error-broad-handler:6	P01838	natural	agent-python-3338367670			error-broad-handler	agent-python-3338367670:error-broad-handler:6
natural:human-rust-3220390592-2761879068:shipped-test-skip:1	P01839	natural	human-rust-3220390592-2761879068			shipped-test-skip	human-rust-3220390592-2761879068:shipped-test-skip:1
natural:agent-python-3338367670:ruff-python-swallowed:87	P01840	natural	agent-python-3338367670			ruff-python-swallowed	agent-python-3338367670:ruff-python-swallowed:87
hard-negative:pilot-complexity:w248:shipped-complexity:w248	P01841	hard-negative		pilot-complexity	w248	shipped-complexity	
natural:human-typescript-3286267234-2715577169:shipped-test-skip:4	P01842	natural	human-typescript-3286267234-2715577169			shipped-test-skip	human-typescript-3286267234-2715577169:shipped-test-skip:4
natural:human-python-3338367670-2869308081:ruff-python-swallowed:21	P01843	natural	human-python-3338367670-2869308081			ruff-python-swallowed	human-python-3338367670-2869308081:ruff-python-swallowed:21
natural:agent-python-3431634736:error-broad-handler:6	P01844	natural	agent-python-3431634736			error-broad-handler	agent-python-3431634736:error-broad-handler:6
natural:agent-python-3376791991:shipped-test-skip:2	P01845	natural	agent-python-3376791991			shipped-test-skip	agent-python-3376791991:shipped-test-skip:2
natural:human-python-3338367670-2869308081:ruff-python-swallowed:84	P01846	natural	human-python-3338367670-2869308081			ruff-python-swallowed	human-python-3338367670-2869308081:ruff-python-swallowed:84
natural:agent-python-3338367670:error-broad-handler:5	P01847	natural	agent-python-3338367670			error-broad-handler	agent-python-3338367670:error-broad-handler:5
natural:agent-python-3327267830:shipped-test-skip:142	P01848	natural	agent-python-3327267830			shipped-test-skip	agent-python-3327267830:shipped-test-skip:142
natural:agent-python-3327267830:shipped-escapes:10	P01849	natural	agent-python-3327267830			shipped-escapes	agent-python-3327267830:shipped-escapes:10
natural:human-python-3338367670-2869308081:ruff-python-swallowed:153	P01850	natural	human-python-3338367670-2869308081			ruff-python-swallowed	human-python-3338367670-2869308081:ruff-python-swallowed:153
natural:human-python-3338367670-2869308081:ruff-python-swallowed:117	P01851	natural	human-python-3338367670-2869308081			ruff-python-swallowed	human-python-3338367670-2869308081:ruff-python-swallowed:117
natural:human-python-3478506066-2888257815:ruff-python-swallowed:158	P01852	natural	human-python-3478506066-2888257815			ruff-python-swallowed	human-python-3478506066-2888257815:ruff-python-swallowed:158
natural:human-python-3467152502-2897921621:ruff-python-swallowed:9	P01853	natural	human-python-3467152502-2897921621			ruff-python-swallowed	human-python-3467152502-2897921621:ruff-python-swallowed:9
natural:agent-python-3327267830:shipped-escapes:112	P01854	natural	agent-python-3327267830			shipped-escapes	agent-python-3327267830:shipped-escapes:112
natural:agent-python-3327267830:shipped-escapes:116	P01855	natural	agent-python-3327267830			shipped-escapes	agent-python-3327267830:shipped-escapes:116
natural:agent-rust-3534175512:shipped-dead-symbols:2	P01856	natural	agent-rust-3534175512			shipped-dead-symbols	agent-rust-3534175512:shipped-dead-symbols:2
natural:human-python-3338367670-2869308081:ruff-python-swallowed:65	P01857	natural	human-python-3338367670-2869308081			ruff-python-swallowed	human-python-3338367670-2869308081:ruff-python-swallowed:65
natural:agent-typescript-3391967160:shipped-test-skip:44	P01858	natural	agent-typescript-3391967160			shipped-test-skip	agent-typescript-3391967160:shipped-test-skip:44
natural:agent-rust-3541394251:new-direct-dependency:1	P01859	natural	agent-rust-3541394251			new-direct-dependency	agent-rust-3541394251:new-direct-dependency:1
natural:agent-python-3203515928:ruff-python-swallowed:6	P01860	natural	agent-python-3203515928			ruff-python-swallowed	agent-python-3203515928:ruff-python-swallowed:6
hard-negative:pilot-escapes:w069:shipped-escapes:w069	P01861	hard-negative		pilot-escapes	w069	shipped-escapes	
natural:human-python-3478506066-2888257815:ruff-python-swallowed:162	P01862	natural	human-python-3478506066-2888257815			ruff-python-swallowed	human-python-3478506066-2888257815:ruff-python-swallowed:162
natural:human-python-3338367670-2869308081:ruff-python-swallowed:9	P01863	natural	human-python-3338367670-2869308081			ruff-python-swallowed	human-python-3338367670-2869308081:ruff-python-swallowed:9
natural:agent-typescript-3437109293:shipped-escapes:12	P01864	natural	agent-typescript-3437109293			shipped-escapes	agent-typescript-3437109293:shipped-escapes:12
natural:agent-typescript-3332391124:shipped-test-skip:4	P01865	natural	agent-typescript-3332391124			shipped-test-skip	agent-typescript-3332391124:shipped-test-skip:4
natural:human-python-3288751740-2848154600:ruff-python-swallowed:6	P01866	natural	human-python-3288751740-2848154600			ruff-python-swallowed	human-python-3288751740-2848154600:ruff-python-swallowed:6
natural:agent-python-3327267830:shipped-escapes:90	P01867	natural	agent-python-3327267830			shipped-escapes	agent-python-3327267830:shipped-escapes:90
hard-negative:dependency-evidence-corpus:undeclared-py/neg-requirements:new-direct-dependency:pypi:rich:00001	P01868	hard-negative		dependency-evidence-corpus	undeclared-py/neg-requirements	new-direct-dependency	
natural:agent-python-3327267830:shipped-escapes:89	P01869	natural	agent-python-3327267830			shipped-escapes	agent-python-3327267830:shipped-escapes:89
natural:agent-python-3327267830:shipped-test-skip:50	P01870	natural	agent-python-3327267830			shipped-test-skip	agent-python-3327267830:shipped-test-skip:50
natural:agent-python-3327267830:shipped-test-skip:109	P01871	natural	agent-python-3327267830			shipped-test-skip	agent-python-3327267830:shipped-test-skip:109
natural:human-rust-3303211080-2730099339:new-direct-dependency:7	P01872	natural	human-rust-3303211080-2730099339			new-direct-dependency	human-rust-3303211080-2730099339:new-direct-dependency:7
natural:agent-python-3527845500:ruff-python-swallowed:10	P01873	natural	agent-python-3527845500			ruff-python-swallowed	agent-python-3527845500:ruff-python-swallowed:10
natural:human-rust-3220390592-2761879068:shipped-escapes:1	P01874	natural	human-rust-3220390592-2761879068			shipped-escapes	human-rust-3220390592-2761879068:shipped-escapes:1
natural:agent-python-3327267830:ruff-python-swallowed:42	P01875	natural	agent-python-3327267830			ruff-python-swallowed	agent-python-3327267830:ruff-python-swallowed:42
natural:human-python-3478506066-2888257815:ruff-python-swallowed:181	P01876	natural	human-python-3478506066-2888257815			ruff-python-swallowed	human-python-3478506066-2888257815:ruff-python-swallowed:181
natural:agent-typescript-3437109293:shipped-test-skip:32	P01877	natural	agent-typescript-3437109293			shipped-test-skip	agent-typescript-3437109293:shipped-test-skip:32
natural:agent-python-3338367670:ruff-python-swallowed:45	P01878	natural	agent-python-3338367670			ruff-python-swallowed	agent-python-3338367670:ruff-python-swallowed:45
natural:human-python-3338367670-2869308081:ruff-python-swallowed:45	P01879	natural	human-python-3338367670-2869308081			ruff-python-swallowed	human-python-3338367670-2869308081:ruff-python-swallowed:45
natural:agent-python-3327267830:ruff-python-swallowed:18	P01880	natural	agent-python-3327267830			ruff-python-swallowed	agent-python-3327267830:ruff-python-swallowed:18
natural:agent-python-3327267830:shipped-escapes:36	P01881	natural	agent-python-3327267830			shipped-escapes	agent-python-3327267830:shipped-escapes:36
natural:human-python-3478506066-2888257815:ruff-python-swallowed:19	P01882	natural	human-python-3478506066-2888257815			ruff-python-swallowed	human-python-3478506066-2888257815:ruff-python-swallowed:19
natural:agent-python-3327267830:ruff-python-swallowed:13	P01883	natural	agent-python-3327267830			ruff-python-swallowed	agent-python-3327267830:ruff-python-swallowed:13
natural:agent-python-3327267830:shipped-test-skip:98	P01884	natural	agent-python-3327267830			shipped-test-skip	agent-python-3327267830:shipped-test-skip:98
natural:human-python-3478506066-2888257815:ruff-python-swallowed:54	P01885	natural	human-python-3478506066-2888257815			ruff-python-swallowed	human-python-3478506066-2888257815:ruff-python-swallowed:54
natural:agent-typescript-3437109293:shipped-escapes:20	P01886	natural	agent-typescript-3437109293			shipped-escapes	agent-typescript-3437109293:shipped-escapes:20
natural:agent-python-3311111058:shipped-test-skip:2	P01887	natural	agent-python-3311111058			shipped-test-skip	agent-python-3311111058:shipped-test-skip:2
natural:agent-typescript-3437109293:design-component-cycle:1	P01888	natural	agent-typescript-3437109293			design-component-cycle	agent-typescript-3437109293:design-component-cycle:1
natural:human-python-3288751740-2848154600:ruff-python-swallowed:17	P01889	natural	human-python-3288751740-2848154600			ruff-python-swallowed	human-python-3288751740-2848154600:ruff-python-swallowed:17
natural:human-python-3478506066-2888257815:ruff-python-swallowed:82	P01890	natural	human-python-3478506066-2888257815			ruff-python-swallowed	human-python-3478506066-2888257815:ruff-python-swallowed:82
natural:agent-python-3327267830:shipped-test-skip:46	P01891	natural	agent-python-3327267830			shipped-test-skip	agent-python-3327267830:shipped-test-skip:46
natural:agent-python-3327267830:shipped-test-skip:15	P01892	natural	agent-python-3327267830			shipped-test-skip	agent-python-3327267830:shipped-test-skip:15
natural:agent-python-3338367670:ruff-python-swallowed:74	P01893	natural	agent-python-3338367670			ruff-python-swallowed	agent-python-3338367670:ruff-python-swallowed:74
natural:human-python-3338367670-2869308081:ruff-python-swallowed:142	P01894	natural	human-python-3338367670-2869308081			ruff-python-swallowed	human-python-3338367670-2869308081:ruff-python-swallowed:142
natural:human-python-3478506066-2888257815:ruff-python-swallowed:109	P01895	natural	human-python-3478506066-2888257815			ruff-python-swallowed	human-python-3478506066-2888257815:ruff-python-swallowed:109
natural:agent-python-3327267830:shipped-test-skip:1	P01896	natural	agent-python-3327267830			shipped-test-skip	agent-python-3327267830:shipped-test-skip:1
natural:agent-typescript-3120892058:shipped-test-skip:2	P01897	natural	agent-typescript-3120892058			shipped-test-skip	agent-typescript-3120892058:shipped-test-skip:2
natural:agent-python-3327267830:ruff-python-swallowed:5	P01898	natural	agent-python-3327267830			ruff-python-swallowed	agent-python-3327267830:ruff-python-swallowed:5
natural:agent-rust-3311772882:shipped-escapes:3	P01899	natural	agent-rust-3311772882			shipped-escapes	agent-rust-3311772882:shipped-escapes:3
hard-negative:test-integrity-corpus:integrity-rs/neg-determinism:test-new-unchecked:new-test-unchecked:tautology-only:src/lib.rs:41:00001	P01900	hard-negative		test-integrity-corpus	integrity-rs/neg-determinism	test-new-unchecked	
natural:human-python-3311111058-2700121316:new-direct-dependency:1	P01901	natural	human-python-3311111058-2700121316			new-direct-dependency	human-python-3311111058-2700121316:new-direct-dependency:1
natural:agent-typescript-3437109293:design-family-bypass:8	P01902	natural	agent-typescript-3437109293			design-family-bypass	agent-typescript-3437109293:design-family-bypass:8
natural:agent-python-3327267830:shipped-test-skip:146	P01903	natural	agent-python-3327267830			shipped-test-skip	agent-python-3327267830:shipped-test-skip:146
natural:agent-python-3327267830:shipped-escapes:63	P01904	natural	agent-python-3327267830			shipped-escapes	agent-python-3327267830:shipped-escapes:63
natural:agent-rust-3086723892:shipped-test-skip:3	P01905	natural	agent-rust-3086723892			shipped-test-skip	agent-rust-3086723892:shipped-test-skip:3
natural:agent-python-3327267830:shipped-test-skip:111	P01906	natural	agent-python-3327267830			shipped-test-skip	agent-python-3327267830:shipped-test-skip:111
natural:human-python-3338367670-2869308081:ruff-python-swallowed:31	P01907	natural	human-python-3338367670-2869308081			ruff-python-swallowed	human-python-3338367670-2869308081:ruff-python-swallowed:31
natural:human-typescript-3089509964-2540072991:shipped-escapes:8	P01908	natural	human-typescript-3089509964-2540072991			shipped-escapes	human-typescript-3089509964-2540072991:shipped-escapes:8
natural:agent-typescript-3437109293:shipped-test-skip:41	P01909	natural	agent-typescript-3437109293			shipped-test-skip	agent-typescript-3437109293:shipped-test-skip:41
natural:human-python-3478506066-2888257815:ruff-python-swallowed:97	P01910	natural	human-python-3478506066-2888257815			ruff-python-swallowed	human-python-3478506066-2888257815:ruff-python-swallowed:97
natural:human-python-3478506066-2888257815:ruff-python-swallowed:131	P01911	natural	human-python-3478506066-2888257815			ruff-python-swallowed	human-python-3478506066-2888257815:ruff-python-swallowed:131
natural:agent-typescript-3437109293:shipped-escapes:50	P01912	natural	agent-typescript-3437109293			shipped-escapes	agent-typescript-3437109293:shipped-escapes:50
natural:agent-rust-3187718516:shipped-escapes:6	P01913	natural	agent-rust-3187718516			shipped-escapes	agent-rust-3187718516:shipped-escapes:6
natural:agent-python-3251895270:ruff-python-injection:1	P01914	natural	agent-python-3251895270			ruff-python-injection	agent-python-3251895270:ruff-python-injection:1
natural:agent-python-3327267830:shipped-test-skip:55	P01915	natural	agent-python-3327267830			shipped-test-skip	agent-python-3327267830:shipped-test-skip:55
natural:agent-rust-3465103781:shipped-module-cycle:1	P01916	natural	agent-rust-3465103781			shipped-module-cycle	agent-rust-3465103781:shipped-module-cycle:1
natural:human-python-3327267830-2644922867:ruff-python-swallowed:4	P01917	natural	human-python-3327267830-2644922867			ruff-python-swallowed	human-python-3327267830-2644922867:ruff-python-swallowed:4
natural:human-python-3338367670-2869308081:ruff-python-injection:2	P01918	natural	human-python-3338367670-2869308081			ruff-python-injection	human-python-3338367670-2869308081:ruff-python-injection:2
natural:agent-typescript-2836523710:new-direct-dependency:5	P01919	natural	agent-typescript-2836523710			new-direct-dependency	agent-typescript-2836523710:new-direct-dependency:5
natural:agent-python-3327267830:shipped-escapes:74	P01920	natural	agent-python-3327267830			shipped-escapes	agent-python-3327267830:shipped-escapes:74
natural:agent-rust-3465103781:shipped-module-cycle:2	P01921	natural	agent-rust-3465103781			shipped-module-cycle	agent-rust-3465103781:shipped-module-cycle:2
natural:agent-typescript-3357327691:shipped-test-skip:2	P01922	natural	agent-typescript-3357327691			shipped-test-skip	agent-typescript-3357327691:shipped-test-skip:2
natural:agent-python-3327267830:shipped-escapes:133	P01923	natural	agent-python-3327267830			shipped-escapes	agent-python-3327267830:shipped-escapes:133
natural:human-rust-3399286828-2837822341:shipped-public-api:4	P01924	natural	human-rust-3399286828-2837822341			shipped-public-api	human-rust-3399286828-2837822341:shipped-public-api:4
natural:agent-typescript-2822630272:shipped-lockfile:1	P01925	natural	agent-typescript-2822630272			shipped-lockfile	agent-typescript-2822630272:shipped-lockfile:1
natural:human-python-3478506066-2888257815:ruff-python-swallowed:1	P01926	natural	human-python-3478506066-2888257815			ruff-python-swallowed	human-python-3478506066-2888257815:ruff-python-swallowed:1
natural:agent-python-3140874272:shipped-test-skip:1	P01927	natural	agent-python-3140874272			shipped-test-skip	agent-python-3140874272:shipped-test-skip:1
natural:human-python-3204494611-2708043208:ruff-python-swallowed:1	P01928	natural	human-python-3204494611-2708043208			ruff-python-swallowed	human-python-3204494611-2708043208:ruff-python-swallowed:1
hard-negative:pilot-public-api:w1421:shipped-public-api:w1421	P01929	hard-negative		pilot-public-api	w1421	shipped-public-api	
natural:agent-typescript-3519641294:shipped-escapes:6	P01930	natural	agent-typescript-3519641294			shipped-escapes	agent-typescript-3519641294:shipped-escapes:6
natural:agent-python-3327267830:shipped-test-skip:65	P01931	natural	agent-python-3327267830			shipped-test-skip	agent-python-3327267830:shipped-test-skip:65
natural:agent-rust-2987499469:shipped-test-skip:1	P01932	natural	agent-rust-2987499469			shipped-test-skip	agent-rust-2987499469:shipped-test-skip:1
hard-negative:pilot-public-api:w1479:shipped-public-api:w1479	P01933	hard-negative		pilot-public-api	w1479	shipped-public-api	
natural:human-python-3478506066-2888257815:ruff-python-swallowed:2	P01934	natural	human-python-3478506066-2888257815			ruff-python-swallowed	human-python-3478506066-2888257815:ruff-python-swallowed:2
natural:agent-typescript-3519641294:shipped-escapes:7	P01935	natural	agent-typescript-3519641294			shipped-escapes	agent-typescript-3519641294:shipped-escapes:7
natural:human-python-3338367670-2869308081:error-broad-handler:4	P01936	natural	human-python-3338367670-2869308081			error-broad-handler	human-python-3338367670-2869308081:error-broad-handler:4
natural:agent-python-3478506066:ruff-python-swallowed:2	P01937	natural	agent-python-3478506066			ruff-python-swallowed	agent-python-3478506066:ruff-python-swallowed:2
natural:human-typescript-3182983420-2724644741:shipped-escapes:7	P01938	natural	human-typescript-3182983420-2724644741			shipped-escapes	human-typescript-3182983420-2724644741:shipped-escapes:7
natural:agent-rust-3541403320:shipped-escapes:2	P01939	natural	agent-rust-3541403320			shipped-escapes	agent-rust-3541403320:shipped-escapes:2
natural:agent-python-3376791991:shipped-test-skip:23	P01940	natural	agent-python-3376791991			shipped-test-skip	agent-python-3376791991:shipped-test-skip:23
natural:agent-python-3441479674:ruff-python-swallowed:1	P01941	natural	agent-python-3441479674			ruff-python-swallowed	agent-python-3441479674:ruff-python-swallowed:1
natural:human-python-3338367670-2869308081:ruff-python-swallowed:178	P01942	natural	human-python-3338367670-2869308081			ruff-python-swallowed	human-python-3338367670-2869308081:ruff-python-swallowed:178
natural:agent-python-3431634736:shipped-test-skip:1	P01943	natural	agent-python-3431634736			shipped-test-skip	agent-python-3431634736:shipped-test-skip:1
hard-negative:pilot-complexity:w2199:shipped-complexity:w2199	P01944	hard-negative		pilot-complexity	w2199	shipped-complexity	
natural:agent-typescript-3437109293:shipped-test-skip:10	P01945	natural	agent-typescript-3437109293			shipped-test-skip	agent-typescript-3437109293:shipped-test-skip:10
natural:human-python-3078479848-2532899281:ruff-python-swallowed:4	P01946	natural	human-python-3078479848-2532899281			ruff-python-swallowed	human-python-3078479848-2532899281:ruff-python-swallowed:4
natural:agent-python-3338367670:ruff-python-injection:3	P01947	natural	agent-python-3338367670			ruff-python-injection	agent-python-3338367670:ruff-python-injection:3
natural:agent-python-3260236912:ruff-python-swallowed:3	P01948	natural	agent-python-3260236912			ruff-python-swallowed	agent-python-3260236912:ruff-python-swallowed:3
natural:human-python-3338367670-2869308081:ruff-python-swallowed:96	P01949	natural	human-python-3338367670-2869308081			ruff-python-swallowed	human-python-3338367670-2869308081:ruff-python-swallowed:96
natural:agent-python-3376791991:shipped-escapes:15	P01950	natural	agent-python-3376791991			shipped-escapes	agent-python-3376791991:shipped-escapes:15
natural:human-python-3467152502-2897921621:ruff-python-swallowed:18	P01951	natural	human-python-3467152502-2897921621			ruff-python-swallowed	human-python-3467152502-2897921621:ruff-python-swallowed:18
natural:human-rust-3303211080-2730099339:new-direct-dependency:4	P01952	natural	human-rust-3303211080-2730099339			new-direct-dependency	human-rust-3303211080-2730099339:new-direct-dependency:4
hard-negative:pilot-complexity:w2264:shipped-complexity:w2264	P01953	hard-negative		pilot-complexity	w2264	shipped-complexity	
natural:human-python-3338367670-2869308081:ruff-python-swallowed:58	P01954	natural	human-python-3338367670-2869308081			ruff-python-swallowed	human-python-3338367670-2869308081:ruff-python-swallowed:58
natural:human-python-3260236912-2597771531:new-direct-dependency:8	P01955	natural	human-python-3260236912-2597771531			new-direct-dependency	human-python-3260236912-2597771531:new-direct-dependency:8
natural:human-typescript-3332391124-2701990016:shipped-escapes:6	P01956	natural	human-typescript-3332391124-2701990016			shipped-escapes	human-typescript-3332391124-2701990016:shipped-escapes:6
natural:human-python-3478506066-2888257815:ruff-python-swallowed:154	P01957	natural	human-python-3478506066-2888257815			ruff-python-swallowed	human-python-3478506066-2888257815:ruff-python-swallowed:154
natural:agent-typescript-3391967160:shipped-escapes:41	P01958	natural	agent-typescript-3391967160			shipped-escapes	agent-typescript-3391967160:shipped-escapes:41
natural:agent-typescript-2822630272:new-direct-dependency:1	P01959	natural	agent-typescript-2822630272			new-direct-dependency	agent-typescript-2822630272:new-direct-dependency:1
natural:agent-python-3441479674:ruff-python-swallowed:2	P01960	natural	agent-python-3441479674			ruff-python-swallowed	agent-python-3441479674:ruff-python-swallowed:2
natural:human-typescript-3182983420-2724644741:shipped-test-skip:21	P01961	natural	human-typescript-3182983420-2724644741			shipped-test-skip	human-typescript-3182983420-2724644741:shipped-test-skip:21
natural:human-typescript-3332391124-2701990016:shipped-test-skip:2	P01962	natural	human-typescript-3332391124-2701990016			shipped-test-skip	human-typescript-3332391124-2701990016:shipped-test-skip:2
natural:agent-rust-3465103781:design-registration-bypass:5	P01963	natural	agent-rust-3465103781			design-registration-bypass	agent-rust-3465103781:design-registration-bypass:5
natural:agent-typescript-3391967160:shipped-test-skip:42	P01964	natural	agent-typescript-3391967160			shipped-test-skip	agent-typescript-3391967160:shipped-test-skip:42
natural:agent-python-3260236912:shipped-test-skip:1	P01965	natural	agent-python-3260236912			shipped-test-skip	agent-python-3260236912:shipped-test-skip:1
natural:human-python-3260236912-2597771531:shipped-test-skip:1	P01966	natural	human-python-3260236912-2597771531			shipped-test-skip	human-python-3260236912-2597771531:shipped-test-skip:1
natural:agent-python-3078479848:ruff-python-swallowed:1	P01967	natural	agent-python-3078479848			ruff-python-swallowed	agent-python-3078479848:ruff-python-swallowed:1
natural:agent-python-3435741365:shipped-escapes:2	P01968	natural	agent-python-3435741365			shipped-escapes	agent-python-3435741365:shipped-escapes:2
natural:human-typescript-3332391124-2701990016:shipped-escapes:3	P01969	natural	human-typescript-3332391124-2701990016			shipped-escapes	human-typescript-3332391124-2701990016:shipped-escapes:3
natural:agent-python-3376791991:shipped-test-skip:3	P01970	natural	agent-python-3376791991			shipped-test-skip	agent-python-3376791991:shipped-test-skip:3
natural:agent-python-3376791991:shipped-test-skip:8	P01971	natural	agent-python-3376791991			shipped-test-skip	agent-python-3376791991:shipped-test-skip:8
natural:human-python-3478506066-2888257815:ruff-python-swallowed:169	P01972	natural	human-python-3478506066-2888257815			ruff-python-swallowed	human-python-3478506066-2888257815:ruff-python-swallowed:169
natural:agent-python-3327267830:ruff-python-swallowed:16	P01973	natural	agent-python-3327267830			ruff-python-swallowed	agent-python-3327267830:ruff-python-swallowed:16
natural:agent-python-3311111058:shipped-test-skip:6	P01974	natural	agent-python-3311111058			shipped-test-skip	agent-python-3311111058:shipped-test-skip:6
natural:human-python-3338367670-2869308081:ruff-python-swallowed:109	P01975	natural	human-python-3338367670-2869308081			ruff-python-swallowed	human-python-3338367670-2869308081:ruff-python-swallowed:109
natural:human-python-3478506066-2888257815:ruff-python-swallowed:102	P01976	natural	human-python-3478506066-2888257815			ruff-python-swallowed	human-python-3478506066-2888257815:ruff-python-swallowed:102
natural:agent-rust-3187718516:test-new-unchecked:14	P01977	natural	agent-rust-3187718516			test-new-unchecked	agent-rust-3187718516:test-new-unchecked:14
natural:agent-python-3478506066:ruff-python-swallowed:17	P01978	natural	agent-python-3478506066			ruff-python-swallowed	agent-python-3478506066:ruff-python-swallowed:17
natural:agent-typescript-3248259820:shipped-escapes:2	P01979	natural	agent-typescript-3248259820			shipped-escapes	agent-typescript-3248259820:shipped-escapes:2
natural:agent-python-3376791991:shipped-escapes:8	P01980	natural	agent-python-3376791991			shipped-escapes	agent-python-3376791991:shipped-escapes:8
natural:human-python-3338367670-2869308081:ruff-python-swallowed:17	P01981	natural	human-python-3338367670-2869308081			ruff-python-swallowed	human-python-3338367670-2869308081:ruff-python-swallowed:17
natural:human-python-3199112507-2559529133:error-broad-handler:1	P01982	natural	human-python-3199112507-2559529133			error-broad-handler	human-python-3199112507-2559529133:error-broad-handler:1
natural:agent-typescript-3391967160:shipped-test-skip:34	P01983	natural	agent-typescript-3391967160			shipped-test-skip	agent-typescript-3391967160:shipped-test-skip:34
natural:human-rust-3070149818-2405390894:new-direct-dependency:1	P01984	natural	human-rust-3070149818-2405390894			new-direct-dependency	human-rust-3070149818-2405390894:new-direct-dependency:1
natural:agent-typescript-3437109293:shipped-test-skip:14	P01985	natural	agent-typescript-3437109293			shipped-test-skip	agent-typescript-3437109293:shipped-test-skip:14
natural:agent-python-3327267830:shipped-escapes:4	P01986	natural	agent-python-3327267830			shipped-escapes	agent-python-3327267830:shipped-escapes:4
natural:human-python-3478506066-2888257815:ruff-python-swallowed:63	P01987	natural	human-python-3478506066-2888257815			ruff-python-swallowed	human-python-3478506066-2888257815:ruff-python-swallowed:63
hard-negative:pilot-public-api:w350:shipped-public-api:w350	P01988	hard-negative		pilot-public-api	w350	shipped-public-api	
natural:agent-python-3327267830:shipped-escapes:6	P01989	natural	agent-python-3327267830			shipped-escapes	agent-python-3327267830:shipped-escapes:6
natural:agent-python-3338367670:ruff-python-swallowed:82	P01990	natural	agent-python-3338367670			ruff-python-swallowed	agent-python-3338367670:ruff-python-swallowed:82
natural:agent-python-3327267830:shipped-test-skip:136	P01991	natural	agent-python-3327267830			shipped-test-skip	agent-python-3327267830:shipped-test-skip:136
hard-negative:pilot-public-api:w1410:shipped-public-api:w1410	P01992	hard-negative		pilot-public-api	w1410	shipped-public-api	
natural:agent-typescript-3332391124:shipped-escapes:7	P01993	natural	agent-typescript-3332391124			shipped-escapes	agent-typescript-3332391124:shipped-escapes:7
hard-negative:pilot-public-api:w1002:shipped-public-api:w1002	P01994	hard-negative		pilot-public-api	w1002	shipped-public-api	
hard-negative:pilot-public-api:w2111:shipped-public-api:w2111	P01995	hard-negative		pilot-public-api	w2111	shipped-public-api	
natural:agent-python-3327267830:shipped-test-skip:137	P01996	natural	agent-python-3327267830			shipped-test-skip	agent-python-3327267830:shipped-test-skip:137
natural:agent-python-3338367670:ruff-python-injection:2	P01997	natural	agent-python-3338367670			ruff-python-injection	agent-python-3338367670:ruff-python-injection:2
hard-negative:pilot-complexity:w657:shipped-complexity:w657	P01998	hard-negative		pilot-complexity	w657	shipped-complexity	
natural:human-python-3338367670-2869308081:ruff-python-swallowed:6	P01999	natural	human-python-3338367670-2869308081			ruff-python-swallowed	human-python-3338367670-2869308081:ruff-python-swallowed:6
natural:agent-typescript-3391967160:shipped-test-skip:38	P02000	natural	agent-typescript-3391967160			shipped-test-skip	agent-typescript-3391967160:shipped-test-skip:38
natural:agent-python-3327267830:shipped-test-skip:108	P02001	natural	agent-python-3327267830			shipped-test-skip	agent-python-3327267830:shipped-test-skip:108
hard-negative:pilot-complexity:w759:shipped-complexity:w759	P02002	hard-negative		pilot-complexity	w759	shipped-complexity	
natural:human-typescript-3332391124-2701990016:shipped-escapes:2	P02003	natural	human-typescript-3332391124-2701990016			shipped-escapes	human-typescript-3332391124-2701990016:shipped-escapes:2
natural:agent-typescript-3391967160:shipped-test-skip:37	P02004	natural	agent-typescript-3391967160			shipped-test-skip	agent-typescript-3391967160:shipped-test-skip:37
hard-negative:design-conformance-corpus:payments-rs/neg-migration:design-family-bypass:family-bypass:src/notify/slack.rs:3:SlackNotifier in src/notify/ declares `*notifier` like 3 sibling files, 2 of which implement LegacyNotifier; is named `*Notifier` like 2 members; it does not implement LegacyNotifier, which 2 of 4 sibling files implement (e.g. email.rs, sms.rs):00001	P02005	hard-negative		design-conformance-corpus	payments-rs/neg-migration	design-family-bypass	
natural:human-python-3201428116-2731966064:shipped-escapes:1	P02006	natural	human-python-3201428116-2731966064			shipped-escapes	human-python-3201428116-2731966064:shipped-escapes:1
natural:human-python-3338367670-2869308081:ruff-python-swallowed:85	P02007	natural	human-python-3338367670-2869308081			ruff-python-swallowed	human-python-3338367670-2869308081:ruff-python-swallowed:85
natural:human-python-3431634736-2875708814:ruff-python-swallowed:3	P02008	natural	human-python-3431634736-2875708814			ruff-python-swallowed	human-python-3431634736-2875708814:ruff-python-swallowed:3
natural:agent-python-3277187585:ruff-python-injection:3	P02009	natural	agent-python-3277187585			ruff-python-injection	agent-python-3277187585:ruff-python-injection:3
natural:human-python-3338367670-2869308081:ruff-python-swallowed:5	P02010	natural	human-python-3338367670-2869308081			ruff-python-swallowed	human-python-3338367670-2869308081:ruff-python-swallowed:5
natural:agent-rust-3531565119:shipped-dead-symbols:1	P02011	natural	agent-rust-3531565119			shipped-dead-symbols	agent-rust-3531565119:shipped-dead-symbols:1
natural:agent-python-3527845500:ruff-python-swallowed:13	P02012	natural	agent-python-3527845500			ruff-python-swallowed	agent-python-3527845500:ruff-python-swallowed:13
natural:agent-python-3327267830:shipped-test-skip:88	P02013	natural	agent-python-3327267830			shipped-test-skip	agent-python-3327267830:shipped-test-skip:88
natural:agent-typescript-3437109293:design-family-bypass:6	P02014	natural	agent-typescript-3437109293			design-family-bypass	agent-typescript-3437109293:design-family-bypass:6
natural:agent-python-3327267830:shipped-escapes:37	P02015	natural	agent-python-3327267830			shipped-escapes	agent-python-3327267830:shipped-escapes:37
hard-negative:pilot-public-api:w1298:shipped-public-api:w1298	P02016	hard-negative		pilot-public-api	w1298	shipped-public-api	
hard-negative:pilot-public-api:w556:shipped-public-api:w556	P02017	hard-negative		pilot-public-api	w556	shipped-public-api	
natural:human-python-3288751740-2848154600:ruff-python-swallowed:10	P02018	natural	human-python-3288751740-2848154600			ruff-python-swallowed	human-python-3288751740-2848154600:ruff-python-swallowed:10
natural:human-python-3260236912-2597771531:new-direct-dependency:16	P02019	natural	human-python-3260236912-2597771531			new-direct-dependency	human-python-3260236912-2597771531:new-direct-dependency:16
natural:agent-python-3327267830:ruff-python-swallowed:2	P02020	natural	agent-python-3327267830			ruff-python-swallowed	agent-python-3327267830:ruff-python-swallowed:2
natural:agent-typescript-3519641294:shipped-escapes:13	P02021	natural	agent-typescript-3519641294			shipped-escapes	agent-typescript-3519641294:shipped-escapes:13
natural:agent-python-3338367670:ruff-python-swallowed:29	P02022	natural	agent-python-3338367670			ruff-python-swallowed	agent-python-3338367670:ruff-python-swallowed:29
natural:agent-typescript-3391967160:shipped-escapes:29	P02023	natural	agent-typescript-3391967160			shipped-escapes	agent-typescript-3391967160:shipped-escapes:29
natural:agent-python-3260236912:error-broad-handler:1	P02024	natural	agent-python-3260236912			error-broad-handler	agent-python-3260236912:error-broad-handler:1
natural:agent-typescript-3437109293:shipped-test-skip:16	P02025	natural	agent-typescript-3437109293			shipped-test-skip	agent-typescript-3437109293:shipped-test-skip:16
natural:human-python-3078818623-2538909715:ruff-python-swallowed:13	P02026	natural	human-python-3078818623-2538909715			ruff-python-swallowed	human-python-3078818623-2538909715:ruff-python-swallowed:13
natural:agent-python-3327267830:ruff-python-swallowed:44	P02027	natural	agent-python-3327267830			ruff-python-swallowed	agent-python-3327267830:ruff-python-swallowed:44
natural:agent-typescript-3437109293:shipped-escapes:38	P02028	natural	agent-typescript-3437109293			shipped-escapes	agent-typescript-3437109293:shipped-escapes:38
natural:human-python-3478506066-2888257815:ruff-python-swallowed:157	P02029	natural	human-python-3478506066-2888257815			ruff-python-swallowed	human-python-3478506066-2888257815:ruff-python-swallowed:157
natural:agent-typescript-3034754393:shipped-escapes:1	P02030	natural	agent-typescript-3034754393			shipped-escapes	agent-typescript-3034754393:shipped-escapes:1
natural:agent-python-3260236912:shipped-escapes:1	P02031	natural	agent-python-3260236912			shipped-escapes	agent-python-3260236912:shipped-escapes:1
natural:agent-rust-3465103781:shipped-module-cycle:3	P02032	natural	agent-rust-3465103781			shipped-module-cycle	agent-rust-3465103781:shipped-module-cycle:3
natural:agent-typescript-3437109293:shipped-escapes:42	P02033	natural	agent-typescript-3437109293			shipped-escapes	agent-typescript-3437109293:shipped-escapes:42
hard-negative:pilot-public-api:w1210:shipped-public-api:w1210	P02034	hard-negative		pilot-public-api	w1210	shipped-public-api	
natural:agent-rust-3187718516:new-direct-dependency:8	P02035	natural	agent-rust-3187718516			new-direct-dependency	agent-rust-3187718516:new-direct-dependency:8
natural:agent-typescript-3437109293:shipped-escapes:44	P02036	natural	agent-typescript-3437109293			shipped-escapes	agent-typescript-3437109293:shipped-escapes:44
natural:agent-python-3327267830:shipped-test-skip:96	P02037	natural	agent-python-3327267830			shipped-test-skip	agent-python-3327267830:shipped-test-skip:96
natural:agent-python-3327267830:shipped-test-skip:139	P02038	natural	agent-python-3327267830			shipped-test-skip	agent-python-3327267830:shipped-test-skip:139
natural:agent-typescript-3437109293:design-family-bypass:2	P02039	natural	agent-typescript-3437109293			design-family-bypass	agent-typescript-3437109293:design-family-bypass:2
natural:agent-python-3467152502:ruff-python-swallowed:9	P02040	natural	agent-python-3467152502			ruff-python-swallowed	agent-python-3467152502:ruff-python-swallowed:9
natural:agent-python-3277187585:ruff-python-injection:1	P02041	natural	agent-python-3277187585			ruff-python-injection	agent-python-3277187585:ruff-python-injection:1
natural:agent-python-3327267830:shipped-test-skip:34	P02042	natural	agent-python-3327267830			shipped-test-skip	agent-python-3327267830:shipped-test-skip:34
natural:human-python-3338367670-2869308081:ruff-python-swallowed:78	P02043	natural	human-python-3338367670-2869308081			ruff-python-swallowed	human-python-3338367670-2869308081:ruff-python-swallowed:78
natural:agent-python-3527845500:ruff-python-swallowed:11	P02044	natural	agent-python-3527845500			ruff-python-swallowed	agent-python-3527845500:ruff-python-swallowed:11
natural:agent-rust-3187718516:test-new-unchecked:12	P02045	natural	agent-rust-3187718516			test-new-unchecked	agent-rust-3187718516:test-new-unchecked:12
natural:human-python-3478506066-2888257815:ruff-python-swallowed:119	P02046	natural	human-python-3478506066-2888257815			ruff-python-swallowed	human-python-3478506066-2888257815:ruff-python-swallowed:119
natural:agent-typescript-3357327691:shipped-module-cycle:1	P02047	natural	agent-typescript-3357327691			shipped-module-cycle	agent-typescript-3357327691:shipped-module-cycle:1
natural:human-python-3288751740-2848154600:ruff-python-swallowed:8	P02048	natural	human-python-3288751740-2848154600			ruff-python-swallowed	human-python-3288751740-2848154600:ruff-python-swallowed:8
natural:agent-python-3376791991:shipped-test-skip:5	P02049	natural	agent-python-3376791991			shipped-test-skip	agent-python-3376791991:shipped-test-skip:5
natural:agent-python-3327267830:shipped-test-skip:14	P02050	natural	agent-python-3327267830			shipped-test-skip	agent-python-3327267830:shipped-test-skip:14
natural:agent-python-3338367670:ruff-python-swallowed:64	P02051	natural	agent-python-3338367670			ruff-python-swallowed	agent-python-3338367670:ruff-python-swallowed:64
natural:agent-python-3431634736:ruff-python-swallowed:7	P02052	natural	agent-python-3431634736			ruff-python-swallowed	agent-python-3431634736:ruff-python-swallowed:7
natural:agent-rust-3465103781:shipped-module-cycle:5	P02053	natural	agent-rust-3465103781			shipped-module-cycle	agent-rust-3465103781:shipped-module-cycle:5
natural:agent-rust-3187718516:shipped-stubs:1	P02054	natural	agent-rust-3187718516			shipped-stubs	agent-rust-3187718516:shipped-stubs:1
natural:human-rust-3303211080-2730099339:new-direct-dependency:9	P02055	natural	human-rust-3303211080-2730099339			new-direct-dependency	human-rust-3303211080-2730099339:new-direct-dependency:9
natural:human-python-3478506066-2888257815:ruff-python-swallowed:113	P02056	natural	human-python-3478506066-2888257815			ruff-python-swallowed	human-python-3478506066-2888257815:ruff-python-swallowed:113
natural:agent-typescript-3437109293:shipped-test-skip:18	P02057	natural	agent-typescript-3437109293			shipped-test-skip	agent-typescript-3437109293:shipped-test-skip:18
hard-negative:pilot-escapes:w2364:shipped-escapes:w2364	P02058	hard-negative		pilot-escapes	w2364	shipped-escapes	
hard-negative:pilot-escapes:w2591:shipped-escapes:w2591	P02059	hard-negative		pilot-escapes	w2591	shipped-escapes	
natural:agent-python-3327267830:shipped-escapes:47	P02060	natural	agent-python-3327267830			shipped-escapes	agent-python-3327267830:shipped-escapes:47
natural:agent-python-3327267830:shipped-test-skip:143	P02061	natural	agent-python-3327267830			shipped-test-skip	agent-python-3327267830:shipped-test-skip:143
natural:agent-rust-3187718516:shipped-escapes:3	P02062	natural	agent-rust-3187718516			shipped-escapes	agent-rust-3187718516:shipped-escapes:3
natural:human-python-3478506066-2888257815:ruff-python-swallowed:139	P02063	natural	human-python-3478506066-2888257815			ruff-python-swallowed	human-python-3478506066-2888257815:ruff-python-swallowed:139
natural:agent-typescript-3391967160:shipped-escapes:27	P02064	natural	agent-typescript-3391967160			shipped-escapes	agent-typescript-3391967160:shipped-escapes:27
natural:agent-rust-3541394251:design-wrapper-bypass:1	P02065	natural	agent-rust-3541394251			design-wrapper-bypass	agent-rust-3541394251:design-wrapper-bypass:1
natural:agent-python-3327267830:shipped-escapes:30	P02066	natural	agent-python-3327267830			shipped-escapes	agent-python-3327267830:shipped-escapes:30
natural:agent-typescript-3519641294:shipped-escapes:17	P02067	natural	agent-typescript-3519641294			shipped-escapes	agent-typescript-3519641294:shipped-escapes:17
natural:agent-python-3327267830:shipped-escapes:28	P02068	natural	agent-python-3327267830			shipped-escapes	agent-python-3327267830:shipped-escapes:28
natural:agent-python-3327267830:shipped-test-skip:132	P02069	natural	agent-python-3327267830			shipped-test-skip	agent-python-3327267830:shipped-test-skip:132
hard-negative:pilot-public-api:w1748:shipped-public-api:w1748	P02070	hard-negative		pilot-public-api	w1748	shipped-public-api	
natural:agent-rust-3187718516:test-new-unchecked:10	P02071	natural	agent-rust-3187718516			test-new-unchecked	agent-rust-3187718516:test-new-unchecked:10
natural:agent-python-3327267830:shipped-escapes:59	P02072	natural	agent-python-3327267830			shipped-escapes	agent-python-3327267830:shipped-escapes:59
natural:human-python-3478506066-2888257815:ruff-python-swallowed:53	P02073	natural	human-python-3478506066-2888257815			ruff-python-swallowed	human-python-3478506066-2888257815:ruff-python-swallowed:53
natural:agent-rust-3534175512:shipped-dead-symbols:7	P02074	natural	agent-rust-3534175512			shipped-dead-symbols	agent-rust-3534175512:shipped-dead-symbols:7
natural:agent-typescript-3131982797:shipped-escapes:1	P02075	natural	agent-typescript-3131982797			shipped-escapes	agent-typescript-3131982797:shipped-escapes:1
natural:agent-typescript-3391967160:shipped-escapes:9	P02076	natural	agent-typescript-3391967160			shipped-escapes	agent-typescript-3391967160:shipped-escapes:9
natural:agent-python-3435741365:shipped-test-skip:1	P02077	natural	agent-python-3435741365			shipped-test-skip	agent-python-3435741365:shipped-test-skip:1
natural:human-python-3478506066-2888257815:ruff-python-swallowed:175	P02078	natural	human-python-3478506066-2888257815			ruff-python-swallowed	human-python-3478506066-2888257815:ruff-python-swallowed:175
natural:agent-python-3338367670:ruff-python-swallowed:14	P02079	natural	agent-python-3338367670			ruff-python-swallowed	agent-python-3338367670:ruff-python-swallowed:14
natural:human-typescript-3286267234-2715577169:shipped-test-skip:2	P02080	natural	human-typescript-3286267234-2715577169			shipped-test-skip	human-typescript-3286267234-2715577169:shipped-test-skip:2
natural:agent-python-3327267830:shipped-escapes:107	P02081	natural	agent-python-3327267830			shipped-escapes	agent-python-3327267830:shipped-escapes:107
natural:human-rust-3070149818-2405390894:shipped-test-skip:4	P02082	natural	human-rust-3070149818-2405390894			shipped-test-skip	human-rust-3070149818-2405390894:shipped-test-skip:4
natural:agent-python-3327267830:shipped-test-skip:104	P02083	natural	agent-python-3327267830			shipped-test-skip	agent-python-3327267830:shipped-test-skip:104
natural:human-python-3478506066-2888257815:ruff-python-swallowed:29	P02084	natural	human-python-3478506066-2888257815			ruff-python-swallowed	human-python-3478506066-2888257815:ruff-python-swallowed:29
natural:agent-python-3338367670:ruff-python-swallowed:78	P02085	natural	agent-python-3338367670			ruff-python-swallowed	agent-python-3338367670:ruff-python-swallowed:78
natural:agent-python-3338367670:ruff-python-swallowed:92	P02086	natural	agent-python-3338367670			ruff-python-swallowed	agent-python-3338367670:ruff-python-swallowed:92
natural:human-python-3338367670-2869308081:ruff-python-swallowed:174	P02087	natural	human-python-3338367670-2869308081			ruff-python-swallowed	human-python-3338367670-2869308081:ruff-python-swallowed:174
natural:agent-typescript-3437109293:shipped-test-skip:2	P02088	natural	agent-typescript-3437109293			shipped-test-skip	agent-typescript-3437109293:shipped-test-skip:2
natural:agent-python-3327267830:shipped-test-skip:20	P02089	natural	agent-python-3327267830			shipped-test-skip	agent-python-3327267830:shipped-test-skip:20
natural:human-typescript-3332391124-2701990016:new-direct-dependency:4	P02090	natural	human-typescript-3332391124-2701990016			new-direct-dependency	human-typescript-3332391124-2701990016:new-direct-dependency:4
natural:agent-typescript-2836523710:new-direct-dependency:13	P02091	natural	agent-typescript-2836523710			new-direct-dependency	agent-typescript-2836523710:new-direct-dependency:13
natural:human-typescript-3182983420-2724644741:shipped-escapes:21	P02092	natural	human-typescript-3182983420-2724644741			shipped-escapes	human-typescript-3182983420-2724644741:shipped-escapes:21
natural:agent-python-3327267830:shipped-test-skip:91	P02093	natural	agent-python-3327267830			shipped-test-skip	agent-python-3327267830:shipped-test-skip:91
natural:agent-python-3327267830:shipped-test-skip:79	P02094	natural	agent-python-3327267830			shipped-test-skip	agent-python-3327267830:shipped-test-skip:79
natural:agent-python-3327267830:shipped-escapes:141	P02095	natural	agent-python-3327267830			shipped-escapes	agent-python-3327267830:shipped-escapes:141
natural:agent-typescript-3391967160:shipped-test-skip:40	P02096	natural	agent-typescript-3391967160			shipped-test-skip	agent-typescript-3391967160:shipped-test-skip:40
natural:agent-python-3327267830:shipped-test-skip:114	P02097	natural	agent-python-3327267830			shipped-test-skip	agent-python-3327267830:shipped-test-skip:114
natural:agent-python-3327267830:shipped-escapes:145	P02098	natural	agent-python-3327267830			shipped-escapes	agent-python-3327267830:shipped-escapes:145
natural:human-python-3467152502-2897921621:ruff-python-swallowed:16	P02099	natural	human-python-3467152502-2897921621			ruff-python-swallowed	human-python-3467152502-2897921621:ruff-python-swallowed:16
natural:human-typescript-3332391124-2701990016:shipped-escapes:7	P02100	natural	human-typescript-3332391124-2701990016			shipped-escapes	human-typescript-3332391124-2701990016:shipped-escapes:7
natural:agent-python-3327267830:shipped-escapes:62	P02101	natural	agent-python-3327267830			shipped-escapes	agent-python-3327267830:shipped-escapes:62
natural:agent-typescript-3391967160:shipped-escapes:33	P02102	natural	agent-typescript-3391967160			shipped-escapes	agent-typescript-3391967160:shipped-escapes:33
natural:human-python-3478506066-2888257815:ruff-python-swallowed:90	P02103	natural	human-python-3478506066-2888257815			ruff-python-swallowed	human-python-3478506066-2888257815:ruff-python-swallowed:90
natural:agent-rust-3303211080:new-direct-dependency:7	P02104	natural	agent-rust-3303211080			new-direct-dependency	agent-rust-3303211080:new-direct-dependency:7
natural:agent-python-3327267830:shipped-escapes:31	P02105	natural	agent-python-3327267830			shipped-escapes	agent-python-3327267830:shipped-escapes:31
natural:agent-python-3338367670:ruff-python-swallowed:40	P02106	natural	agent-python-3338367670			ruff-python-swallowed	agent-python-3338367670:ruff-python-swallowed:40
hard-negative:pilot-public-api:w280:shipped-public-api:w280	P02107	hard-negative		pilot-public-api	w280	shipped-public-api	
natural:human-python-3467152502-2897921621:ruff-python-swallowed:19	P02108	natural	human-python-3467152502-2897921621			ruff-python-swallowed	human-python-3467152502-2897921621:ruff-python-swallowed:19
natural:human-python-3478506066-2888257815:ruff-python-swallowed:36	P02109	natural	human-python-3478506066-2888257815			ruff-python-swallowed	human-python-3478506066-2888257815:ruff-python-swallowed:36
natural:agent-python-3327267830:shipped-escapes:113	P02110	natural	agent-python-3327267830			shipped-escapes	agent-python-3327267830:shipped-escapes:113
natural:human-python-3478506066-2888257815:ruff-python-swallowed:118	P02111	natural	human-python-3478506066-2888257815			ruff-python-swallowed	human-python-3478506066-2888257815:ruff-python-swallowed:118
natural:agent-typescript-3519641294:shipped-escapes:11	P02112	natural	agent-typescript-3519641294			shipped-escapes	agent-typescript-3519641294:shipped-escapes:11
natural:human-python-3478506066-2888257815:ruff-python-swallowed:49	P02113	natural	human-python-3478506066-2888257815			ruff-python-swallowed	human-python-3478506066-2888257815:ruff-python-swallowed:49
natural:agent-typescript-2836523710:new-direct-dependency:6	P02114	natural	agent-typescript-2836523710			new-direct-dependency	agent-typescript-2836523710:new-direct-dependency:6
hard-negative:pilot-complexity:w908:shipped-complexity:w908	P02115	hard-negative		pilot-complexity	w908	shipped-complexity	
natural:human-python-3260236912-2597771531:new-direct-dependency:3	P02116	natural	human-python-3260236912-2597771531			new-direct-dependency	human-python-3260236912-2597771531:new-direct-dependency:3
natural:agent-typescript-3391967160:shipped-test-skip:45	P02117	natural	agent-typescript-3391967160			shipped-test-skip	agent-typescript-3391967160:shipped-test-skip:45
natural:agent-python-3376791991:shipped-escapes:21	P02118	natural	agent-python-3376791991			shipped-escapes	agent-python-3376791991:shipped-escapes:21
natural:human-typescript-3182983420-2724644741:shipped-test-skip:11	P02119	natural	human-typescript-3182983420-2724644741			shipped-test-skip	human-typescript-3182983420-2724644741:shipped-test-skip:11
natural:agent-python-3327267830:shipped-escapes:43	P02120	natural	agent-python-3327267830			shipped-escapes	agent-python-3327267830:shipped-escapes:43
natural:human-python-3478506066-2888257815:ruff-python-swallowed:165	P02121	natural	human-python-3478506066-2888257815			ruff-python-swallowed	human-python-3478506066-2888257815:ruff-python-swallowed:165
natural:agent-python-3338367670:ruff-python-swallowed:66	P02122	natural	agent-python-3338367670			ruff-python-swallowed	agent-python-3338367670:ruff-python-swallowed:66
natural:agent-python-3478506066:ruff-python-swallowed:26	P02123	natural	agent-python-3478506066			ruff-python-swallowed	agent-python-3478506066:ruff-python-swallowed:26
natural:human-typescript-3286267234-2715577169:shipped-escapes:1	P02124	natural	human-typescript-3286267234-2715577169			shipped-escapes	human-typescript-3286267234-2715577169:shipped-escapes:1
natural:human-python-3338367670-2869308081:ruff-python-swallowed:115	P02125	natural	human-python-3338367670-2869308081			ruff-python-swallowed	human-python-3338367670-2869308081:ruff-python-swallowed:115
natural:agent-python-3338367670:ruff-python-swallowed:89	P02126	natural	agent-python-3338367670			ruff-python-swallowed	agent-python-3338367670:ruff-python-swallowed:89
natural:human-python-3203515928-2644838880:ruff-python-swallowed:5	P02127	natural	human-python-3203515928-2644838880			ruff-python-swallowed	human-python-3203515928-2644838880:ruff-python-swallowed:5
natural:agent-python-3327267830:shipped-escapes:12	P02128	natural	agent-python-3327267830			shipped-escapes	agent-python-3327267830:shipped-escapes:12
natural:agent-typescript-3437109293:shipped-escapes:31	P02129	natural	agent-typescript-3437109293			shipped-escapes	agent-typescript-3437109293:shipped-escapes:31
natural:human-python-3338367670-2869308081:ruff-python-injection:7	P02130	natural	human-python-3338367670-2869308081			ruff-python-injection	human-python-3338367670-2869308081:ruff-python-injection:7
natural:human-python-3478506066-2888257815:ruff-python-swallowed:84	P02131	natural	human-python-3478506066-2888257815			ruff-python-swallowed	human-python-3478506066-2888257815:ruff-python-swallowed:84
hard-negative:pilot-public-api:w2040:shipped-public-api:w2040	P02132	hard-negative		pilot-public-api	w2040	shipped-public-api	
natural:human-python-3338367670-2869308081:ruff-python-swallowed:180	P02133	natural	human-python-3338367670-2869308081			ruff-python-swallowed	human-python-3338367670-2869308081:ruff-python-swallowed:180
natural:agent-typescript-3332391124:design-component-cycle:2	P02134	natural	agent-typescript-3332391124			design-component-cycle	agent-typescript-3332391124:design-component-cycle:2
natural:human-python-3338367670-2869308081:ruff-python-swallowed:81	P02135	natural	human-python-3338367670-2869308081			ruff-python-swallowed	human-python-3338367670-2869308081:ruff-python-swallowed:81
hard-negative:pilot-public-api:w1613:shipped-public-api:w1613	P02136	hard-negative		pilot-public-api	w1613	shipped-public-api	
natural:human-python-3467152502-2897921621:ruff-python-swallowed:10	P02137	natural	human-python-3467152502-2897921621			ruff-python-swallowed	human-python-3467152502-2897921621:ruff-python-swallowed:10
natural:agent-python-3478506066:ruff-python-swallowed:22	P02138	natural	agent-python-3478506066			ruff-python-swallowed	agent-python-3478506066:ruff-python-swallowed:22
natural:agent-python-3492994182:shipped-stubs:1	P02139	natural	agent-python-3492994182			shipped-stubs	agent-python-3492994182:shipped-stubs:1
hard-negative:pilot-complexity:w2400:shipped-complexity:w2400	P02140	hard-negative		pilot-complexity	w2400	shipped-complexity	
natural:human-python-3203515928-2644838880:ruff-python-swallowed:4	P02141	natural	human-python-3203515928-2644838880			ruff-python-swallowed	human-python-3203515928-2644838880:ruff-python-swallowed:4
natural:human-python-3288751740-2848154600:shipped-escapes:1	P02142	natural	human-python-3288751740-2848154600			shipped-escapes	human-python-3288751740-2848154600:shipped-escapes:1
natural:human-python-3338367670-2869308081:ruff-python-swallowed:13	P02143	natural	human-python-3338367670-2869308081			ruff-python-swallowed	human-python-3338367670-2869308081:ruff-python-swallowed:13
natural:agent-typescript-3519641294:shipped-escapes:18	P02144	natural	agent-typescript-3519641294			shipped-escapes	agent-typescript-3519641294:shipped-escapes:18
natural:agent-python-3327267830:shipped-test-skip:37	P02145	natural	agent-python-3327267830			shipped-test-skip	agent-python-3327267830:shipped-test-skip:37
natural:human-python-3478506066-2888257815:ruff-python-swallowed:195	P02146	natural	human-python-3478506066-2888257815			ruff-python-swallowed	human-python-3478506066-2888257815:ruff-python-swallowed:195
natural:agent-rust-3187718516:shipped-public-api:1	P02147	natural	agent-rust-3187718516			shipped-public-api	agent-rust-3187718516:shipped-public-api:1
natural:human-python-3338367670-2869308081:ruff-python-swallowed:95	P02148	natural	human-python-3338367670-2869308081			ruff-python-swallowed	human-python-3338367670-2869308081:ruff-python-swallowed:95
natural:agent-rust-3220390592:shipped-stubs:1	P02149	natural	agent-rust-3220390592			shipped-stubs	agent-rust-3220390592:shipped-stubs:1
natural:agent-typescript-3437109293:shipped-test-skip:12	P02150	natural	agent-typescript-3437109293			shipped-test-skip	agent-typescript-3437109293:shipped-test-skip:12
natural:agent-python-3327267830:shipped-test-skip:150	P02151	natural	agent-python-3327267830			shipped-test-skip	agent-python-3327267830:shipped-test-skip:150
hard-negative:test-integrity-corpus:integrity-ts/neg-chai-property:test-new-unchecked:new-test-unchecked:none:src/slug.test.ts:23:00001	P02152	hard-negative		test-integrity-corpus	integrity-ts/neg-chai-property	test-new-unchecked	
natural:agent-typescript-3519641294:shipped-test-skip:10	P02153	natural	agent-typescript-3519641294			shipped-test-skip	agent-typescript-3519641294:shipped-test-skip:10
natural:agent-typescript-3519641294:shipped-escapes:20	P02154	natural	agent-typescript-3519641294			shipped-escapes	agent-typescript-3519641294:shipped-escapes:20
natural:human-python-3478506066-2888257815:ruff-python-swallowed:65	P02155	natural	human-python-3478506066-2888257815			ruff-python-swallowed	human-python-3478506066-2888257815:ruff-python-swallowed:65
natural:agent-typescript-3391967160:shipped-test-skip:20	P02156	natural	agent-typescript-3391967160			shipped-test-skip	agent-typescript-3391967160:shipped-test-skip:20
natural:human-python-3338367670-2869308081:ruff-python-swallowed:148	P02157	natural	human-python-3338367670-2869308081			ruff-python-swallowed	human-python-3338367670-2869308081:ruff-python-swallowed:148
natural:human-python-3478506066-2888257815:ruff-python-swallowed:93	P02158	natural	human-python-3478506066-2888257815			ruff-python-swallowed	human-python-3478506066-2888257815:ruff-python-swallowed:93
natural:agent-python-3431634736:ruff-python-swallowed:18	P02159	natural	agent-python-3431634736			ruff-python-swallowed	agent-python-3431634736:ruff-python-swallowed:18
natural:agent-python-3327267830:shipped-escapes:114	P02160	natural	agent-python-3327267830			shipped-escapes	agent-python-3327267830:shipped-escapes:114
